tloss_s_step,w_accuracy_step,w_stability_step,trainer/global_step,_runtime,_step,tloss_a_step,tloss_step,epoch,_timestamp,tloss_s_epoch,tloss_epoch,w_accuracy_epoch,tloss_a_epoch,w_stability_epoch,sMAPE,RMSSE,RMSSC,sMAPC
0.5597244501113892,1.0,0.0,49,23.920640585,0,1.6941931247711182,1.6941931247711182,0,1778434799.2171996,,,,,,,,,
,,,92,42.011153949,1,,,0,1778434817.3078215,0.5068856477737427,1.8035414218902588,1.0,1.8035414218902588,0.0,,,,
0.5492054224014282,1.0,0.0,99,48.522193538,2,1.324272871017456,1.324272871017456,1,1778434823.8189278,,,,,,,,,
0.5244051218032837,1.0,0.0,149,68.128893644,3,1.4997949600219727,1.4997949600219727,1,1778434843.4255965,,,,,,,,,
,,,185,83.69605868,4,,,1,1778434858.9927173,0.5780818462371826,1.4777107238769531,1.0,1.4777107238769531,0.0,,,,
0.560163676738739,1.0,0.0,199,93.056300325,5,1.4184905290603638,1.4184905290603638,2,1778434868.3529687,,,,,,,,,
0.5705758333206177,1.0,0.0,249,112.526031376,6,1.438493013381958,1.438493013381958,2,1778434887.8227594,,,,,,,,,
,,,278,125.361683974,7,,,2,1778434900.6583827,0.5755639672279358,1.439985990524292,1.0,1.439985990524292,0.0,,,,
0.5712518692016602,1.0,0.0,299,137.319158504,8,1.4682401418685913,1.4682401418685913,3,1778434912.6158774,,,,,,,,,
0.5954563617706299,1.0,0.0,349,156.843592906,9,1.363525629043579,1.363525629043579,3,1778434932.140207,,,,,,,,,
,,,371,166.980734082,10,,,3,1778434942.2774339,0.5770915150642395,1.386332392692566,1.0,1.386332392692566,0.0,,,,
0.568932831287384,1.0,0.0,399,181.872337261,11,1.3363243341445923,1.3363243341445923,4,1778434957.169078,,,,,,,,,
0.5618472099304199,1.0,0.0,449,201.324233968,12,1.2882869243621826,1.2882869243621826,4,1778434976.6209311,,,,,,,,,
,,,464,208.762005803,13,,,4,1778434984.0586402,0.5755171179771423,1.3713901042938232,1.0,1.3713901042938232,0.0,,,,
0.5303192734718323,1.0,0.0,499,226.193935071,14,1.2981398105621338,1.2981398105621338,5,1778435001.4906163,,,,,,,,,
0.5748445987701416,1.0,0.0,549,245.68580437,15,1.27723228931427,1.27723228931427,5,1778435020.9824893,,,,,,,,,
,,,557,250.304271289,16,,,5,1778435025.600973,0.5711359977722168,1.3382999897003174,1.0,1.3382999897003174,0.0,,,,
0.5885435938835144,1.0,0.0,599,270.59225842,17,1.2736953496932983,1.2736953496932983,6,1778435045.889116,,,,,,,,,
0.5863406658172607,1.0,0.0,649,290.034484231,18,1.3163025379180908,1.3163025379180908,6,1778435065.3311763,,,,,,,,,
,,,650,292.054262655,19,,,6,1778435067.3509877,0.5756087899208069,1.3496463298797607,1.0,1.3496463298797607,0.0,,,,
0.6078794002532959,1.0,0.0,699,315.371868337,20,1.3009848594665527,1.3009848594665527,7,1778435090.668567,,,,,,,,,
,,,743,334.397079474,21,,,7,1778435109.6936712,0.5690665245056152,1.317115068435669,1.0,1.317115068435669,0.0,,,,
0.5923746228218079,1.0,0.0,749,340.991142455,22,1.3546018600463867,1.3546018600463867,8,1778435116.2878234,,,,,,,,,
0.6102031469345093,1.0,0.0,799,360.499162187,23,1.3863868713378906,1.3863868713378906,8,1778435135.7958846,,,,,,,,,
,,,836,376.680097487,24,,,8,1778435151.9768014,0.5737334489822388,1.3157005310058594,1.0,1.3157005310058594,0.0,,,,
0.539330244064331,1.0,0.0,849,385.658146365,25,1.340749740600586,1.340749740600586,9,1778435160.9548347,,,,,,,,,
0.5983195304870605,1.0,0.0,899,404.868022122,26,1.255453109741211,1.255453109741211,9,1778435180.1646676,,,,,,,,,
,,,929,418.423600037,27,,,9,1778435193.7201273,0.5708562135696411,1.290820598602295,1.0,1.290820598602295,0.0,,,,
0.5431385040283203,1.0,0.0,949,430.124847073,28,1.301685094833374,1.301685094833374,10,1778435205.4214635,,,,,,,,,
0.564301609992981,1.0,0.0,999,449.952657932,29,1.2946174144744873,1.2946174144744873,10,1778435225.2493455,,,,,,,,,
,,,1022,460.362048572,30,,,10,1778435235.6586685,0.5582699179649353,1.3008021116256714,1.0,1.3008021116256714,0.0,,,,
0.555684506893158,1.0,0.0,1049,474.843059297,31,1.4565694332122803,1.4565694332122803,11,1778435250.1397383,,,,,,,,,
0.6533459424972534,1.0,0.0,1099,494.117474452,32,1.3197226524353027,1.3197226524353027,11,1778435269.4142041,,,,,,,,,
,,,1115,501.930251119,33,,,11,1778435277.2269123,0.5654492378234863,1.2905185222625732,1.0,1.2905185222625732,0.0,,,,
0.6436388492584229,1.0,0.0,1149,519.213348422,34,1.291365146636963,1.291365146636963,12,1778435294.510061,,,,,,,,,
0.555848240852356,1.0,0.0,1199,538.484528754,35,1.2169547080993652,1.2169547080993652,12,1778435313.7812197,,,,,,,,,
,,,1208,543.720008452,36,,,12,1778435319.0165453,0.5780774354934692,1.2870047092437744,1.0,1.2870047092437744,0.0,,,,
0.5538920164108276,1.0,0.0,1249,563.644442495,37,1.2451906204223633,1.2451906204223633,13,1778435338.9413276,,,,,,,,,
0.5445411205291748,1.0,0.0,1299,582.962692067,38,1.1493967771530151,1.1493967771530151,13,1778435358.259238,,,,,,,,,
,,,1301,585.350762398,39,,,13,1778435360.6476274,0.573982298374176,1.2834144830703735,1.0,1.2834144830703735,0.0,,,,
0.6145244240760803,1.0,0.0,1349,607.903855245,40,1.3710134029388428,1.3710134029388428,14,1778435383.2006054,,,,,,,,,
,,,1394,626.873431841,41,,,14,1778435402.1700976,0.5675725340843201,1.29250967502594,1.0,1.29250967502594,0.0,,,,
0.5470116138458252,1.0,0.0,1399,632.686087527,42,1.252152681350708,1.252152681350708,15,1778435407.9828088,,,,,,,,,
0.5434122681617737,1.0,0.0,1449,652.058687471,43,1.20967698097229,1.20967698097229,15,1778435427.3554943,,,,,,,,,
,,,1487,668.194820873,44,,,15,1778435443.4915748,0.5720525979995728,1.2787175178527832,1.0,1.2787175178527832,0.0,,,,
0.5315069556236267,1.0,0.0,1499,676.784299228,45,1.3062803745269775,1.3062803745269775,16,1778435452.0812185,,,,,,,,,
0.5987660884857178,1.0,0.0,1549,695.982231762,46,1.357092261314392,1.357092261314392,16,1778435471.2789662,,,,,,,,,
,,,1580,709.70921408,47,,,16,1778435485.005902,0.568693995475769,1.2743802070617676,1.0,1.2743802070617676,0.0,,,,
0.5713513493537903,1.0,0.0,1599,720.918103521,48,1.1490020751953125,1.1490020751953125,17,1778435496.214952,,,,,,,,,
0.5906949043273926,1.0,0.0,1649,740.266264546,49,1.2778313159942627,1.2778313159942627,17,1778435515.5630734,,,,,,,,,
,,,1673,750.995565605,50,,,17,1778435526.292372,0.5619413256645203,1.2682256698608398,1.0,1.2682256698608398,0.0,,,,
0.5163912773132324,1.0,0.0,1699,765.023181318,51,1.2678556442260742,1.2678556442260742,18,1778435540.319994,,,,,,,,,
0.5528678297996521,1.0,0.0,1749,784.391099388,52,1.3038601875305176,1.3038601875305176,18,1778435559.6879933,,,,,,,,,
,,,1766,792.534509225,53,,,18,1778435567.8312612,0.5633149147033691,1.2692461013793945,1.0,1.2692461013793945,0.0,,,,
0.5200707912445068,1.0,0.0,1799,809.298736371,54,1.3636360168457031,1.3636360168457031,19,1778435584.59548,,,,,,,,,
0.5466715693473816,1.0,0.0,1849,829.021657669,55,1.2259529829025269,1.2259529829025269,19,1778435604.3183324,,,,,,,,,
,,,1859,834.643762107,56,,,19,1778435609.9403572,0.5541768074035645,1.2685295343399048,1.0,1.2685295343399048,0.0,,,,
0.5503593683242798,1.0,0.0,1899,854.13533831,57,1.2999436855316162,1.2999436855316162,20,1778435629.4320445,,,,,,,,,
0.5768824219703674,1.0,0.0,1949,873.851238959,58,1.3952350616455078,1.3952350616455078,20,1778435649.1479425,,,,,,,,,
,,,1952,876.623390893,59,,,20,1778435651.920099,0.568534791469574,1.2673532962799072,1.0,1.2673532962799072,0.0,,,,
0.5685350298881531,1.0,0.0,1999,898.993750729,60,1.2992521524429321,1.2992521524429321,21,1778435674.2905364,,,,,,,,,
,,,2045,918.600681806,61,,,21,1778435693.8973927,0.5601098537445068,1.2778964042663574,1.0,1.2778964042663574,0.0,,,,
0.5533583164215088,1.0,0.0,2049,924.292563015,62,1.3544156551361084,1.3544156551361084,22,1778435699.589307,,,,,,,,,
0.5954798460006714,1.0,0.0,2099,943.69847508,63,1.2706694602966309,1.2706694602966309,22,1778435718.995172,,,,,,,,,
,,,2138,960.628453937,64,,,22,1778435735.925133,0.5698134899139404,1.263405680656433,1.0,1.263405680656433,0.0,,,,
0.6030261516571045,1.0,0.0,2149,968.939988717,65,1.3457772731781006,1.3457772731781006,23,1778435744.2365978,,,,,,,,,
0.593992292881012,1.0,0.0,2199,988.407578969,66,1.217137098312378,1.217137098312378,23,1778435763.7043316,,,,,,,,,
,,,2231,1002.530789364,67,,,23,1778435777.827447,0.5700386762619019,1.2585653066635132,1.0,1.2585653066635132,0.0,,,,
0.5775508880615234,1.0,0.0,2249,1013.697446414,68,1.196519374847412,1.196519374847412,24,1778435788.9943593,,,,,,,,,
0.5339547395706177,1.0,0.0,2299,1033.168893153,69,1.2123323678970337,1.2123323678970337,24,1778435808.4657297,,,,,,,,,
,,,2324,1044.643521405,70,,,24,1778435819.9403188,0.5691466331481934,1.2333958148956299,1.0,1.2333958148956299,0.0,,,,
0.5880576372146606,1.0,0.0,2349,1058.259911273,71,1.250360369682312,1.250360369682312,25,1778435833.5566535,,,,,,,,,
0.5543941259384155,1.0,0.0,2399,1077.93834355,72,1.238811731338501,1.238811731338501,25,1778435853.2352328,,,,,,,,,
,,,2417,1086.579171001,73,,,25,1778435861.8759403,0.5668221116065979,1.259135127067566,1.0,1.259135127067566,0.0,,,,
0.5215756297111511,1.0,0.0,2449,1103.053490183,74,1.2370579242706299,1.2370579242706299,26,1778435878.3503737,,,,,,,,,
0.5284746289253235,1.0,0.0,2499,1122.729541588,75,1.280476689338684,1.280476689338684,26,1778435898.0264285,,,,,,,,,
,,,2510,1128.717613221,76,,,26,1778435904.0143745,0.5668360590934753,1.2578575611114502,1.0,1.2578575611114502,0.0,,,,
0.5823627710342407,1.0,0.0,2549,1147.654547592,77,1.2324903011322021,1.2324903011322021,27,1778435922.9514506,,,,,,,,,
0.5765713453292847,1.0,0.0,2599,1167.058851001,78,1.304549217224121,1.304549217224121,27,1778435942.355488,,,,,,,,,
,,,2603,1170.154456963,79,,,27,1778435945.451255,0.5730854272842407,1.2483388185501099,1.0,1.2483388185501099,0.0,,,,
0.5370017886161804,1.0,0.0,2649,1191.745311257,80,1.1786816120147705,1.1786816120147705,28,1778435967.0419362,,,,,,,,,
,,,2696,1211.545173036,81,,,28,1778435986.8419201,0.5620602965354919,1.2591567039489746,1.0,1.2591567039489746,0.0,,,,
0.5590369701385498,1.0,0.0,2699,1216.59833175,82,1.2064533233642578,1.2064533233642578,29,1778435991.895222,,,,,,,,,
0.5939406156539917,1.0,0.0,2749,1236.243141712,83,1.2753037214279175,1.2753037214279175,29,1778436011.539846,,,,,,,,,
,,,2789,1253.453126449,84,,,29,1778436028.749755,0.5677874088287354,1.246771216392517,1.0,1.246771216392517,0.0,,,,
0.5274509787559509,1.0,0.0,2799,1261.15679017,85,1.3769973516464233,1.3769973516464233,30,1778436036.4535627,,,,,,,,,
0.5783481001853943,1.0,0.0,2849,1280.628080606,86,1.3112562894821167,1.3112562894821167,30,1778436055.9249504,,,,,,,,,
,,,2882,1295.161552523,87,,,30,1778436070.4580283,0.5674773454666138,1.2649178504943848,1.0,1.2649178504943848,0.0,,,,
0.5731624364852905,1.0,0.0,2899,1305.811928685,88,1.2904452085494995,1.2904452085494995,31,1778436081.108645,,,,,,,,,
0.558236837387085,1.0,0.0,2949,1325.495949429,89,1.2387573719024658,1.2387573719024658,31,1778436100.7926803,,,,,,,,,
,,,2975,1337.093969286,90,,,31,1778436112.3906748,0.5677806735038757,1.2523491382598877,1.0,1.2523491382598877,0.0,,,,
0.6063368320465088,1.0,0.0,2999,1350.417187248,91,1.185012698173523,1.185012698173523,32,1778436125.713995,,,,,,,,,
0.5275130271911621,1.0,0.0,3049,1369.65009679,92,1.1744771003723145,1.1744771003723145,32,1778436144.946875,,,,,,,,,
,,,3068,1378.78060783,93,,,32,1778436154.0772932,0.5693089365959167,1.2680754661560059,1.0,1.2680754661560059,0.0,,,,
0.5271453857421875,1.0,0.0,3099,1394.784999308,94,1.2676738500595093,1.2676738500595093,33,1778436170.0816648,,,,,,,,,
0.5620206594467163,1.0,0.0,3149,1414.429673825,95,1.2141854763031006,1.2141854763031006,33,1778436189.7264428,,,,,,,,,
,,,3161,1420.608566893,96,,,33,1778436195.9053884,0.5528551340103149,1.2334672212600708,1.0,1.2334672212600708,0.0,,,,
0.5430243015289307,1.0,0.0,3199,1439.471497468,97,1.1941053867340088,1.1941053867340088,34,1778436214.768305,,,,,,,,,
0.563686728477478,1.0,0.0,3249,1458.797648089,98,1.1722171306610107,1.1722171306610107,34,1778436234.0944748,,,,,,,,,
,,,3254,1462.533901293,99,,,34,1778436237.830629,0.5651873350143433,1.2464573383331299,1.0,1.2464573383331299,0.0,,,,
0.5871074199676514,1.0,0.0,3299,1484.068744787,100,1.2101129293441772,1.2101129293441772,35,1778436259.3654394,,,,,,,,,
,,,3347,1504.372336431,101,,,35,1778436279.6682117,0.570136547088623,1.230147123336792,1.0,1.230147123336792,0.0,,,,
0.550055742263794,1.0,0.0,3349,1509.087765572,102,1.2085094451904297,1.2085094451904297,36,1778436284.384582,,,,,,,,,
0.5965237617492676,1.0,0.0,3399,1528.753044266,103,1.2816016674041748,1.2816016674041748,36,1778436304.049877,,,,,,,,,
,,,3440,1546.408437,104,,,36,1778436321.7051075,0.5643206834793091,1.255876898765564,1.0,1.255876898765564,0.0,,,,
0.5995979905128479,1.0,0.0,3449,1553.785936834,105,1.2631409168243408,1.2631409168243408,37,1778436329.0826898,,,,,,,,,
0.5382760763168335,1.0,0.0,3499,1573.353112944,106,1.2122533321380615,1.2122533321380615,37,1778436348.6499376,,,,,,,,,
,,,3533,1588.107866036,107,,,37,1778436363.404658,0.568406343460083,1.2400028705596924,1.0,1.2400028705596924,0.0,,,,
0.6002405285835266,1.0,0.0,3549,1598.290289981,108,1.3204452991485596,1.3204452991485596,38,1778436373.5871327,,,,,,,,,
0.5694259405136108,1.0,0.0,3599,1617.785554556,109,1.2350480556488037,1.2350480556488037,38,1778436393.0824473,,,,,,,,,
,,,3626,1629.902684015,110,,,38,1778436405.1995122,0.5689898729324341,1.2467882633209229,1.0,1.2467882633209229,0.0,,,,
0.5996903777122498,1.0,0.0,3649,1642.702621171,111,1.2292253971099854,1.2292253971099854,39,1778436417.9995165,,,,,,,,,
0.5176054239273071,1.0,0.0,3699,1662.323321324,112,1.1866881847381592,1.1866881847381592,39,1778436437.620099,,,,,,,,,
,,,3719,1671.857267461,113,,,39,1778436447.1539617,0.5749772787094116,1.2444099187850952,1.0,1.2444099187850952,0.0,,,,
0.5657162666320801,1.0,0.0,3749,1687.423242437,114,1.211237907409668,1.211237907409668,40,1778436462.719889,,,,,,,,,
0.58858323097229,1.0,0.0,3799,1706.670925751,115,1.2169909477233887,1.2169909477233887,40,1778436481.9676511,,,,,,,,,
,,,3812,1713.329731368,116,,,40,1778436488.6263347,0.5701107978820801,1.2345160245895386,1.0,1.2345160245895386,0.0,,,,
0.5564728379249573,1.0,0.0,3849,1731.466529586,117,1.2167317867279053,1.2167317867279053,41,1778436506.7633607,,,,,,,,,
0.5339098572731018,1.0,0.0,3899,1750.905116468,118,1.2161332368850708,1.2161332368850708,41,1778436526.2019112,,,,,,,,,
,,,3905,1754.765707746,119,,,41,1778436530.06236,0.5697296261787415,1.2404879331588745,1.0,1.2404879331588745,0.0,,,,
0.5763598680496216,1.0,0.0,3949,1775.89595202,120,1.1746485233306885,1.1746485233306885,42,1778436551.1926296,,,,,,,,,
,,,3998,1796.373691287,121,,,42,1778436571.6703126,0.5644931793212891,1.2300032377243042,1.0,1.2300032377243042,0.0,,,,
0.5672121047973633,1.0,0.0,3999,1800.70153074,122,1.2559871673583984,1.2559871673583984,43,1778436575.9982953,,,,,,,,,
0.592046856880188,1.0,0.0,4049,1819.958499323,123,1.2570278644561768,1.2570278644561768,43,1778436595.255307,,,,,,,,,
,,,4091,1837.88296793,124,,,43,1778436613.1796215,0.5692235231399536,1.2287921905517578,1.0,1.2287921905517578,0.0,,,,
0.5493882894515991,1.0,0.0,4099,1845.023598583,125,1.182692527770996,1.182692527770996,44,1778436620.3203049,,,,,,,,,
0.5929858684539795,1.0,0.0,4149,1864.293432864,126,1.2687283754348755,1.2687283754348755,44,1778436639.5901675,,,,,,,,,
,,,4184,1879.730696008,127,,,44,1778436655.0274103,0.5626428127288818,1.233330488204956,1.0,1.233330488204956,0.0,,,,
0.5930503010749817,1.0,0.0,4199,1889.578769242,128,1.3160107135772705,1.3160107135772705,45,1778436664.875471,,,,,,,,,
0.5427647233009338,1.0,0.0,4249,1908.998463679,129,1.282562017440796,1.282562017440796,45,1778436684.2951663,,,,,,,,,
,,,4277,1921.704829484,130,,,45,1778436697.0015943,0.5523325204849243,1.2365118265151978,1.0,1.2365118265151978,0.0,,,,
0.5661760568618774,1.0,0.0,4299,1934.377568684,131,1.2629239559173584,1.2629239559173584,46,1778436709.6744254,,,,,,,,,
0.5641839504241943,1.0,0.0,4349,1953.832521324,132,1.2149648666381836,1.2149648666381836,46,1778436729.1293058,,,,,,,,,
,,,4370,1963.796609314,133,,,46,1778436739.093238,0.564132809638977,1.235159993171692,1.0,1.235159993171692,0.0,,,,
0.5549452304840088,1.0,0.0,4399,1979.104733067,134,1.2613837718963623,1.2613837718963623,47,1778436754.4016044,,,,,,,,,
0.5458799600601196,1.0,0.0,4449,1998.59143374,135,1.217210054397583,1.217210054397583,47,1778436773.8883798,,,,,,,,,
,,,4463,2005.751476358,136,,,47,1778436781.048354,0.569105863571167,1.2237437963485718,1.0,1.2237437963485718,0.0,,,,
0.5565252304077148,1.0,0.0,4499,2023.942584766,137,1.254577875137329,1.254577875137329,48,1778436799.239315,,,,,,,,,
0.5809615254402161,1.0,0.0,4549,2043.413973515,138,1.1983377933502197,1.1983377933502197,48,1778436818.710647,,,,,,,,,
,,,4556,2047.872294089,139,,,48,1778436823.1689162,0.5655244588851929,1.2361615896224976,1.0,1.2361615896224976,0.0,,,,
0.5490796566009521,1.0,0.0,4599,2068.643816196,140,1.208229422569275,1.208229422569275,49,1778436843.940493,,,,,,,,,
0.552727997303009,1.0,0.0,4649,2088.312671971,141,1.1896188259124756,1.1896188259124756,49,1778436863.609415,,,,,,,,,
,,,4649,2089.960845436,142,,,49,1778436865.257586,0.5571788549423218,1.2347285747528076,1.0,1.2347285747528076,0.0,,,,
0.5267601013183594,1.0,0.0,4699,2113.289518658,143,1.170034408569336,1.170034408569336,50,1778436888.5862815,,,,,,,,,
,,,4742,2131.683208628,144,,,50,1778436906.9798017,0.5517449378967285,1.2186554670333862,1.0,1.2186554670333862,0.0,,,,
0.545211911201477,1.0,0.0,4749,2138.299726336,145,1.1749389171600342,1.1749389171600342,51,1778436913.596406,,,,,,,,,
0.5685994625091553,1.0,0.0,4799,2157.910427344,146,1.26375412940979,1.26375412940979,51,1778436933.2071362,,,,,,,,,
,,,4835,2173.494970267,147,,,51,1778436948.791656,0.5704556703567505,1.2339870929718018,1.0,1.2339870929718018,0.0,,,,
0.5535800457000732,1.0,0.0,4849,2182.9588129,148,1.205346703529358,1.205346703529358,52,1778436958.2556856,,,,,,,,,
0.5186110734939575,1.0,0.0,4899,2202.480448137,149,1.1545822620391846,1.1545822620391846,52,1778436977.7772784,,,,,,,,,
,,,4928,2215.483010736,150,,,52,1778436990.7797678,0.5620349049568176,1.2254228591918945,1.0,1.2254228591918945,0.0,,,,
0.5459961891174316,1.0,0.0,4949,2227.625207807,151,1.201952338218689,1.201952338218689,53,1778437002.9219549,,,,,,,,,
0.5744777321815491,1.0,0.0,4999,2247.233707006,152,1.2506295442581177,1.2506295442581177,53,1778437022.5304534,,,,,,,,,
,,,5021,2257.3132675,153,,,53,1778437032.6098228,0.562391996383667,1.2390800714492798,1.0,1.2390800714492798,0.0,,,,
0.5363702774047852,1.0,0.0,5049,2272.235763921,154,1.1915600299835205,1.1915600299835205,54,1778437047.5324898,,,,,,,,,
0.5834521055221558,1.0,0.0,5099,2291.853931546,155,1.2165178060531616,1.2165178060531616,54,1778437067.1506732,,,,,,,,,
,,,5114,2299.318471905,156,,,54,1778437074.6151397,0.5589467287063599,1.2118102312088013,1.0,1.2118102312088013,0.0,,,,
0.6106812357902527,1.0,0.0,5149,2316.931919715,157,1.2795416116714478,1.2795416116714478,55,1778437092.2286277,,,,,,,,,
0.5840694308280945,1.0,0.0,5199,2336.586767617,158,1.2551767826080322,1.2551767826080322,55,1778437111.883557,,,,,,,,,
,,,5207,2341.263643612,159,,,55,1778437116.5604107,0.555639922618866,1.2260366678237915,1.0,1.2260366678237915,0.0,,,,
0.5566372871398926,1.0,0.0,5249,2361.646276582,160,1.220639944076538,1.220639944076538,56,1778437136.9430406,,,,,,,,,
0.5907634496688843,1.0,0.0,5299,2381.303506044,161,1.2279218435287476,1.2279218435287476,56,1778437156.6001172,,,,,,,,,
,,,5300,2383.327649396,162,,,56,1778437158.6243062,0.5577628016471863,1.2203638553619385,1.0,1.2203638553619385,0.0,,,,
0.5474429726600647,1.0,0.0,5349,2406.3617146,163,1.1849377155303955,1.1849377155303955,57,1778437181.658393,,,,,,,,,
,,,5393,2425.155384425,164,,,57,1778437200.4519172,0.5643023252487183,1.2204041481018066,1.0,1.2204041481018066,0.0,,,,
0.5802165269851685,1.0,0.0,5399,2431.586116719,165,1.2781586647033691,1.2781586647033691,58,1778437206.8827872,,,,,,,,,
0.5213170051574707,1.0,0.0,5449,2451.125368693,166,1.1904405355453491,1.1904405355453491,58,1778437226.4220676,,,,,,,,,
,,,5486,2467.251092643,167,,,58,1778437242.5477405,0.5690827369689941,1.2307835817337036,1.0,1.2307835817337036,0.0,,,,
0.5363671779632568,1.0,0.0,5499,2476.327497571,168,1.1910629272460938,1.1910629272460938,59,1778437251.6241772,,,,,,,,,
0.473429799079895,1.0,0.0,5549,2495.792640447,169,1.1637160778045654,1.1637160778045654,59,1778437271.0893452,,,,,,,,,
,,,5579,2509.283392417,170,,,59,1778437284.5802338,0.5615999102592468,1.225741982460022,1.0,1.225741982460022,0.0,,,,
0.5789194703102112,1.0,0.0,5599,2520.936072781,171,1.2877955436706543,1.2877955436706543,60,1778437296.2329469,,,,,,,,,
0.5146994590759277,1.0,0.0,5649,2540.389010503,172,1.1383929252624512,1.1383929252624512,60,1778437315.6859398,,,,,,,,,
,,,5672,2550.816013746,173,,,60,1778437326.1128132,0.5628834962844849,1.2226359844207764,1.0,1.2226359844207764,0.0,,,,
0.5375925898551941,1.0,0.0,5699,2565.292764876,174,1.2539379596710205,1.2539379596710205,61,1778437340.5895715,,,,,,,,,
0.6133560538291931,1.0,0.0,5749,2584.553477132,175,1.2065436840057373,1.2065436840057373,61,1778437359.8502228,,,,,,,,,
,,,5765,2592.370802865,176,,,61,1778437367.6675391,0.5601020455360413,1.2247036695480347,1.0,1.2247036695480347,0.0,,,,
0.5367428660392761,1.0,0.0,5799,2609.596984872,177,1.2021996974945068,1.2021996974945068,62,1778437384.893787,,,,,,,,,
0.5835268497467041,1.0,0.0,5849,2628.859893388,178,1.2210187911987305,1.2210187911987305,62,1778437404.1565619,,,,,,,,,
,,,5858,2634.05869321,179,,,62,1778437409.355375,0.5611295104026794,1.2224442958831787,1.0,1.2224442958831787,0.0,,,,
0.6213667392730713,1.0,0.0,5899,2653.913600487,180,1.1983180046081543,1.1983180046081543,63,1778437429.2103384,,,,,,,,,
0.5336475372314453,1.0,0.0,5949,2673.20134314,181,1.1927937269210815,1.1927937269210815,63,1778437448.4981017,,,,,,,,,
,,,5951,2675.568301943,182,,,63,1778437450.8649793,0.5656672120094299,1.2191882133483887,1.0,1.2191882133483887,0.0,,,,
0.5648903846740723,1.0,0.0,5999,2698.258075588,183,1.1862030029296875,1.1862030029296875,64,1778437473.5547779,,,,,,,,,
,,,6044,2717.258853419,184,,,64,1778437492.5555422,0.5619264841079712,1.2200947999954224,1.0,1.2200947999954224,0.0,,,,
0.5568439960479736,1.0,0.0,6049,2723.062019009,185,1.308113932609558,1.308113932609558,65,1778437498.358733,,,,,,,,,
0.5041654109954834,1.0,0.0,6099,2742.506675826,186,1.1931264400482178,1.1931264400482178,65,1778437517.8032773,,,,,,,,,
,,,6137,2758.828346416,187,,,65,1778437534.125118,0.561181902885437,1.2277551889419556,1.0,1.2277551889419556,0.0,,,,
0.6011662483215332,1.0,0.0,6149,2767.443499581,188,1.2230076789855957,1.2230076789855957,66,1778437542.740291,,,,,,,,,
0.5393107533454895,1.0,0.0,6199,2786.725455204,189,1.1944067478179932,1.1944067478179932,66,1778437562.022299,,,,,,,,,
,,,6230,2800.564833323,190,,,66,1778437575.861551,0.552499532699585,1.212665319442749,1.0,1.212665319442749,0.0,,,,
0.5704060792922974,1.0,0.0,6249,2811.830994107,191,1.255607008934021,1.255607008934021,67,1778437587.1277852,,,,,,,,,
0.5622817277908325,1.0,0.0,6299,2831.400437506,192,1.208007574081421,1.208007574081421,67,1778437606.6970637,,,,,,,,,
,,,6323,2842.227321268,193,,,67,1778437617.5239959,0.5644423365592957,1.2182127237319946,1.0,1.2182127237319946,0.0,,,,
0.5809957981109619,1.0,0.0,6349,2856.282483651,194,1.2536776065826416,1.2536776065826416,68,1778437631.579059,,,,,,,,,
0.4999340772628784,1.0,0.0,6399,2875.775928313,195,1.1194367408752441,1.1194367408752441,68,1778437651.072567,,,,,,,,,
,,,6416,2883.961740899,196,,,68,1778437659.2583659,0.5577366352081299,1.2220970392227173,1.0,1.2220970392227173,0.0,,,,
0.5836530327796936,1.0,0.0,6449,2900.624188389,197,1.294389009475708,1.294389009475708,69,1778437675.9210324,,,,,,,,,
0.5532222986221313,1.0,0.0,6499,2920.134655844,198,1.2097535133361816,1.2097535133361816,69,1778437695.4313095,,,,,,,,,
,,,6509,2925.703892702,199,,,69,1778437701.0006568,0.5603042244911194,1.2074239253997803,1.0,1.2074239253997803,0.0,,,,
0.5628095865249634,1.0,0.0,6549,2945.052492782,200,1.2492475509643555,1.2492475509643555,70,1778437720.3491464,,,,,,,,,
0.557639479637146,1.0,0.0,6599,2964.543178412,201,1.164337158203125,1.164337158203125,70,1778437739.8397672,,,,,,,,,
,,,6602,2967.312636011,202,,,70,1778437742.6093426,0.5587241649627686,1.2247313261032104,1.0,1.2247313261032104,0.0,,,,
0.5984119176864624,1.0,0.0,6649,2989.672625921,203,1.1985981464385986,1.1985981464385986,71,1778437764.969496,,,,,,,,,
,,,6695,3009.213220402,204,,,71,1778437784.5099661,0.5636413097381592,1.2181962728500366,1.0,1.2181962728500366,0.0,,,,
0.563690185546875,1.0,0.0,6699,3014.92005834,205,1.2009568214416504,1.2009568214416504,72,1778437790.216818,,,,,,,,,
0.5626574754714966,1.0,0.0,6749,3034.344319428,206,1.1945075988769531,1.1945075988769531,72,1778437809.6409528,,,,,,,,,
,,,6788,3051.167255713,207,,,72,1778437826.4639468,0.5614160299301147,1.216282606124878,1.0,1.216282606124878,0.0,,,,
0.5859313011169434,1.0,0.0,6799,3059.397958317,208,1.1979739665985107,1.1979739665985107,73,1778437834.6946414,,,,,,,,,
0.5805423855781555,1.0,0.0,6849,3078.678504858,209,1.2899813652038574,1.2899813652038574,73,1778437853.9751651,,,,,,,,,
,,,6881,3092.671980916,210,,,73,1778437867.9685295,0.5669795870780945,1.21348237991333,1.0,1.21348237991333,0.0,,,,
0.5375971794128418,1.0,0.0,6899,3103.763568561,211,1.166271686553955,1.166271686553955,74,1778437879.0605054,,,,,,,,,
0.5724678635597229,1.0,0.0,6949,3123.026937548,212,1.26192307472229,1.26192307472229,74,1778437898.3238614,,,,,,,,,
,,,6974,3134.398415847,213,,,74,1778437909.6952615,0.5600029230117798,1.2185975313186646,1.0,1.2185975313186646,0.0,,,,
0.5414956212043762,1.0,0.0,6999,3147.895624793,214,1.2288813591003418,1.2288813591003418,75,1778437923.1925266,,,,,,,,,
0.5522144436836243,1.0,0.0,7049,3167.390520368,215,1.2292733192443848,1.2292733192443848,75,1778437942.6874442,,,,,,,,,
,,,7067,3175.948630912,216,,,75,1778437951.245464,0.5609923601150513,1.2130941152572632,1.0,1.2130941152572632,0.0,,,,
0.5209788084030151,1.0,0.0,7099,3192.275144381,217,1.2497024536132812,1.2497024536132812,76,1778437967.5719724,,,,,,,,,
0.5615497827529907,1.0,0.0,7149,3211.822866041,218,1.2319550514221191,1.2319550514221191,76,1778437987.1195495,,,,,,,,,
,,,7160,3217.755268824,219,,,76,1778437993.0518804,0.5615384578704834,1.2127288579940796,1.0,1.2127288579940796,0.0,,,,
0.5433000326156616,1.0,0.0,7199,3236.765044147,220,1.1992573738098145,1.1992573738098145,77,1778438012.0618854,,,,,,,,,
0.5595458745956421,1.0,0.0,7249,3256.346260768,221,1.159557580947876,1.159557580947876,77,1778438031.643134,,,,,,,,,
,,,7253,3259.455802913,222,,,77,1778438034.7526703,0.5609209537506104,1.2127625942230225,1.0,1.2127625942230225,0.0,,,,
0.5420169234275818,1.0,0.0,7299,3281.200122281,223,1.213507890701294,1.213507890701294,78,1778438056.4968367,,,,,,,,,
,,,7346,3301.091432476,224,,,78,1778438076.3882458,0.5560144782066345,1.210981011390686,1.0,1.210981011390686,0.0,,,,
0.5569388270378113,1.0,0.0,7349,3306.127189677,225,1.1498326063156128,1.1498326063156128,79,1778438081.4239287,,,,,,,,,
0.5893079042434692,1.0,0.0,7399,3325.576837195,226,1.2347074747085571,1.2347074747085571,79,1778438100.8735373,,,,,,,,,
,,,7439,3342.755336792,227,,,79,1778438118.0518887,0.557495653629303,1.2122764587402344,1.0,1.2122764587402344,0.0,,,,
0.5397066473960876,1.0,0.0,7449,3350.52746037,228,1.149825096130371,1.149825096130371,80,1778438125.8241253,,,,,,,,,
0.5822393894195557,1.0,0.0,7499,3370.264117852,229,1.2003577947616577,1.2003577947616577,80,1778438145.5609224,,,,,,,,,
,,,7532,3385.323166915,230,,,80,1778438160.6197956,0.5488001704216003,1.2153300046920776,1.0,1.2153300046920776,0.0,,,,
0.5432772636413574,1.0,0.0,7549,3395.863706578,231,1.1851922273635864,1.1851922273635864,81,1778438171.1604002,,,,,,,,,
0.5312072038650513,1.0,0.0,7599,3415.397910074,232,1.184096097946167,1.184096097946167,81,1778438190.6946945,,,,,,,,,
,,,7625,3426.875136789,233,,,81,1778438202.1719196,0.5567271113395691,1.2155141830444336,1.0,1.2155141830444336,0.0,,,,
0.5801737308502197,1.0,0.0,7649,3440.162647306,234,1.2225687503814697,1.2225687503814697,82,1778438215.4593549,,,,,,,,,
0.5685379505157471,1.0,0.0,7699,3459.436156221,235,1.1307932138442993,1.1307932138442993,82,1778438234.7326686,,,,,,,,,
,,,7718,3468.563812722,236,,,82,1778438243.8605056,0.5496797561645508,1.2018442153930664,1.0,1.2018442153930664,0.0,,,,
0.5576536655426025,1.0,0.0,7749,3484.534405309,237,1.2399382591247559,1.2399382591247559,83,1778438259.8311005,,,,,,,,,
0.5653432607650757,1.0,0.0,7799,3504.078503838,238,1.2902791500091553,1.2902791500091553,83,1778438279.3751416,,,,,,,,,
,,,7811,3510.23583854,239,,,83,1778438285.5324705,0.5604962706565857,1.215834379196167,1.0,1.215834379196167,0.0,,,,
0.5075101256370544,1.0,0.0,7849,3529.00313278,240,1.23801589012146,1.23801589012146,84,1778438304.2997916,,,,,,,,,
0.5689190626144409,1.0,0.0,7899,3548.257606698,241,1.2351642847061157,1.2351642847061157,84,1778438323.5543299,,,,,,,,,
,,,7904,3551.972501084,242,,,84,1778438327.2691505,0.5675814151763916,1.2170767784118652,1.0,1.2170767784118652,0.0,,,,
0.550742506980896,1.0,0.0,7949,3573.334927395,243,1.2192456722259521,1.2192456722259521,85,1778438348.6315901,,,,,,,,,
,,,7997,3593.670565829,244,,,85,1778438368.9672575,0.5675143003463745,1.2165607213974,1.0,1.2165607213974,0.0,,,,
0.6110970973968506,1.0,0.0,7999,3598.399670919,245,1.2118984460830688,1.2118984460830688,86,1778438373.696457,,,,,,,,,
0.580852746963501,1.0,0.0,8049,3618.031685084,246,1.2385413646697998,1.2385413646697998,86,1778438393.3284605,,,,,,,,,
,,,8090,3635.855329774,247,,,86,1778438411.1522088,0.5569033026695251,1.2143458127975464,1.0,1.2143458127975464,0.0,,,,
0.5328773260116577,1.0,0.0,8099,3643.222593901,248,1.1853675842285156,1.1853675842285156,87,1778438418.5194561,,,,,,,,,
0.5441602468490601,1.0,0.0,8149,3662.695390551,249,1.2256758213043213,1.2256758213043213,87,1778438437.992295,,,,,,,,,
,,,8183,3677.41532708,250,,,87,1778438452.7120802,0.556499719619751,1.2082568407058716,1.0,1.2082568407058716,0.0,,,,
0.5537678003311157,1.0,0.0,8199,3687.638828432,251,1.2305235862731934,1.2305235862731934,88,1778438462.935554,,,,,,,,,
0.570784330368042,1.0,0.0,8249,3707.392838058,252,1.2177002429962158,1.2177002429962158,88,1778438482.689673,,,,,,,,,
,,,8276,3719.637955844,253,,,88,1778438494.934546,0.5591055154800415,1.2099428176879883,1.0,1.2099428176879883,0.0,,,,
0.5344843864440918,1.0,0.0,8299,3732.434058424,254,1.190457820892334,1.190457820892334,89,1778438507.730724,,,,,,,,,
0.5477218627929688,1.0,0.0,8349,3752.241102039,255,1.2238954305648804,1.2238954305648804,89,1778438527.5378492,,,,,,,,,
,,,8369,3761.778940975,256,,,89,1778438537.0755713,0.5613200664520264,1.2063486576080322,1.0,1.2063486576080322,0.0,,,,
0.5388151407241821,1.0,0.0,8399,3777.479626576,257,1.1856111288070679,1.1856111288070679,90,1778438552.7763095,,,,,,,,,
0.60968017578125,1.0,0.0,8449,3796.907849615,258,1.2533199787139893,1.2533199787139893,90,1778438572.2045977,,,,,,,,,
,,,8462,3803.603796639,259,,,90,1778438578.9005218,0.5607339143753052,1.2069405317306519,1.0,1.2069405317306519,0.0,,,,
0.5198674201965332,1.0,0.0,8499,3821.822811946,260,1.1481680870056152,1.1481680870056152,91,1778438597.1194727,,,,,,,,,
0.6143752336502075,1.0,0.0,8549,3841.322269265,261,1.2456200122833252,1.2456200122833252,91,1778438616.6190062,,,,,,,,,
,,,8555,3845.188115621,262,,,91,1778438620.4848492,0.5556102991104126,1.2029026746749878,1.0,1.2029026746749878,0.0,,,,
0.5916509628295898,1.0,0.0,8599,3866.304736263,263,1.2303838729858398,1.2303838729858398,92,1778438641.601474,,,,,,,,,
,,,8648,3886.683366743,264,,,92,1778438661.9800646,0.5639063715934753,1.2075704336166382,1.0,1.2075704336166382,0.0,,,,
0.5527112483978271,1.0,0.0,8649,3890.997087796,265,1.201860785484314,1.201860785484314,93,1778438666.2937427,,,,,,,,,
0.5816339254379272,1.0,0.0,8699,3910.134702849,266,1.1776577234268188,1.1776577234268188,93,1778438685.431423,,,,,,,,,
,,,8741,3927.906531476,267,,,93,1778438703.2032616,0.5676066279411316,1.2047828435897827,1.0,1.2047828435897827,0.0,,,,
0.5352280139923096,1.0,0.0,8749,3935.066511468,268,1.222800612449646,1.222800612449646,94,1778438710.3630688,,,,,,,,,
0.5835477709770203,1.0,0.0,8799,3954.373908515,269,1.2368457317352295,1.2368457317352295,94,1778438729.670636,,,,,,,,,
,,,8834,3969.740076614,270,,,94,1778438745.0367808,0.556092381477356,1.2058113813400269,1.0,1.2058113813400269,0.0,,,,
0.5983093976974487,1.0,0.0,8849,3979.58876046,271,1.1409125328063965,1.1409125328063965,95,1778438754.885567,,,,,,,,,
0.5619305372238159,1.0,0.0,8899,3999.034586935,272,1.195483684539795,1.195483684539795,95,1778438774.331295,,,,,,,,,
,,,8927,4011.645500016,273,,,95,1778438786.942147,0.5609630346298218,1.2072666883468628,1.0,1.2072666883468628,0.0,,,,
0.5667901635169983,1.0,0.0,8949,4024.321213971,274,1.130865454673767,1.130865454673767,96,1778438799.618044,,,,,,,,,
0.5918697714805603,1.0,0.0,8999,4043.753369069,275,1.1787487268447876,1.1787487268447876,96,1778438819.0500312,,,,,,,,,
,,,9020,4053.691959664,276,,,96,1778438828.9885712,0.5666771531105042,1.210638403892517,1.0,1.210638403892517,0.0,,,,
0.5837254524230957,1.0,0.0,9049,4068.992682974,277,1.2181992530822754,1.2181992530822754,97,1778438844.2893941,,,,,,,,,
0.5852515697479248,1.0,0.0,9099,4088.40338464,278,1.2818657159805298,1.2818657159805298,97,1778438863.70007,,,,,,,,,
,,,9113,4095.492179425,279,,,97,1778438870.7889216,0.5600919723510742,1.204824447631836,1.0,1.204824447631836,0.0,,,,
0.6006572842597961,1.0,0.0,9149,4113.649001666,280,1.229828119277954,1.229828119277954,98,1778438888.9457712,,,,,,,,,
0.5531086921691895,1.0,0.0,9199,4133.038131667,281,1.220125675201416,1.220125675201416,98,1778438908.3347905,,,,,,,,,
,,,9206,4137.513794566,282,,,98,1778438912.8105352,0.5496358871459961,1.20497727394104,1.0,1.20497727394104,0.0,,,,
0.5309154987335205,1.0,0.0,9249,4158.216450932,283,1.176468014717102,1.176468014717102,99,1778438933.5131712,,,,,,,,,
0.5891215801239014,1.0,0.0,9299,4177.854322489,284,1.219956874847412,1.219956874847412,99,1778438953.150919,,,,,,,,,
,,,9299,4179.488542404,285,,,99,1778438954.7852802,0.5616101026535034,1.1994014978408813,1.0,1.1994014978408813,0.0,,,,
0.5786992311477661,1.0,0.0,9349,4202.966949849,286,1.202157974243164,1.202157974243164,100,1778438978.2636886,,,,,,,,,
,,,9392,4221.437060235,287,,,100,1778438996.7337673,0.5593572854995728,1.2089622020721436,1.0,1.2089622020721436,0.0,,,,
0.5570834279060364,1.0,0.0,9399,4228.062125187,288,1.2310960292816162,1.2310960292816162,101,1778439003.3588464,,,,,,,,,
0.5325396060943604,1.0,0.0,9449,4247.799636181,289,1.2583391666412354,1.2583391666412354,101,1778439023.096401,,,,,,,,,
,,,9485,4263.42993033,290,,,101,1778439038.7266114,0.5548246502876282,1.2072592973709106,1.0,1.2072592973709106,0.0,,,,
0.5597485899925232,1.0,0.0,9499,4272.889699854,291,1.1673370599746704,1.1673370599746704,102,1778439048.1864383,,,,,,,,,
0.5637252330780029,1.0,0.0,9549,4292.535202053,292,1.2289899587631226,1.2289899587631226,102,1778439067.8318727,,,,,,,,,
,,,9578,4305.513081423,293,,,102,1778439080.809817,0.5618100762367249,1.2050201892852783,1.0,1.2050201892852783,0.0,,,,
0.5390000939369202,1.0,0.0,9599,4317.613738567,294,1.1709681749343872,1.1709681749343872,103,1778439092.9104722,,,,,,,,,
0.5516568422317505,1.0,0.0,9649,4337.184350852,295,1.2108256816864014,1.2108256816864014,103,1778439112.4810874,,,,,,,,,
,,,9671,4347.241865809,296,,,103,1778439122.5385752,0.560417115688324,1.2141003608703613,1.0,1.2141003608703613,0.0,,,,
0.5954856872558594,1.0,0.0,9699,4362.083816256,297,1.2671722173690796,1.2671722173690796,104,1778439137.380497,,,,,,,,,
0.627957820892334,1.0,0.0,9749,4381.646928555,298,1.2462537288665771,1.2462537288665771,104,1778439156.9435928,,,,,,,,,
,,,9764,4389.14679365,299,,,104,1778439164.443453,0.5564035177230835,1.2073131799697876,1.0,1.2073131799697876,0.0,,,,
0.572850227355957,1.0,0.0,9799,4406.665150385,300,1.2210201025009155,1.2210201025009155,105,1778439181.9619844,,,,,,,,,
0.605267345905304,1.0,0.0,9849,4426.064592918,301,1.2542612552642822,1.2542612552642822,105,1778439201.3614414,,,,,,,,,
,,,9857,4430.674323876,302,,,105,1778439205.971149,0.5533527135848999,1.2034646272659302,1.0,1.2034646272659302,0.0,,,,
0.5188338756561279,1.0,0.0,9899,4450.824448656,303,1.1844364404678345,1.1844364404678345,106,1778439226.1213326,,,,,,,,,
0.5653366446495056,1.0,0.0,9949,4470.380143858,304,1.192941427230835,1.192941427230835,106,1778439245.676838,,,,,,,,,
,,,9950,4472.413778522,305,,,106,1778439247.7106133,0.5609663128852844,1.200801134109497,1.0,1.200801134109497,0.0,,,,
0.5197944641113281,1.0,0.0,9999,4495.519797364,306,1.195712685585022,1.195712685585022,107,1778439270.8165007,,,,,,,,,
,,,10043,4514.411034386,307,,,107,1778439289.7076623,0.5543973445892334,1.2016147375106812,1.0,1.2016147375106812,0.0,,,,
0.5492894649505615,1.0,0.0,10049,4520.833855047,308,1.2016050815582275,1.2016050815582275,108,1778439296.130627,,,,,,,,,
0.601333498954773,1.0,0.0,10099,4540.287072287,309,1.1817325353622437,1.1817325353622437,108,1778439315.583651,,,,,,,,,
,,,10136,4556.456104497,310,,,108,1778439331.7527642,0.5518416166305542,1.208927035331726,1.0,1.208927035331726,0.0,,,,
0.5350872278213501,1.0,0.0,10149,4565.507080945,311,1.2100623846054077,1.2100623846054077,109,1778439340.8039513,,,,,,,,,
0.6259473562240601,1.0,0.0,10199,4584.833402433,312,1.2792384624481201,1.2792384624481201,109,1778439360.1302497,,,,,,,,,
,,,10229,4598.297145663,313,,,109,1778439373.593868,0.5602725744247437,1.2145805358886719,1.0,1.2145805358886719,0.0,,,,
0.5778274536132812,1.0,0.0,10249,4609.978211457,314,1.25303316116333,1.25303316116333,110,1778439385.275063,,,,,,,,,
0.5230838656425476,1.0,0.0,10299,4629.482940125,315,1.2281216382980347,1.2281216382980347,110,1778439404.7797518,,,,,,,,,
,,,10322,4639.942456882,316,,,110,1778439415.2392576,0.5675187110900879,1.2086007595062256,1.0,1.2086007595062256,0.0,,,,
0.592746913433075,1.0,0.0,10349,4654.436645496,317,1.1595394611358643,1.1595394611358643,111,1778439429.7334561,,,,,,,,,
0.5577738881111145,1.0,0.0,10399,4673.755485867,318,1.2169424295425415,1.2169424295425415,111,1778439449.0523295,,,,,,,,,
,,,10415,4681.604118507,319,,,111,1778439456.9009056,0.5596742630004883,1.2068709135055542,1.0,1.2068709135055542,0.0,,,,
0.5619529485702515,1.0,0.0,10449,4698.798201293,320,1.1947979927062988,1.1947979927062988,112,1778439474.095053,,,,,,,,,
0.5663671493530273,1.0,0.0,10499,4717.95317116,321,1.2532973289489746,1.2532973289489746,112,1778439493.2499864,,,,,,,,,
,,,10508,4723.150553491,322,,,112,1778439498.447314,0.5538637042045593,1.206342339515686,1.0,1.206342339515686,0.0,,,,
0.5761107206344604,1.0,0.0,10549,4742.860465645,323,1.2256853580474854,1.2256853580474854,113,1778439518.1573381,,,,,,,,,
0.5436766743659973,1.0,0.0,10599,4762.01448734,324,1.1587789058685303,1.1587789058685303,113,1778439537.3113682,,,,,,,,,
,,,10601,4764.418734719,325,,,113,1778439539.7155402,0.556224524974823,1.1950976848602295,1.0,1.1950976848602295,0.0,,,,
0.5384539365768433,1.0,0.0,10649,4786.954049026,326,1.1922311782836914,1.1922311782836914,114,1778439562.2508688,,,,,,,,,
,,,10694,4805.92151968,327,,,114,1778439581.2183223,0.5578428506851196,1.1973246335983276,1.0,1.1973246335983276,0.0,,,,
0.5756497383117676,1.0,0.0,10699,4811.725267067,328,1.226928472518921,1.226928472518921,115,1778439587.022115,,,,,,,,,
0.5588580369949341,1.0,0.0,10749,4831.1594127,329,1.1894078254699707,1.1894078254699707,115,1778439606.4561174,,,,,,,,,
,,,10787,4847.411125597,330,,,115,1778439622.7077487,0.5660688281059265,1.2078951597213745,1.0,1.2078951597213745,0.0,,,,
0.5462623834609985,1.0,0.0,10799,4856.038101367,331,1.1994497776031494,1.1994497776031494,116,1778439631.3348439,,,,,,,,,
0.5531563758850098,1.0,0.0,10849,4875.333475445,332,1.215895652770996,1.215895652770996,116,1778439650.6303196,,,,,,,,,
,,,10880,4889.216540067,333,,,116,1778439664.5133176,0.5570045113563538,1.1995185613632202,1.0,1.1995185613632202,0.0,,,,
0.5074670910835266,1.0,0.0,10899,4900.521698057,334,1.0849018096923828,1.0849018096923828,117,1778439675.8184528,,,,,,,,,
0.5151878595352173,1.0,0.0,10949,4920.099445313,335,1.157339096069336,1.157339096069336,117,1778439695.3963497,,,,,,,,,
,,,10973,4930.969363505,336,,,117,1778439706.2660913,0.5511866211891174,1.1936465501785278,1.0,1.1936465501785278,0.0,,,,
0.5866345167160034,1.0,0.0,10999,4945.269458229,337,1.2723581790924072,1.2723581790924072,118,1778439720.5661275,,,,,,,,,
0.5583015084266663,1.0,0.0,11049,4964.957687731,338,1.1542428731918335,1.1542428731918335,118,1778439740.2544725,,,,,,,,,
,,,11066,4973.257039683,339,,,118,1778439748.5536275,0.5649438500404358,1.2122443914413452,1.0,1.2122443914413452,0.0,,,,
0.5861678719520569,1.0,0.0,11099,4990.118554581,340,1.1581051349639893,1.1581051349639893,119,1778439765.4152844,,,,,,,,,
0.5582865476608276,1.0,0.0,11149,5009.821113152,341,1.187356948852539,1.187356948852539,119,1778439785.1179364,,,,,,,,,
,,,11159,5015.407090002,342,,,119,1778439790.7038248,0.5622152090072632,1.2014073133468628,1.0,1.2014073133468628,0.0,,,,
0.5830105543136597,1.0,0.0,11199,5034.898033211,343,1.1903493404388428,1.1903493404388428,120,1778439810.194813,,,,,,,,,
0.5423035621643066,1.0,0.0,11249,5054.553703957,344,1.1513011455535889,1.1513011455535889,120,1778439829.850392,,,,,,,,,
,,,11252,5057.327121799,345,,,120,1778439832.623947,0.5603886842727661,1.203041434288025,1.0,1.203041434288025,0.0,,,,
0.5263919830322266,1.0,0.0,11299,5079.739426242,346,1.2603775262832642,1.2603775262832642,121,1778439855.0360217,,,,,,,,,
,,,11345,5099.647390294,347,,,121,1778439874.9440477,0.5577784180641174,1.1976401805877686,1.0,1.1976401805877686,0.0,,,,
0.5793985724449158,1.0,0.0,11349,5105.27937043,348,1.169671893119812,1.169671893119812,122,1778439880.5759683,,,,,,,,,
0.553397536277771,1.0,0.0,11399,5125.075084708,349,1.2474596500396729,1.2474596500396729,122,1778439900.371907,,,,,,,,,
,,,11438,5142.126741889,350,,,122,1778439917.4233985,0.5623834133148193,1.1971696615219116,1.0,1.1971696615219116,0.0,,,,
0.5884935855865479,1.0,0.0,11449,5150.526177884,351,1.2337967157363892,1.2337967157363892,123,1778439925.822929,,,,,,,,,
0.5156159996986389,1.0,0.0,11499,5170.047826849,352,1.1395211219787598,1.1395211219787598,123,1778439945.3445473,,,,,,,,,
,,,11531,5184.06759888,353,,,123,1778439959.364321,0.5556291341781616,1.2003978490829468,1.0,1.2003978490829468,0.0,,,,
0.5408772230148315,1.0,0.0,11549,5195.211116505,354,1.1530694961547852,1.1530694961547852,124,1778439970.5078254,,,,,,,,,
0.6042071580886841,1.0,0.0,11599,5214.489020313,355,1.275831699371338,1.275831699371338,124,1778439989.7857213,,,,,,,,,
,,,11624,5225.912012902,356,,,124,1778440001.208662,0.5604448914527893,1.2076314687728882,1.0,1.2076314687728882,0.0,,,,
0.4709276854991913,1.0,0.0,11649,5239.508819888,357,1.179048776626587,1.179048776626587,125,1778440014.8055484,,,,,,,,,
0.5632535219192505,1.0,0.0,11699,5259.209582848,358,1.171923279762268,1.171923279762268,125,1778440034.5062058,,,,,,,,,
,,,11717,5267.868912702,359,,,125,1778440043.1655684,0.5603713393211365,1.1926976442337036,1.0,1.1926976442337036,0.0,,,,
0.5753709077835083,1.0,0.0,11749,5284.278817867,360,1.2495888471603394,1.2495888471603394,126,1778440059.5755453,,,,,,,,,
0.5213602185249329,1.0,0.0,11799,5303.713492821,361,1.2508599758148193,1.2508599758148193,126,1778440079.0103152,,,,,,,,,
,,,11810,5309.748107908,362,,,126,1778440085.0449219,0.5530441403388977,1.1986333131790161,1.0,1.1986333131790161,0.0,,,,
0.5722612738609314,1.0,0.0,11849,5328.900575568,363,1.1694492101669312,1.1694492101669312,127,1778440104.1974275,,,,,,,,,
0.553695797920227,1.0,0.0,11899,5348.667440723,364,1.1954843997955322,1.1954843997955322,127,1778440123.9642472,,,,,,,,,
,,,11903,5351.847711801,365,,,127,1778440127.144483,0.5585129261016846,1.195332407951355,1.0,1.195332407951355,0.0,,,,
0.5233924388885498,1.0,0.0,11949,5373.55727993,366,1.1852765083312988,1.1852765083312988,128,1778440148.8538942,,,,,,,,,
,,,11996,5393.464597188,367,,,128,1778440168.7612438,0.5581619143486023,1.1951807737350464,1.0,1.1951807737350464,0.0,,,,
0.5054965019226074,1.0,0.0,11999,5398.512467844,368,1.1449718475341797,1.1449718475341797,129,1778440173.8092005,,,,,,,,,
0.5252673029899597,1.0,0.0,12049,5418.065164291,369,1.2330067157745361,1.2330067157745361,129,1778440193.3618162,,,,,,,,,
,,,12089,5435.279670674,370,,,129,1778440210.576274,0.5674191117286682,1.1997675895690918,1.0,1.1997675895690918,0.0,,,,
0.5373848080635071,1.0,0.0,12099,5443.029985971,371,1.1858733892440796,1.1858733892440796,130,1778440218.3268063,,,,,,,,,
0.5658894777297974,1.0,0.0,12149,5462.613088457,372,1.2750158309936523,1.2750158309936523,130,1778440237.9098632,,,,,,,,,
,,,12182,5476.918204443,373,,,130,1778440252.2148037,0.5598126649856567,1.200234293937683,1.0,1.200234293937683,0.0,,,,
0.5250743627548218,1.0,0.0,12199,5487.381609428,374,1.201017141342163,1.201017141342163,131,1778440262.6783333,,,,,,,,,
0.5453678369522095,1.0,0.0,12249,5506.901926462,375,1.16856050491333,1.16856050491333,131,1778440282.1985776,,,,,,,,,
,,,12275,5518.58130237,376,,,131,1778440293.8779576,0.5632127523422241,1.2083619832992554,1.0,1.2083619832992554,0.0,,,,
0.5526610016822815,1.0,0.0,12299,5531.982600265,377,1.1312016248703003,1.1312016248703003,132,1778440307.2792847,,,,,,,,,
0.5382294654846191,1.0,0.0,12349,5551.358420548,378,1.1365747451782227,1.1365747451782227,132,1778440326.6551409,,,,,,,,,
,,,12368,5560.573316562,379,,,132,1778440335.8700507,0.5609304308891296,1.2000088691711426,1.0,1.2000088691711426,0.0,,,,
0.5682820081710815,1.0,0.0,12399,5576.624206769,380,1.1657094955444336,1.1657094955444336,133,1778440351.9209106,,,,,,,,,
0.5868199467658997,1.0,0.0,12449,5596.253898995,381,1.2169302701950073,1.2169302701950073,133,1778440371.5507028,,,,,,,,,
,,,12461,5602.409057987,382,,,133,1778440377.705837,0.5551053285598755,1.2041536569595337,1.0,1.2041536569595337,0.0,,,,
0.5804624557495117,1.0,0.0,12499,5621.223902544,383,1.1821471452713013,1.1821471452713013,134,1778440396.5206676,,,,,,,,,
0.5871734619140625,1.0,0.0,12549,5640.61502731,384,1.1235569715499878,1.1235569715499878,134,1778440415.9117036,,,,,,,,,
,,,12554,5644.383936944,385,,,134,1778440419.680627,0.5586400032043457,1.1965246200561523,1.0,1.1965246200561523,0.0,,,,
0.5513290166854858,1.0,0.0,12599,5665.851567667,386,1.2120144367218018,1.2120144367218018,135,1778440441.1482506,,,,,,,,,
,,,12647,5686.174135804,387,,,135,1778440461.4707546,0.5511024594306946,1.1878615617752075,1.0,1.1878615617752075,0.0,,,,
0.5610584020614624,1.0,0.0,12649,5690.92129822,388,1.2059366703033447,1.2059366703033447,136,1778440466.2181156,,,,,,,,,
0.5945181846618652,1.0,0.0,12699,5710.510317869,389,1.2272882461547852,1.2272882461547852,136,1778440485.807034,,,,,,,,,
,,,12740,5728.228704711,390,,,136,1778440503.5254724,0.5595470070838928,1.2004586458206177,1.0,1.2004586458206177,0.0,,,,
0.5841412544250488,1.0,0.0,12749,5735.6203934,391,1.1693732738494873,1.1693732738494873,137,1778440510.9169574,,,,,,,,,
0.5253543853759766,1.0,0.0,12799,5755.151292661,392,1.1541850566864014,1.1541850566864014,137,1778440530.447896,,,,,,,,,
,,,12833,5769.930219157,393,,,137,1778440545.2268934,0.5574913620948792,1.1954549551010132,1.0,1.1954549551010132,0.0,,,,
0.6056913733482361,1.0,0.0,12849,5780.030308932,394,1.1903444528579712,1.1903444528579712,138,1778440555.32704,,,,,,,,,
0.5414034128189087,1.0,0.0,12899,5799.726124115,395,1.2026582956314087,1.2026582956314087,138,1778440575.022768,,,,,,,,,
,,,12926,5811.95832023,396,,,138,1778440587.2550015,0.5617139935493469,1.19130277633667,1.0,1.19130277633667,0.0,,,,
0.524724006652832,1.0,0.0,12949,5824.806799524,397,1.226161003112793,1.226161003112793,139,1778440600.103497,,,,,,,,,
0.5807371139526367,1.0,0.0,12999,5844.504609381,398,1.2024457454681396,1.2024457454681396,139,1778440619.8012686,,,,,,,,,
,,,13019,5854.114854244,399,,,139,1778440629.4114218,0.5637887120246887,1.2018729448318481,1.0,1.2018729448318481,0.0,,,,
0.550792396068573,1.0,0.0,13049,5869.71323726,400,1.212185263633728,1.212185263633728,140,1778440645.0099833,,,,,,,,,
0.5375968813896179,1.0,0.0,13099,5889.094648318,401,1.2002607583999634,1.2002607583999634,140,1778440664.3913856,,,,,,,,,
,,,13112,5895.793375481,402,,,140,1778440671.0900533,0.5517013072967529,1.198391079902649,1.0,1.198391079902649,0.0,,,,
0.5871214270591736,1.0,0.0,13149,5914.116554734,403,1.1777276992797852,1.1777276992797852,141,1778440689.41327,,,,,,,,,
0.5223139524459839,1.0,0.0,13199,5933.70589777,404,1.1999716758728027,1.1999716758728027,141,1778440709.0027058,,,,,,,,,
,,,13205,5937.631706074,405,,,141,1778440712.9284532,0.5643798112869263,1.1965467929840088,1.0,1.1965467929840088,0.0,,,,
0.5326497554779053,1.0,0.0,13249,5958.992044793,406,1.177039384841919,1.177039384841919,142,1778440734.2887328,,,,,,,,,
,,,13298,5979.712258768,407,,,142,1778440755.008964,0.5580072999000549,1.200181007385254,1.0,1.200181007385254,0.0,,,,
0.5801783800125122,1.0,0.0,13299,5984.073009359,408,1.1274635791778564,1.1274635791778564,143,1778440759.3697252,,,,,,,,,
0.5863733291625977,1.0,0.0,13349,6003.461295171,409,1.1887812614440918,1.1887812614440918,143,1778440778.7581112,,,,,,,,,
,,,13391,6021.422783935,410,,,143,1778440796.7195938,0.5561994910240173,1.1915520429611206,1.0,1.1915520429611206,0.0,,,,
0.5572983622550964,1.0,0.0,13399,6028.711370313,411,1.1807894706726074,1.1807894706726074,144,1778440804.0082743,,,,,,,,,
0.5340228080749512,1.0,0.0,13449,6048.107741397,412,1.2212157249450684,1.2212157249450684,144,1778440823.4044764,,,,,,,,,
,,,13484,6063.397051258,413,,,144,1778440838.6937094,0.5582715272903442,1.1907386779785156,1.0,1.1907386779785156,0.0,,,,
0.5575448274612427,1.0,0.0,13499,6073.292841295,414,1.1337547302246094,1.1337547302246094,145,1778440848.5895624,,,,,,,,,
0.541907012462616,1.0,0.0,13549,6092.728586006,415,1.186060905456543,1.186060905456543,145,1778440868.0253668,,,,,,,,,
,,,13577,6105.234364967,416,,,145,1778440880.5312119,0.5514999032020569,1.1944618225097656,1.0,1.1944618225097656,0.0,,,,
0.5211995840072632,1.0,0.0,13599,6117.817834628,417,1.1640527248382568,1.1640527248382568,146,1778440893.1146595,,,,,,,,,
0.5597895383834839,1.0,0.0,13649,6137.17368253,418,1.2168943881988525,1.2168943881988525,146,1778440912.4704318,,,,,,,,,
,,,13670,6147.14824421,419,,,146,1778440922.444961,0.5650539994239807,1.1895445585250854,1.0,1.1895445585250854,0.0,,,,
0.569190263748169,1.0,0.0,13699,6162.361405188,420,1.191110610961914,1.191110610961914,147,1778440937.6580615,,,,,,,,,
0.5295398235321045,1.0,0.0,13749,6181.604929692,421,1.1996666193008423,1.1996666193008423,147,1778440956.901731,,,,,,,,,
,,,13763,6188.661756134,422,,,147,1778440963.9584944,0.5648589730262756,1.2057493925094604,1.0,1.2057493925094604,0.0,,,,
0.5787242650985718,1.0,0.0,13799,6206.856959577,423,1.1729161739349365,1.1729161739349365,148,1778440982.1538103,,,,,,,,,
0.5535727739334106,1.0,0.0,13849,6226.32836936,424,1.2352910041809082,1.2352910041809082,148,1778441001.625133,,,,,,,,,
,,,13856,6230.84018458,425,,,148,1778441006.1368825,0.5631341934204102,1.1837104558944702,1.0,1.1837104558944702,0.0,,,,
0.5094218254089355,1.0,0.0,13899,6251.448649771,426,1.188541054725647,1.188541054725647,149,1778441026.7455432,,,,,,,,,
0.5775582790374756,1.0,0.0,13949,6270.778381444,427,1.1957786083221436,1.1957786083221436,149,1778441046.0752704,,,,,,,,,
,,,13949,6272.451420553,428,,,149,1778441047.7482488,0.5611091256141663,1.204338550567627,1.0,1.204338550567627,0.0,,,,
0.5067394375801086,1.0,0.0,13999,6295.700672669,429,1.1985256671905518,1.1985256671905518,150,1778441070.99742,,,,,,,,,
,,,14042,6314.024361984,430,,,150,1778441089.3211179,0.5544763207435608,1.194722294807434,1.0,1.194722294807434,0.0,,,,
0.5404763221740723,1.0,0.0,14049,6320.607913315,431,1.1781904697418213,1.1781904697418213,151,1778441095.9046428,,,,,,,,,
0.5609414577484131,1.0,0.0,14099,6340.303593645,432,1.2115495204925537,1.2115495204925537,151,1778441115.6002703,,,,,,,,,
,,,14135,6355.94860089,433,,,151,1778441131.245378,0.5587857365608215,1.1893384456634521,1.0,1.1893384456634521,0.0,,,,
0.5854839086532593,1.0,0.0,14149,6365.399537907,434,1.1749725341796875,1.1749725341796875,152,1778441140.6963098,,,,,,,,,
0.5837200284004211,1.0,0.0,14199,6385.053998799,435,1.2972180843353271,1.2972180843353271,152,1778441160.3507607,,,,,,,,,
,,,14228,6397.979641809,436,,,152,1778441173.2762806,0.5616146922111511,1.1941487789154053,1.0,1.1941487789154053,0.0,,,,
0.5024826526641846,1.0,0.0,14249,6410.100464508,437,1.1409213542938232,1.1409213542938232,153,1778441185.3972306,,,,,,,,,
0.5476500988006592,1.0,0.0,14299,6429.753088928,438,1.138124942779541,1.138124942779541,153,1778441205.0498297,,,,,,,,,
,,,14321,6439.872444818,439,,,153,1778441215.169145,0.5591011643409729,1.1953378915786743,1.0,1.1953378915786743,0.0,,,,
0.5569872856140137,1.0,0.0,14349,6454.807299922,440,1.185023546218872,1.185023546218872,154,1778441230.1040118,,,,,,,,,
0.5562901496887207,1.0,0.0,14399,6474.441937297,441,1.1289279460906982,1.1289279460906982,154,1778441249.7386646,,,,,,,,,
,,,14414,6481.947390075,442,,,154,1778441257.2440317,0.5593702793121338,1.1919838190078735,1.0,1.1919838190078735,0.0,,,,
,,,14415,6860.989996956,443,,,155,1778441636.2865832,,,,,,9.51490306854248,1.2579342126846313,0.5830298662185669,4.203615188598633
