w_accuracy_step,epoch,_timestamp,_step,tloss_step,w_stability_step,trainer/global_step,_runtime,tloss_a_step,tloss_s_step,w_stability_epoch,tloss_a_epoch,tloss_s_epoch,w_accuracy_epoch,tloss_epoch,RMSSE,RMSSC,sMAPE,sMAPC
1.0,0,1778420601.9877691,0,1.0916047096252441,0.0,49,21.056401468,1.0916047096252441,0.4503852128982544,,,,,,,,,
,0,1778420620.828223,1,,,92,39.896676009,,,0.0,1.07036554813385,0.4643959105014801,1.0,1.07036554813385,,,,
1.0,1,1778420623.6842253,2,1.0991132259368896,0.0,99,42.752680232,1.0991132259368896,0.46952277421951294,,,,,,,,,
1.0,1,1778420644.5853918,3,1.0484122037887573,0.0,149,63.653781288,1.0484122037887573,0.42274630069732666,,,,,,,,,
,1,1778420660.4900658,4,,,185,79.558752261,,,0.0,1.068805456161499,0.4616697132587433,1.0,1.068805456161499,,,,
1.0,2,1778420666.3074782,5,1.0658857822418213,0.0,199,85.376005915,1.0658857822418213,0.4681108593940735,,,,,,,,,
1.0,2,1778420686.9334922,6,1.0005877017974854,0.0,249,106.00196027,1.0005877017974854,0.4487760066986084,,,,,,,,,
,2,1778420699.9689598,7,,,278,119.037406486,,,0.0,1.0577926635742188,0.46140238642692566,1.0,1.0577926635742188,,,,
1.0,3,1778420708.8225346,8,1.149838924407959,0.0,299,127.891094822,1.149838924407959,0.4859042167663574,,,,,,,,,
1.0,3,1778420729.6541646,9,1.032163143157959,0.0,349,148.722590172,1.032163143157959,0.4563336968421936,,,,,,,,,
,3,1778420739.9712014,10,,,371,159.039710092,,,0.0,1.0549780130386353,0.45658135414123535,1.0,1.0549780130386353,,,,
1.0,4,1778420751.729787,11,1.0606210231781006,0.0,399,170.798187244,1.0606210231781006,0.43371301889419556,,,,,,,,,
1.0,4,1778420772.558038,12,0.986785888671875,0.0,449,191.626531253,0.986785888671875,0.4073253870010376,,,,,,,,,
,4,1778420779.8251545,13,,,464,198.893683707,,,0.0,1.0572059154510498,0.45070788264274597,1.0,1.0572059154510498,,,,
1.0,5,1778420794.638287,14,1.0090774297714233,0.0,499,213.706717595,1.0090774297714233,0.44016873836517334,,,,,,,,,
1.0,5,1778420815.4665344,15,1.0562307834625244,0.0,549,234.53490569,1.0562307834625244,0.4802466928958893,,,,,,,,,
,5,1778420819.9116898,16,,,557,238.980176087,,,0.0,1.04738187789917,0.4480842649936676,1.0,1.04738187789917,,,,
1.0,6,1778420837.5623832,17,1.1016318798065186,0.0,599,256.630701572,1.1016318798065186,0.4983923137187958,,,,,,,,,
1.0,6,1778420858.3324678,18,0.9890176057815552,0.0,649,277.400908919,0.9890176057815552,0.3945332169532776,,,,,,,,,
,6,1778420859.7528212,19,,,650,278.821297634,,,0.0,1.044732689857483,0.4475616216659546,1.0,1.044732689857483,,,,
1.0,7,1778420880.195157,20,1.0772299766540527,0.0,699,299.263676026,1.0772299766540527,0.4527527391910553,,,,,,,,,
,7,1778420899.3857808,21,,,743,318.454261845,,,0.0,1.0448819398880005,0.4471116065979004,1.0,1.0448819398880005,,,,
1.0,8,1778420901.8095956,22,0.9965260028839111,0.0,749,320.877932691,0.9965260028839111,0.426472544670105,,,,,,,,,
1.0,8,1778420922.7779884,23,1.0369164943695068,0.0,799,341.846439687,1.0369164943695068,0.40662550926208496,,,,,,,,,
,8,1778420939.2538059,24,,,836,358.322317355,,,0.0,1.0443310737609863,0.4406721889972687,1.0,1.0443310737609863,,,,
1.0,9,1778420944.5763915,25,1.0340558290481567,0.0,849,363.645029697,1.0340558290481567,0.41570985317230225,,,,,,,,,
1.0,9,1778420965.460584,26,1.0608692169189453,0.0,899,384.529205256,1.0608692169189453,0.4545207917690277,,,,,,,,,
,9,1778420979.0158098,27,,,929,398.08420085,,,0.0,1.0462158918380737,0.4448629319667816,1.0,1.0462158918380737,,,,
1.0,10,1778420987.369711,28,0.9830098152160645,0.0,949,406.438111195,0.9830098152160645,0.4223428964614868,,,,,,,,,
1.0,10,1778421008.2720556,29,1.0383360385894775,0.0,999,427.340582041,1.0383360385894775,0.4426614046096802,,,,,,,,,
,10,1778421019.0370762,30,,,1022,438.105582722,,,0.0,1.0348730087280273,0.43701469898223877,1.0,1.0348730087280273,,,,
1.0,11,1778421030.3474796,31,1.0351923704147339,0.0,1049,449.416053759,1.0351923704147339,0.43112266063690186,,,,,,,,,
1.0,11,1778421051.268649,32,1.040069818496704,0.0,1099,470.337047081,1.040069818496704,0.44785696268081665,,,,,,,,,
,11,1778421058.9179785,33,,,1115,477.986530611,,,0.0,1.043747901916504,0.44064921140670776,1.0,1.043747901916504,,,,
1.0,12,1778421073.058525,34,1.0400011539459229,0.0,1149,492.126974218,1.0400011539459229,0.47646379470825195,,,,,,,,,
1.0,12,1778421093.9989939,35,1.0248793363571167,0.0,1199,513.067503877,1.0248793363571167,0.40284204483032227,,,,,,,,,
,12,1778421098.84365,36,,,1208,517.912154121,,,0.0,1.0425313711166382,0.4395493268966675,1.0,1.0425313711166382,,,,
1.0,13,1778421115.7588296,37,1.1136771440505981,0.0,1249,534.827257508,1.1136771440505981,0.4652472734451294,,,,,,,,,
1.0,13,1778421136.6197174,38,1.040296196937561,0.0,1299,555.688162036,1.040296196937561,0.46107399463653564,,,,,,,,,
,13,1778421138.4482849,39,,,1301,557.516820377,,,0.0,1.0417466163635254,0.4387975335121155,1.0,1.0417466163635254,,,,
1.0,14,1778421158.5131145,40,1.075817584991455,0.0,1349,577.581446275,1.075817584991455,0.40509968996047974,,,,,,,,,
,14,1778421178.429558,41,,,1394,597.497938749,,,0.0,1.037359595298767,0.4306618571281433,1.0,1.037359595298767,,,,
1.0,15,1778421180.4952638,42,1.0776729583740234,0.0,1399,599.563734937,1.0776729583740234,0.45986104011535645,,,,,,,,,
1.0,15,1778421201.3470688,43,1.0034397840499878,0.0,1449,620.415692504,1.0034397840499878,0.43248897790908813,,,,,,,,,
,15,1778421218.268701,44,,,1487,637.337259327,,,0.0,1.034749984741211,0.4303894340991974,1.0,1.034749984741211,,,,
1.0,16,1778421223.31104,45,1.0646517276763916,0.0,1499,642.379575624,1.0646517276763916,0.4248661696910858,,,,,,,,,
1.0,16,1778421244.035458,46,1.0628052949905396,0.0,1549,663.104002037,1.0628052949905396,0.4272480010986328,,,,,,,,,
,16,1778421258.0956957,47,,,1580,677.164256129,,,0.0,1.0412522554397583,0.43357881903648376,1.0,1.0412522554397583,,,,
1.0,17,1778421266.1026268,48,1.0318299531936646,0.0,1599,685.171094076,1.0318299531936646,0.46585768461227417,,,,,,,,,
1.0,17,1778421287.0388753,49,1.052602767944336,0.0,1649,706.107288879,1.052602767944336,0.4751768112182617,,,,,,,,,
,17,1778421298.1822424,50,,,1673,717.250712708,,,0.0,1.0335646867752075,0.4322147071361542,1.0,1.0335646867752075,,,,
1.0,18,1778421309.1426091,51,1.0347914695739746,0.0,1699,728.211212632,1.0347914695739746,0.43862560391426086,,,,,,,,,
1.0,18,1778421329.9813542,52,0.9991635084152222,0.0,1749,749.049832771,0.9991635084152222,0.41558772325515747,,,,,,,,,
,18,1778421338.21298,53,,,1766,757.28150009,,,0.0,1.0334147214889526,0.43233776092529297,1.0,1.0334147214889526,,,,
1.0,19,1778421351.9970915,54,1.1280486583709717,0.0,1799,771.065601342,1.1280486583709717,0.4347067177295685,,,,,,,,,
1.0,19,1778421372.8456495,55,1.047245740890503,0.0,1849,791.914082292,1.047245740890503,0.4628639221191406,,,,,,,,,
,19,1778421378.0777326,56,,,1859,797.146240396,,,0.0,1.038276195526123,0.4307047128677368,1.0,1.038276195526123,,,,
1.0,20,1778421394.915402,57,1.081092357635498,0.0,1899,813.983910982,1.081092357635498,0.4229543209075928,,,,,,,,,
1.0,20,1778421415.633086,58,0.9932423233985901,0.0,1949,834.701581203,0.9932423233985901,0.4012550711631775,,,,,,,,,
,20,1778421418.0038118,59,,,1952,837.072275876,,,0.0,1.0354056358337402,0.4274618923664093,1.0,1.0354056358337402,,,,
1.0,21,1778421437.4687083,60,1.0576640367507935,0.0,1999,856.537207273,1.0576640367507935,0.4234558939933777,,,,,,,,,
,21,1778421457.4317448,61,,,2045,876.500218307,,,0.0,1.0321524143218994,0.42786964774131775,1.0,1.0321524143218994,,,,
1.0,22,1778421459.095378,62,1.0217163562774658,0.0,2049,878.163631472,1.0217163562774658,0.4059752821922302,,,,,,,,,
1.0,22,1778421479.9558043,63,1.0246227979660034,0.0,2099,899.024308614,1.0246227979660034,0.4218289256095886,,,,,,,,,
,22,1778421497.026414,64,,,2138,916.094900972,,,0.0,1.0294156074523926,0.4250175356864929,1.0,1.0294156074523926,,,,
1.0,23,1778421501.6122687,65,1.0707323551177979,0.0,2149,920.680668442,1.0707323551177979,0.45725035667419434,,,,,,,,,
1.0,23,1778421522.1588106,66,0.9998377561569214,0.0,2199,941.227300766,0.9998377561569214,0.4269922375679016,,,,,,,,,
,23,1778421536.2836287,67,,,2231,955.352127382,,,0.0,1.0410115718841553,0.43059390783309937,1.0,1.0410115718841553,,,,
1.0,24,1778421543.7030163,68,0.9985029697418213,0.0,2249,962.771453203,0.9985029697418213,0.4140886068344116,,,,,,,,,
1.0,24,1778421564.467169,69,1.0495132207870483,0.0,2299,983.535572765,1.0495132207870483,0.42495065927505493,,,,,,,,,
,24,1778421575.9349544,70,,,2324,995.003387193,,,0.0,1.0315546989440918,0.42804697155952454,1.0,1.0315546989440918,,,,
1.0,25,1778421586.2714896,71,1.0118579864501953,0.0,2349,1005.340010366,1.0118579864501953,0.43531322479248047,,,,,,,,,
1.0,25,1778421607.3267057,72,1.0414594411849976,0.0,2399,1026.395129639,1.0414594411849976,0.43534672260284424,,,,,,,,,
,25,1778421615.8518968,73,,,2417,1034.920405678,,,0.0,1.03315007686615,0.4264737665653229,1.0,1.03315007686615,,,,
1.0,26,1778421629.3109336,74,1.0329965353012085,0.0,2449,1048.379513947,1.0329965353012085,0.4142811894416809,,,,,,,,,
1.0,26,1778421650.3872857,75,1.0100359916687012,0.0,2499,1069.455666881,1.0100359916687012,0.4114914536476135,,,,,,,,,
,26,1778421656.0803607,76,,,2510,1075.148834654,,,0.0,1.026443600654602,0.4255761504173279,1.0,1.026443600654602,,,,
1.0,27,1778421672.1480505,77,1.0588165521621704,0.0,2549,1091.216492957,1.0588165521621704,0.4278048872947693,,,,,,,,,
1.0,27,1778421692.8613482,78,1.0640724897384644,0.0,2599,1111.92975208,1.0640724897384644,0.4482593238353729,,,,,,,,,
,27,1778421695.4868517,79,,,2603,1114.555275095,,,0.0,1.0345536470413208,0.42578768730163574,1.0,1.0345536470413208,,,,
1.0,28,1778421714.5078185,80,1.0323889255523682,0.0,2649,1133.57638796,1.0323889255523682,0.42909765243530273,,,,,,,,,
,28,1778421735.1056845,81,,,2696,1154.174199771,,,0.0,1.0288389921188354,0.4230037331581116,1.0,1.0288389921188354,,,,
1.0,29,1778421736.339831,82,1.0615850687026978,0.0,2699,1155.408215535,1.0615850687026978,0.4582975506782532,,,,,,,,,
1.0,29,1778421757.0924869,83,1.0539573431015015,0.0,2749,1176.160853271,1.0539573431015015,0.4398195147514343,,,,,,,,,
,29,1778421774.711825,84,,,2789,1193.780379671,,,0.0,1.0368845462799072,0.4275869131088257,1.0,1.0368845462799072,,,,
,30,1778421787.265321,85,,,2790,1206.333829685,,,,,,,,1.0431718826293945,0.4295360743999481,11.505142211914062,4.069451808929443
