w_accuracy_step,w_stability_step,epoch,trainer/global_step,_step,tloss_step,_timestamp,_runtime,tloss_a_step,tloss_s_step,tloss_a_epoch,tloss_s_epoch,tloss_epoch,w_accuracy_epoch,w_stability_epoch,sMAPE,sMAPC,RMSSE,RMSSC
1.0,0.0,0,49,0,1.1867759227752686,1778393850.4716384,21.243711961,1.1867759227752686,0.3838711977005005,,,,,,,,,
,,0,92,1,,1778393869.0062683,39.778278444,,,1.3018056154251099,0.4033457934856415,1.3018056154251099,1.0,0.0,,,,
1.0,0.0,1,99,2,1.0866472721099854,1778393871.8256564,42.597580119,1.0866472721099854,0.39703142642974854,,,,,,,,,
1.0,0.0,1,149,3,1.0876107215881348,1778393892.4117303,63.183736083,1.0876107215881348,0.4090362787246704,,,,,,,,,
,,1,185,4,,1778393908.223088,78.995157393,,,1.1203811168670654,0.39153942465782166,1.1203811168670654,1.0,0.0,,,,
1.0,0.0,2,199,5,1.1796367168426514,1778393913.998255,84.770315254,1.1796367168426514,0.39006468653678894,,,,,,,,,
1.0,0.0,2,249,6,1.0903732776641846,1778393934.4964507,105.268392905,1.0903732776641846,0.4508515000343323,,,,,,,,,
,,2,278,7,,1778393947.4658616,118.237958023,,,1.0770180225372314,0.39526310563087463,1.0770180225372314,1.0,0.0,,,,
1.0,0.0,3,299,8,1.0562288761138916,1778393956.211175,126.983231488,1.0562288761138916,0.40205439925193787,,,,,,,,,
1.0,0.0,3,349,9,1.1074697971343994,1778393976.782389,147.554399396,1.1074697971343994,0.4407062530517578,,,,,,,,,
,,3,371,10,,1778393986.94991,157.721997668,,,1.0514521598815918,0.3925292193889618,1.0514521598815918,1.0,0.0,,,,
1.0,0.0,4,399,11,1.0325392484664917,1778393998.5420368,169.314025473,1.0325392484664917,0.40837928652763367,,,,,,,,,
1.0,0.0,4,449,12,1.004034161567688,1778394019.0868728,189.858839299,1.004034161567688,0.3950807452201843,,,,,,,,,
,,4,464,13,,1778394026.285041,197.057242577,,,1.0268114805221558,0.40660858154296875,1.0268114805221558,1.0,0.0,,,,
1.0,0.0,5,499,14,1.0423632860183716,1778394040.7809565,211.552907418,1.0423632860183716,0.4594341814517975,,,,,,,,,
1.0,0.0,5,549,15,0.983893096446991,1778394061.1811428,231.953328162,0.983893096446991,0.37196218967437744,,,,,,,,,
,,5,557,16,,1778394065.5933979,236.365557155,,,1.0192525386810303,0.4127815067768097,1.0192525386810303,1.0,0.0,,,,
1.0,0.0,6,599,17,0.9434061050415039,1778394082.9945672,253.766807584,0.9434061050415039,0.3989936113357544,,,,,,,,,
1.0,0.0,6,649,18,1.0196444988250732,1778394103.5385687,274.310761372,1.0196444988250732,0.4407005310058594,,,,,,,,,
,,6,650,19,,1778394104.959925,275.732006374,,,0.9867802262306213,0.426015168428421,0.9867802262306213,1.0,0.0,,,,
1.0,0.0,7,699,20,1.0081652402877808,1778394125.3953922,296.167372861,1.0081652402877808,0.4639815092086792,,,,,,,,,
,,7,743,21,,1778394144.6064138,315.378456285,,,0.9883893728256226,0.4331245720386505,0.9883893728256226,1.0,0.0,,,,
1.0,0.0,8,749,22,0.9465284943580627,1778394147.0472944,317.819268924,0.9465284943580627,0.3999525010585785,,,,,,,,,
1.0,0.0,8,799,23,0.9127206206321716,1778394167.769041,338.541026696,0.9127206206321716,0.4067140519618988,,,,,,,,,
,,8,836,24,,1778394184.0629225,354.834953452,,,0.9587001800537109,0.44129952788352966,0.9587001800537109,1.0,0.0,,,,
1.0,0.0,9,849,25,0.9145514965057373,1778394189.4746263,360.246803085,0.9145514965057373,0.4647338390350342,,,,,,,,,
1.0,0.0,9,899,26,0.9406639337539673,1778394210.237535,381.009733017,0.9406639337539673,0.4658334255218506,,,,,,,,,
,,9,929,27,,1778394223.641265,394.413555123,,,0.9376479983329773,0.4603627920150757,0.9376479983329773,1.0,0.0,,,,
1.0,0.0,10,949,28,0.9363518953323364,1778394231.83977,402.611902468,0.9363518953323364,0.49142420291900635,,,,,,,,,
1.0,0.0,10,999,29,0.9160958528518677,1778394252.5635853,423.33553835,0.9160958528518677,0.47927215695381165,,,,,,,,,
,,10,1022,30,,1778394263.0101082,433.782147401,,,0.9233183264732361,0.46886229515075684,0.9233183264732361,1.0,0.0,,,,
1.0,0.0,11,1049,31,0.9407593011856079,1778394274.2356608,445.007718518,0.9407593011856079,0.4695330858230591,,,,,,,,,
1.0,0.0,11,1099,32,0.8990364074707031,1778394294.9922433,465.764288948,0.8990364074707031,0.47890007495880127,,,,,,,,,
,,11,1115,33,,1778394302.6489174,473.421078554,,,0.8999465703964233,0.4789128005504608,0.8999465703964233,1.0,0.0,,,,
1.0,0.0,12,1149,34,0.9479957818984985,1778394316.7667718,487.538912921,0.9479957818984985,0.5537517666816711,,,,,,,,,
1.0,0.0,12,1199,35,0.8675412535667419,1778394337.4878888,508.259892783,0.8675412535667419,0.48965543508529663,,,,,,,,,
,,12,1208,36,,1778394342.331957,513.104011031,,,0.892632007598877,0.48820823431015015,0.892632007598877,1.0,0.0,,,,
1.0,0.0,13,1249,37,0.9259910583496094,1778394359.3650093,530.13695049,0.9259910583496094,0.53631991147995,,,,,,,,,
1.0,0.0,13,1299,38,0.8800510764122009,1778394380.1505437,550.922468179,0.8800510764122009,0.49086809158325195,,,,,,,,,
,,13,1301,39,,1778394381.9868555,552.75884938,,,0.865898847579956,0.4852950870990753,0.865898847579956,1.0,0.0,,,,
1.0,0.0,14,1349,40,0.7724863886833191,1778394401.7267542,572.498817622,0.7724863886833191,0.46666622161865234,,,,,,,,,
,,14,1394,41,,1778394421.286874,592.058990975,,,0.8409705758094788,0.479244202375412,0.8409705758094788,1.0,0.0,,,,
1.0,0.0,15,1399,42,0.8090394735336304,1778394423.3127723,594.084791788,0.8090394735336304,0.4746253192424774,,,,,,,,,
1.0,0.0,15,1449,43,0.794448971748352,1778394444.0652418,614.837306768,0.794448971748352,0.4953429698944092,,,,,,,,,
,,15,1487,44,,1778394460.9395561,631.711624045,,,0.829075813293457,0.4972262978553772,0.829075813293457,1.0,0.0,,,,
1.0,0.0,16,1499,45,0.8417952060699463,1778394465.9674544,636.739655221,0.8417952060699463,0.484167218208313,,,,,,,,,
1.0,0.0,16,1549,46,0.8167515397071838,1778394486.6007454,657.372869628,0.8167515397071838,0.48159486055374146,,,,,,,,,
,,16,1580,47,,1778394500.4833047,671.255427326,,,0.810103714466095,0.49721604585647583,0.810103714466095,1.0,0.0,,,,
1.0,0.0,17,1599,48,0.8827362060546875,1778394508.346674,679.118767668,0.8827362060546875,0.4964289665222168,,,,,,,,,
1.0,0.0,17,1649,49,0.7524553537368774,1778394529.1638567,699.935949405,0.7524553537368774,0.4814819097518921,,,,,,,,,
,,17,1673,50,,1778394540.2060893,710.978175066,,,0.794226348400116,0.49833714962005615,0.794226348400116,1.0,0.0,,,,
1.0,0.0,18,1699,51,0.7598823308944702,1778394551.0897012,721.861814155,0.7598823308944702,0.5024924874305725,,,,,,,,,
1.0,0.0,18,1749,52,0.7565994262695312,1778394571.7703753,742.542575028,0.7565994262695312,0.48282313346862793,,,,,,,,,
,,18,1766,53,,1778394579.7746882,750.546723463,,,0.7746725678443909,0.49384623765945435,0.7746725678443909,1.0,0.0,,,,
1.0,0.0,19,1799,54,0.7145212888717651,1778394593.3710842,764.143273164,0.7145212888717651,0.4433557093143463,,,,,,,,,
1.0,0.0,19,1849,55,0.7268166542053223,1778394614.0423074,784.814493454,0.7268166542053223,0.4788997769355774,,,,,,,,,
,,19,1859,56,,1778394619.253016,790.025055538,,,0.7742152214050293,0.48324304819107056,0.7742152214050293,1.0,0.0,,,,
1.0,0.0,20,1899,57,0.7545960545539856,1778394635.658845,806.430852541,0.7545960545539856,0.480782687664032,,,,,,,,,
1.0,0.0,20,1949,58,0.7460218667984009,1778394656.3116164,827.083585705,0.7460218667984009,0.4850428104400635,,,,,,,,,
,,20,1952,59,,1778394658.5356004,829.30773746,,,0.7536447048187256,0.49003762006759644,0.7536447048187256,1.0,0.0,,,,
1.0,0.0,21,1999,60,0.7937427759170532,1778394677.9584253,848.730664671,0.7937427759170532,0.5227499008178711,,,,,,,,,
,,21,2045,61,,1778394698.2260559,868.998216518,,,0.7479727864265442,0.49811357259750366,0.7479727864265442,1.0,0.0,,,,
1.0,0.0,22,2049,62,0.6866006851196289,1778394699.8795013,870.651500548,0.6866006851196289,0.4331674575805664,,,,,,,,,
1.0,0.0,22,2099,63,0.714482843875885,1778394720.8412411,891.613297724,0.714482843875885,0.5006029605865479,,,,,,,,,
,,22,2138,64,,1778394738.0416474,908.813784987,,,0.7212055325508118,0.4864431917667389,0.7212055325508118,1.0,0.0,,,,
1.0,0.0,23,2149,65,0.7223739624023438,1778394742.6822128,913.454301814,0.7223739624023438,0.49037599563598633,,,,,,,,,
1.0,0.0,23,2199,66,0.7360153198242188,1778394763.2214718,933.993547016,0.7360153198242188,0.494853675365448,,,,,,,,,
,,23,2231,67,,1778394777.5866542,948.358746055,,,0.7036993503570557,0.4895264804363251,0.7036993503570557,1.0,0.0,,,,
1.0,0.0,24,2249,68,0.658403754234314,1778394785.0662937,955.838361431,0.658403754234314,0.45479288697242737,,,,,,,,,
1.0,0.0,24,2299,69,0.7177842855453491,1778394805.6412833,976.413350214,0.7177842855453491,0.5227811336517334,,,,,,,,,
,,24,2324,70,,1778394817.0482132,987.820307345,,,0.7046790719032288,0.48819929361343384,0.7046790719032288,1.0,0.0,,,,
1.0,0.0,25,2349,71,0.6567620038986206,1778394827.4890084,998.261112755,0.6567620038986206,0.4574202299118042,,,,,,,,,
1.0,0.0,25,2399,72,0.7296881675720215,1778394848.1873074,1018.95939526,0.7296881675720215,0.49112415313720703,,,,,,,,,
,,25,2417,73,,1778394856.807688,1027.579857179,,,0.6929590106010437,0.4845745861530304,0.6929590106010437,1.0,0.0,,,,
1.0,0.0,26,2449,74,0.7366281151771545,1778394870.058269,1040.830321613,0.7366281151771545,0.5044956803321838,,,,,,,,,
1.0,0.0,26,2499,75,0.6777278184890747,1778394890.6745923,1061.446719799,0.6777278184890747,0.4657492935657501,,,,,,,,,
,,26,2510,76,,1778394896.2905297,1067.062613405,,,0.6763960719108582,0.48866379261016846,0.6763960719108582,1.0,0.0,,,,
1.0,0.0,27,2549,77,0.6333569884300232,1778394912.5496666,1083.321618729,0.6333569884300232,0.4475431740283966,,,,,,,,,
1.0,0.0,27,2599,78,0.6158409714698792,1778394933.352817,1104.124792691,0.6158409714698792,0.4554688334465027,,,,,,,,,
,,27,2603,79,,1778394935.9981198,1106.770323033,,,0.6596817970275879,0.4827060401439667,0.6596817970275879,1.0,0.0,,,,
1.0,0.0,28,2649,80,0.6397153735160828,1778394954.9106452,1125.682759926,0.6397153735160828,0.4584430158138275,,,,,,,,,
,,28,2696,81,,1778394975.1904569,1145.962710011,,,0.6543453931808472,0.4800543785095215,0.6543453931808472,1.0,0.0,,,,
1.0,0.0,29,2699,82,0.5984100103378296,1778394976.4121025,1147.184153277,0.5984100103378296,0.47493776679039,,,,,,,,,
1.0,0.0,29,2749,83,0.6770901679992676,1778394997.1745987,1167.946777581,0.6770901679992676,0.49427294731140137,,,,,,,,,
,,29,2789,84,,1778395014.8494632,1185.621537686,,,0.6492294669151306,0.4761037528514862,0.6492294669151306,1.0,0.0,,,,
1.0,0.0,30,2799,85,0.5716248750686646,1778395019.1229327,1189.895096083,0.5716248750686646,0.4498193562030792,,,,,,,,,
1.0,0.0,30,2849,86,0.5872969627380371,1778395039.981141,1210.753379547,0.5872969627380371,0.47170740365982056,,,,,,,,,
,,30,2882,87,,1778395054.7359393,1225.508206355,,,0.6277097463607788,0.47144633531570435,0.6277097463607788,1.0,0.0,,,,
1.0,0.0,31,2899,88,0.6280688047409058,1778395061.8048213,1232.576914068,0.6280688047409058,0.46773678064346313,,,,,,,,,
1.0,0.0,31,2949,89,0.6155707836151123,1778395082.6411226,1253.413295792,0.6155707836151123,0.45690032839775085,,,,,,,,,
,,31,2975,90,,1778395094.5084455,1265.280605089,,,0.6147754192352295,0.468174546957016,0.6147754192352295,1.0,0.0,,,,
1.0,0.0,32,2999,91,0.6521728038787842,1778395104.5703871,1275.342524767,0.6521728038787842,0.48070651292800903,,,,,,,,,
1.0,0.0,32,3049,92,0.646493136882782,1778395125.2631097,1296.035333171,0.646493136882782,0.47236570715904236,,,,,,,,,
,,32,3068,93,,1778395134.1299279,1304.902161872,,,0.6085357069969177,0.46761050820350647,0.6085357069969177,1.0,0.0,,,,
1.0,0.0,33,3099,94,0.603743851184845,1778395146.9995458,1317.771743885,0.603743851184845,0.45807361602783203,,,,,,,,,
1.0,0.0,33,3149,95,0.5892686247825623,1778395167.8105896,1338.582775312,0.5892686247825623,0.4848971366882324,,,,,,,,,
,,33,3161,96,,1778395173.843422,1344.615657129,,,0.6101974844932556,0.47357311844825745,0.6101974844932556,1.0,0.0,,,,
1.0,0.0,34,3199,97,0.6145340204238892,1778395189.545017,1360.317110129,0.6145340204238892,0.462977796792984,,,,,,,,,
1.0,0.0,34,3249,98,0.5837384462356567,1778395210.420614,1381.19270344,0.5837384462356567,0.46310317516326904,,,,,,,,,
,,34,3254,99,,1778395213.4952233,1384.267445606,,,0.5853132605552673,0.4585575759410858,0.5853132605552673,1.0,0.0,,,,
1.0,0.0,35,3299,100,0.615256130695343,1778395232.2269597,1402.999082668,0.615256130695343,0.5246669054031372,,,,,,,,,
,,35,3347,101,,1778395253.2590728,1424.03126663,,,0.5760932564735413,0.4614010453224182,0.5760932564735413,1.0,0.0,,,,
1.0,0.0,36,3349,102,0.5756844282150269,1778395254.0928776,1424.864845014,0.5756844282150269,0.46772530674934387,,,,,,,,,
1.0,0.0,36,3399,103,0.5605909824371338,1778395274.796759,1445.569018131,0.5605909824371338,0.42013680934906006,,,,,,,,,
,,36,3440,104,,1778395292.8904927,1463.662649491,,,0.5653563141822815,0.4535408020019531,0.5653563141822815,1.0,0.0,,,,
1.0,0.0,37,3449,105,0.590678870677948,1778395296.7160444,1467.487968017,0.590678870677948,0.4448394179344177,,,,,,,,,
1.0,0.0,37,3499,106,0.6189785599708557,1778395317.3601582,1488.132222096,0.6189785599708557,0.48370522260665894,,,,,,,,,
,,37,3533,107,,1778395332.6816652,1503.455568403,,,0.5637611150741577,0.45173752307891846,0.5637611150741577,1.0,0.0,,,,
1.0,0.0,38,3549,108,0.5741052627563477,1778395339.4109495,1510.182890105,0.5741052627563477,0.4461538791656494,,,,,,,,,
1.0,0.0,38,3599,109,0.574342668056488,1778395360.218602,1530.990489285,0.574342668056488,0.46104347705841064,,,,,,,,,
,,38,3626,110,,1778395372.5026674,1543.274665702,,,0.5470678806304932,0.45088863372802734,0.5470678806304932,1.0,0.0,,,,
1.0,0.0,39,3649,111,0.5254731178283691,1778395382.1914957,1552.963434967,0.5254731178283691,0.4326067566871643,,,,,,,,,
1.0,0.0,39,3699,112,0.527281641960144,1778395403.0592964,1573.831395607,0.527281641960144,0.42578262090682983,,,,,,,,,
,,39,3719,113,,1778395412.560269,1583.332416016,,,0.5357668995857239,0.44044163823127747,0.5357668995857239,1.0,0.0,,,,
1.0,0.0,40,3749,114,0.5232676267623901,1778395425.133107,1595.905282796,0.5232676267623901,0.42963719367980957,,,,,,,,,
1.0,0.0,40,3799,115,0.5109857320785522,1778395446.0015702,1616.773584084,0.5109857320785522,0.389756441116333,,,,,,,,,
,,40,3812,116,,1778395452.4649913,1623.237175989,,,0.5234568119049072,0.43244442343711853,0.5234568119049072,1.0,0.0,,,,
1.0,0.0,41,3849,117,0.4976072311401367,1778395467.8384824,1638.610552586,0.4976072311401367,0.4132648706436157,,,,,,,,,
1.0,0.0,41,3899,118,0.5210874080657959,1778395488.4664805,1659.23850873,0.5210874080657959,0.41182374954223633,,,,,,,,,
,,41,3905,119,,1778395492.063504,1662.835552573,,,0.5123026371002197,0.42588192224502563,0.5123026371002197,1.0,0.0,,,,
1.0,0.0,42,3949,120,0.5352941751480103,1778395510.2625191,1681.034476456,0.5352941751480103,0.45846179127693176,,,,,,,,,
,,42,3998,121,,1778395531.4383345,1702.210353859,,,0.5153183937072754,0.43569415807724,0.5153183937072754,1.0,0.0,,,,
1.0,0.0,43,3999,122,0.5085645914077759,1778395531.865681,1702.637535879,0.5085645914077759,0.41202542185783386,,,,,,,,,
1.0,0.0,43,4049,123,0.5206451416015625,1778395552.519419,1723.291396272,0.5206451416015625,0.41957521438598633,,,,,,,,,
,,43,4091,124,,1778395570.7120237,1741.484241649,,,0.5005709528923035,0.43029412627220154,0.5005709528923035,1.0,0.0,,,,
1.0,0.0,44,4099,125,0.5411080121994019,1778395574.1479855,1744.920075999,0.5411080121994019,0.4561935067176819,,,,,,,,,
1.0,0.0,44,4149,126,0.46636444330215454,1778395594.613613,1765.385809625,0.46636444330215454,0.4010045826435089,,,,,,,,,
,,44,4184,127,,1778395609.9188778,1780.690991898,,,0.4979719817638397,0.43037325143814087,0.4979719817638397,1.0,0.0,,,,
1.0,0.0,45,4199,128,0.4447999596595764,1778395616.1036656,1786.875649368,0.4447999596595764,0.3979429602622986,,,,,,,,,
1.0,0.0,45,4249,129,0.5226800441741943,1778395636.7450528,1807.517107914,0.5226800441741943,0.4484003484249115,,,,,,,,,
,,45,4277,130,,1778395649.2771587,1820.049257754,,,0.4923151135444641,0.43031972646713257,0.4923151135444641,1.0,0.0,,,,
1.0,0.0,46,4299,131,0.5409042835235596,1778395658.261212,1829.033181863,0.5409042835235596,0.44070056080818176,,,,,,,,,
1.0,0.0,46,4349,132,0.47629469633102417,1778395678.8567061,1849.628640911,0.47629469633102417,0.4075777232646942,,,,,,,,,
,,46,4370,133,,1778395688.435151,1859.207238883,,,0.49144789576530457,0.4268089532852173,0.49144789576530457,1.0,0.0,,,,
1.0,0.0,47,4399,134,0.5267627239227295,1778395700.3554113,1871.127486664,0.5267627239227295,0.43162432312965393,,,,,,,,,
1.0,0.0,47,4449,135,0.4109492897987366,1778395721.1574912,1891.929453279,0.4109492897987366,0.369767963886261,,,,,,,,,
,,47,4463,136,,1778395728.0060465,1898.778148653,,,0.4769223928451538,0.4197385907173157,0.4769223928451538,1.0,0.0,,,,
1.0,0.0,48,4499,137,0.46734511852264404,1778395742.9677129,1913.739833946,0.46734511852264404,0.41173839569091797,,,,,,,,,
1.0,0.0,48,4549,138,0.45062267780303955,1778395763.8308332,1934.603005549,0.45062267780303955,0.3945798873901367,,,,,,,,,
,,48,4556,139,,1778395767.7023144,1938.474508317,,,0.4624653458595276,0.4084432125091553,0.4624653458595276,1.0,0.0,,,,
1.0,0.0,49,4599,140,0.4933803677558899,1778395785.6794305,1956.451502179,0.4933803677558899,0.42816078662872314,,,,,,,,,
1.0,0.0,49,4649,141,0.43120843172073364,1778395806.6057985,1977.377884414,0.43120843172073364,0.4079161286354065,,,,,,,,,
,,49,4649,142,,1778395807.636035,1978.408113096,,,0.4643329381942749,0.41814249753952026,0.4643329381942749,1.0,0.0,,,,
1.0,0.0,50,4699,143,0.43271976709365845,1778395828.4417038,1999.213810113,0.43271976709365845,0.4199124574661255,,,,,,,,,
,,50,4742,144,,1778395847.4050853,2018.177289687,,,0.4515964090824127,0.4127621352672577,0.4515964090824127,1.0,0.0,,,,
1.0,0.0,51,4749,145,0.4648192822933197,1778395850.4189324,2021.19097205,0.4648192822933197,0.42234712839126587,,,,,,,,,
1.0,0.0,51,4799,146,0.4863162636756897,1778395871.062121,2041.834267946,0.4863162636756897,0.41941699385643005,,,,,,,,,
,,51,4835,147,,1778395887.075375,2057.847457737,,,0.4499339163303375,0.4091639816761017,0.4499339163303375,1.0,0.0,,,,
1.0,0.0,52,4849,148,0.4404727518558502,1778395892.9205437,2063.692638597,0.4404727518558502,0.37237876653671265,,,,,,,,,
1.0,0.0,52,4899,149,0.4286060631275177,1778395913.5707893,2084.342956912,0.4286060631275177,0.3934725522994995,,,,,,,,,
,,52,4928,150,,1778395926.516938,2097.28898669,,,0.4422624111175537,0.40273532271385193,0.4422624111175537,1.0,0.0,,,,
1.0,0.0,53,4949,151,0.41293054819107056,1778395935.2523477,2106.024319187,0.41293054819107056,0.3796863555908203,,,,,,,,,
1.0,0.0,53,4999,152,0.4269980490207672,1778395955.7654073,2126.537491393,0.4269980490207672,0.39601436257362366,,,,,,,,,
,,53,5021,153,,1778395965.9240384,2136.696170039,,,0.42878225445747375,0.40431898832321167,0.42878225445747375,1.0,0.0,,,,
1.0,0.0,54,5049,154,0.4571390151977539,1778395977.52705,2148.299105463,0.4571390151977539,0.4233626425266266,,,,,,,,,
1.0,0.0,54,5099,155,0.4427949786186218,1778395998.0761206,2168.848264975,0.4427949786186218,0.4139445126056671,,,,,,,,,
,,54,5114,156,,1778396005.2693098,2176.041454063,,,0.4329100549221039,0.39922189712524414,0.4329100549221039,1.0,0.0,,,,
1.0,0.0,55,5149,157,0.4348349869251251,1778396019.812608,2190.58461168,0.4348349869251251,0.42762401700019836,,,,,,,,,
1.0,0.0,55,5199,158,0.41227471828460693,1778396040.434456,2211.206476339,0.41227471828460693,0.3733859062194824,,,,,,,,,
,,55,5207,159,,1778396044.8094983,2215.5816111,,,0.42334386706352234,0.39315226674079895,0.42334386706352234,1.0,0.0,,,,
1.0,0.0,56,5249,160,0.41207510232925415,1778396062.2656362,2233.037848511,0.41207510232925415,0.37298858165740967,,,,,,,,,
1.0,0.0,56,5299,161,0.36859333515167236,1778396082.8736143,2253.645744936,0.36859333515167236,0.3571992814540863,,,,,,,,,
,,56,5300,162,,1778396084.2826393,2255.054844858,,,0.41708558797836304,0.39421483874320984,0.41708558797836304,1.0,0.0,,,,
1.0,0.0,57,5349,163,0.43827497959136963,1778396104.7041187,2275.47624695,0.43827497959136963,0.37410813570022583,,,,,,,,,
,,57,5393,164,,1778396123.986889,2294.759169609,,,0.41395631432533264,0.3891417682170868,0.41395631432533264,1.0,0.0,,,,
1.0,0.0,58,5399,165,0.3936179280281067,1778396126.4540796,2297.226220429,0.3936179280281067,0.3767161965370178,,,,,,,,,
1.0,0.0,58,5449,166,0.4186413884162903,1778396147.4558852,2318.228057124,0.4186413884162903,0.39819735288619995,,,,,,,,,
,,58,5486,167,,1778396163.8285136,2334.600753883,,,0.4003427028656006,0.38050246238708496,0.4003427028656006,1.0,0.0,,,,
1.0,0.0,59,5499,168,0.41385194659233093,1778396169.2795205,2340.051490299,0.41385194659233093,0.40343594551086426,,,,,,,,,
1.0,0.0,59,5549,169,0.4151897728443146,1778396190.203227,2360.975196253,0.4151897728443146,0.3790142834186554,,,,,,,,,
,,59,5579,170,,1778396203.7307165,2374.503353242,,,0.410315603017807,0.3883480727672577,0.410315603017807,1.0,0.0,,,,
1.0,0.0,60,5599,171,0.3749314546585083,1778396212.026239,2382.798144478,0.3749314546585083,0.3627853989601135,,,,,,,,,
1.0,0.0,60,5649,172,0.35915857553482056,1778396232.9191546,2403.691153056,0.35915857553482056,0.36490023136138916,,,,,,,,,
,,60,5672,173,,1778396243.4005404,2414.172595487,,,0.3916763663291931,0.37921589612960815,0.3916763663291931,1.0,0.0,,,,
1.0,0.0,61,5699,174,0.4144299626350403,1778396254.471104,2425.243061872,0.4144299626350403,0.3879672884941101,,,,,,,,,
1.0,0.0,61,5749,175,0.3596121370792389,1778396274.9811966,2445.753104999,0.3596121370792389,0.35520943999290466,,,,,,,,,
,,61,5765,176,,1778396282.5109344,2453.282973364,,,0.3967486023902893,0.3811837136745453,0.3967486023902893,1.0,0.0,,,,
1.0,0.0,62,5799,177,0.37247443199157715,1778396296.430963,2467.20288926,0.37247443199157715,0.3657786250114441,,,,,,,,,
1.0,0.0,62,5849,178,0.405285120010376,1778396316.7637107,2487.535711159,0.405285120010376,0.38409578800201416,,,,,,,,,
,,62,5858,179,,1778396321.4898934,2492.261888437,,,0.3916628360748291,0.3809991776943207,0.3916628360748291,1.0,0.0,,,,
1.0,0.0,63,5899,180,0.3591872453689575,1778396338.3310468,2509.102960979,0.3591872453689575,0.35509341955184937,,,,,,,,,
1.0,0.0,63,5949,181,0.3654349744319916,1778396358.847857,2529.619874338,0.3654349744319916,0.39079853892326355,,,,,,,,,
,,63,5951,182,,1778396360.6531436,2531.425215459,,,0.38063377141952515,0.37150800228118896,0.38063377141952515,1.0,0.0,,,,
1.0,0.0,64,5999,183,0.3650783896446228,1778396380.2942796,2551.066209512,0.3650783896446228,0.40028116106987,,,,,,,,,
,,64,6044,184,,1778396399.8446681,2570.616831183,,,0.3750259578227997,0.3656802475452423,0.3750259578227997,1.0,0.0,,,,
1.0,0.0,65,6049,185,0.3442714512348175,1778396401.9625726,2572.734631427,0.3442714512348175,0.3236791491508484,,,,,,,,,
1.0,0.0,65,6099,186,0.3412136733531952,1778396423.0820284,2593.854155865,0.3412136733531952,0.33985668420791626,,,,,,,,,
,,65,6137,187,,1778396440.025358,2610.797305021,,,0.35181623697280884,0.34177809953689575,0.35181623697280884,1.0,0.0,,,,
1.0,0.0,66,6149,188,0.381648987531662,1778396445.0203083,2615.792233326,0.381648987531662,0.3790241479873657,,,,,,,,,
1.0,0.0,66,6199,189,0.3658737540245056,1778396465.4858809,2636.257843237,0.3658737540245056,0.3640390932559967,,,,,,,,,
,,66,6230,190,,1778396479.226357,2649.998399238,,,0.3708260953426361,0.3615516722202301,0.3708260953426361,1.0,0.0,,,,
1.0,0.0,67,6249,191,0.35527801513671875,1778396487.1311555,2657.903156823,0.35527801513671875,0.3315536379814148,,,,,,,,,
1.0,0.0,67,6299,192,0.3660563826560974,1778396507.966609,2678.738532632,0.3660563826560974,0.3591429591178894,,,,,,,,,
,,67,6323,193,,1778396519.0412061,2689.813234032,,,0.3507052958011627,0.3412191569805145,0.3507052958011627,1.0,0.0,,,,
1.0,0.0,68,6349,194,0.3527384400367737,1778396529.871478,2700.643353799,0.3527384400367737,0.38633042573928833,,,,,,,,,
1.0,0.0,68,6399,195,0.3951094150543213,1778396550.5444617,2721.316371522,0.3951094150543213,0.3806079626083374,,,,,,,,,
,,68,6416,196,,1778396558.5748193,2729.346806962,,,0.3685905337333679,0.3664901852607727,0.3685905337333679,1.0,0.0,,,,
1.0,0.0,69,6449,197,0.3201199769973755,1778396572.2129197,2742.984882739,0.3201199769973755,0.31846103072166443,,,,,,,,,
1.0,0.0,69,6499,198,0.3424886465072632,1778396592.9150944,2763.687086736,0.3424886465072632,0.351718008518219,,,,,,,,,
,,69,6509,199,,1778396598.1580577,2768.930117023,,,0.3559783697128296,0.35948455333709717,0.3559783697128296,1.0,0.0,,,,
1.0,0.0,70,6549,200,0.3679332435131073,1778396614.7639532,2785.536185775,0.3679332435131073,0.34151315689086914,,,,,,,,,
1.0,0.0,70,6599,201,0.3389403820037842,1778396635.6853204,2806.457456846,0.3389403820037842,0.3534269630908966,,,,,,,,,
,,70,6602,202,,1778396637.9324372,2808.704451182,,,0.36240968108177185,0.35832419991493225,0.36240968108177185,1.0,0.0,,,,
1.0,0.0,71,6649,203,0.39311087131500244,1778396657.3773687,2828.149466028,0.39311087131500244,0.3810666799545288,,,,,,,,,
,,71,6695,204,,1778396677.6024148,2848.374607468,,,0.356055349111557,0.3570503294467926,0.356055349111557,1.0,0.0,,,,
1.0,0.0,72,6699,205,0.37385186553001404,1778396679.2533238,2850.025299595,0.37385186553001404,0.3783718943595886,,,,,,,,,
1.0,0.0,72,6749,206,0.3688170909881592,1778396700.1379652,2870.909936066,0.3688170909881592,0.37200742959976196,,,,,,,,,
,,72,6788,207,,1778396717.3183153,2888.090316353,,,0.36609193682670593,0.36883577704429626,0.36609193682670593,1.0,0.0,,,,
1.0,0.0,73,6799,208,0.360888808965683,1778396721.9733875,2892.745421981,0.360888808965683,0.3642852306365967,,,,,,,,,
1.0,0.0,73,6849,209,0.35179397463798523,1778396742.760336,2913.532359764,0.35179397463798523,0.32387101650238037,,,,,,,,,
,,73,6881,210,,1778396757.3174205,2928.089355361,,,0.3480999171733856,0.3502286374568939,0.3480999171733856,1.0,0.0,,,,
1.0,0.0,74,6899,211,0.34585362672805786,1778396764.8487568,2935.620715949,0.34585362672805786,0.36302244663238525,,,,,,,,,
1.0,0.0,74,6949,212,0.34201520681381226,1778396785.7299824,2956.501945474,0.34201520681381226,0.3423522114753723,,,,,,,,,
,,74,6974,213,,1778396797.2317483,2968.003848266,,,0.3494408428668976,0.35374388098716736,0.3494408428668976,1.0,0.0,,,,
1.0,0.0,75,6999,214,0.3418427109718323,1778396807.7456448,2978.517609611,0.3418427109718323,0.3439961373806,,,,,,,,,
1.0,0.0,75,7049,215,0.3518226444721222,1778396828.5293314,2999.301282872,0.3518226444721222,0.3607218563556671,,,,,,,,,
,,75,7067,216,,1778396837.1739929,3007.946266917,,,0.3414597809314728,0.34958550333976746,0.3414597809314728,1.0,0.0,,,,
1.0,0.0,76,7099,217,0.36478087306022644,1778396850.4989684,3021.271064632,0.36478087306022644,0.3896884322166443,,,,,,,,,
1.0,0.0,76,7149,218,0.3741418123245239,1778396871.283333,3042.055396007,0.3741418123245239,0.3802010416984558,,,,,,,,,
,,76,7160,219,,1778396876.935397,3047.707496701,,,0.3503322899341583,0.35645511746406555,0.3503322899341583,1.0,0.0,,,,
1.0,0.0,77,7199,220,0.33505314588546753,1778396893.219134,3063.991172316,0.33505314588546753,0.3443542718887329,,,,,,,,,
1.0,0.0,77,7249,221,0.33520641922950745,1778396914.1778255,3084.949930917,0.33520641922950745,0.3675158619880676,,,,,,,,,
,,77,7253,222,,1778396916.8276267,3087.599717197,,,0.3435431122779846,0.35170117020606995,0.3435431122779846,1.0,0.0,,,,
1.0,0.0,78,7299,223,0.2951090931892395,1778396936.0811627,3106.853173096,0.2951090931892395,0.31049883365631104,,,,,,,,,
,,78,7346,224,,1778396956.7553568,3127.527428493,,,0.32398736476898193,0.3362201154232025,0.32398736476898193,1.0,0.0,,,,
1.0,0.0,79,7349,225,0.31721046566963196,1778396958.0011637,3128.773072123,0.31721046566963196,0.3204408288002014,,,,,,,,,
1.0,0.0,79,7399,226,0.32271823287010193,1778396978.8806696,3149.652717533,0.32271823287010193,0.33283042907714844,,,,,,,,,
,,79,7439,227,,1778396996.4753325,3167.247492735,,,0.3220842182636261,0.3367137014865875,0.3220842182636261,1.0,0.0,,,,
1.0,0.0,80,7449,228,0.349338173866272,1778397000.6917372,3171.463925618,0.349338173866272,0.3289602994918823,,,,,,,,,
1.0,0.0,80,7499,229,0.3332478106021881,1778397021.2967634,3192.068873055,0.3332478106021881,0.3481960892677307,,,,,,,,,
,,80,7532,230,,1778397035.9405918,3206.712664396,,,0.3300388753414154,0.33972039818763733,0.3300388753414154,1.0,0.0,,,,
1.0,0.0,81,7549,231,0.36098891496658325,1778397042.967528,3213.739566999,0.36098891496658325,0.3539382219314575,,,,,,,,,
1.0,0.0,81,7599,232,0.31606200337409973,1778397063.7254019,3234.497386064,0.31606200337409973,0.3281765580177307,,,,,,,,,
,,81,7625,233,,1778397075.5099225,3246.282226652,,,0.33639752864837646,0.34951022267341614,0.33639752864837646,1.0,0.0,,,,
1.0,0.0,82,7649,234,0.3507850170135498,1778397085.4677455,3256.239945234,0.3507850170135498,0.32938528060913086,,,,,,,,,
1.0,0.0,82,7699,235,0.3324195444583893,1778397106.022655,3276.794647857,0.3324195444583893,0.37726128101348877,,,,,,,,,
,,82,7718,236,,1778397114.8288612,3285.600908216,,,0.3283557593822479,0.34768930077552795,0.3283557593822479,1.0,0.0,,,,
1.0,0.0,83,7749,237,0.3166884183883667,1778397127.6178174,3298.389877341,0.3166884183883667,0.33749502897262573,,,,,,,,,
1.0,0.0,83,7799,238,0.2990724444389343,1778397148.338061,3319.110138987,0.2990724444389343,0.31644582748413086,,,,,,,,,
,,83,7811,239,,1778397154.3573644,3325.129495505,,,0.3200576603412628,0.33484217524528503,0.3200576603412628,1.0,0.0,,,,
1.0,0.0,84,7849,240,0.3267606198787689,1778397170.1010153,3340.873039923,0.3267606198787689,0.3304843604564667,,,,,,,,,
1.0,0.0,84,7899,241,0.33335280418395996,1778397191.108544,3361.880472721,0.33335280418395996,0.3656325936317444,,,,,,,,,
,,84,7904,242,,1778397194.1699128,3364.941987095,,,0.32157102227211,0.33602383732795715,0.32157102227211,1.0,0.0,,,,
1.0,0.0,85,7949,243,0.3219887614250183,1778397212.9420943,3383.714157299,0.3219887614250183,0.31961286067962646,,,,,,,,,
,,85,7997,244,,1778397234.1074123,3404.87953806,,,0.31427356600761414,0.3303129971027374,0.31427356600761414,1.0,0.0,,,,
1.0,0.0,86,7999,245,0.33455926179885864,1778397234.9468355,3405.718831252,0.33455926179885864,0.34718844294548035,,,,,,,,,
1.0,0.0,86,8049,246,0.3337632119655609,1778397255.806297,3426.57826197,0.3337632119655609,0.32265689969062805,,,,,,,,,
,,86,8090,247,,1778397273.99397,3444.765983704,,,0.309744656085968,0.3189290463924408,0.309744656085968,1.0,0.0,,,,
1.0,0.0,87,8099,248,0.34442034363746643,1778397277.8125212,3448.584437356,0.34442034363746643,0.3314785361289978,,,,,,,,,
1.0,0.0,87,8149,249,0.33813461661338806,1778397298.5655231,3469.337448204,0.33813461661338806,0.33993783593177795,,,,,,,,,
,,87,8183,250,,1778397313.871684,3484.6440706,,,0.31546255946159363,0.3327232599258423,0.31546255946159363,1.0,0.0,,,,
1.0,0.0,88,8199,251,0.3597276210784912,1778397320.5716493,3491.343789675,0.3597276210784912,0.37378990650177,,,,,,,,,
1.0,0.0,88,8249,252,0.2820739150047302,1778397341.2694006,3512.041503586,0.2820739150047302,0.3035309910774231,,,,,,,,,
,,88,8276,253,,1778397353.5447555,3524.317011067,,,0.31722790002822876,0.33320847153663635,0.31722790002822876,1.0,0.0,,,,
1.0,0.0,89,8299,254,0.3112480342388153,1778397363.1442482,3533.916298674,0.3112480342388153,0.32933008670806885,,,,,,,,,
1.0,0.0,89,8349,255,0.3225169777870178,1778397383.5488102,3554.320894529,0.3225169777870178,0.32100069522857666,,,,,,,,,
,,89,8369,256,,1778397392.8156374,3563.587863933,,,0.3030548691749573,0.31805694103240967,0.3030548691749573,1.0,0.0,,,,
1.0,0.0,90,8399,257,0.298772394657135,1778397405.1476452,3575.919794457,0.298772394657135,0.31510427594184875,,,,,,,,,
1.0,0.0,90,8449,258,0.3104548454284668,1778397425.6921947,3596.464250871,0.3104548454284668,0.30871397256851196,,,,,,,,,
,,90,8462,259,,1778397432.1018252,3602.873971859,,,0.2965943217277527,0.31867465376853943,0.2965943217277527,1.0,0.0,,,,
1.0,0.0,91,8499,260,0.29435309767723083,1778397447.5567756,3618.32881931,0.29435309767723083,0.3108353018760681,,,,,,,,,
1.0,0.0,91,8549,261,0.27401667833328247,1778397468.3421538,3639.114223362,0.27401667833328247,0.3035878539085388,,,,,,,,,
,,91,8555,262,,1778397471.976514,3642.748618519,,,0.3141760528087616,0.32299748063087463,0.3141760528087616,1.0,0.0,,,,
1.0,0.0,92,8599,263,0.31052088737487793,1778397490.4331067,3661.205139243,0.31052088737487793,0.34287381172180176,,,,,,,,,
,,92,8648,264,,1778397511.9025087,3682.674602966,,,0.3029967248439789,0.32857975363731384,0.3029967248439789,1.0,0.0,,,,
1.0,0.0,93,8649,265,0.2930981516838074,1778397512.3380573,3683.110060045,0.2930981516838074,0.3309639096260071,,,,,,,,,
1.0,0.0,93,8699,266,0.2993508577346802,1778397533.368566,3704.140622971,0.2993508577346802,0.32390886545181274,,,,,,,,,
,,93,8741,267,,1778397551.9874394,3722.759713412,,,0.31141889095306396,0.3324712812900543,0.31141889095306396,1.0,0.0,,,,
1.0,0.0,94,8749,268,0.28508567810058594,1778397555.4360712,3726.208196181,0.28508567810058594,0.300397664308548,,,,,,,,,
1.0,0.0,94,8799,269,0.31259971857070923,1778397576.151335,3746.923433243,0.31259971857070923,0.33216384053230286,,,,,,,,,
,,94,8834,270,,1778397591.5502362,3762.322347514,,,0.31126901507377625,0.33430221676826477,0.31126901507377625,1.0,0.0,,,,
1.0,0.0,95,8849,271,0.3068316578865051,1778397597.7532556,3768.525346029,0.3068316578865051,0.33044594526290894,,,,,,,,,
1.0,0.0,95,8899,272,0.29430508613586426,1778397618.4012566,3789.17346183,0.29430508613586426,0.33335480093955994,,,,,,,,,
,,95,8927,273,,1778397630.9253027,3801.69744376,,,0.3087157607078552,0.3328286111354828,0.3087157607078552,1.0,0.0,,,,
1.0,0.0,96,8949,274,0.3028166890144348,1778397639.9641192,3810.736147187,0.3028166890144348,0.32835501432418823,,,,,,,,,
1.0,0.0,96,8999,275,0.29966628551483154,1778397660.6400702,3831.412305626,0.29966628551483154,0.33093470335006714,,,,,,,,,
,,96,9020,276,,1778397670.2741256,3841.046295118,,,0.30235785245895386,0.32726743817329407,0.30235785245895386,1.0,0.0,,,,
1.0,0.0,97,9049,277,0.27524545788764954,1778397682.3927,3853.164901251,0.27524545788764954,0.3071936368942261,,,,,,,,,
1.0,0.0,97,9099,278,0.2931020259857178,1778397703.1876016,3873.959740175,0.2931020259857178,0.29879260063171387,,,,,,,,,
,,97,9113,279,,1778397710.0272324,3880.799310567,,,0.29469937086105347,0.3176424503326416,0.29469937086105347,1.0,0.0,,,,
1.0,0.0,98,9149,280,0.31676387786865234,1778397724.8945417,3895.666519115,0.31676387786865234,0.32915669679641724,,,,,,,,,
1.0,0.0,98,9199,281,0.3177008032798767,1778397745.6563435,3916.428409692,0.3177008032798767,0.296042263507843,,,,,,,,,
,,98,9206,282,,1778397749.5060046,3920.278218756,,,0.2973412871360779,0.3149915039539337,0.2973412871360779,1.0,0.0,,,,
1.0,0.0,99,9249,283,0.25676488876342773,1778397767.2911737,3938.063302593,0.25676488876342773,0.28551414608955383,,,,,,,,,
1.0,0.0,99,9299,284,0.3276958465576172,1778397787.896706,3958.668732901,0.3276958465576172,0.3470049202442169,,,,,,,,,
,,99,9299,285,,1778397788.9214265,3959.693420349,,,0.2786572277545929,0.2970956563949585,0.2786572277545929,1.0,0.0,,,,
1.0,0.0,100,9349,286,0.2891867756843567,1778397809.2768402,3980.048903746,0.2891867756843567,0.32920509576797485,,,,,,,,,
,,100,9392,287,,1778397827.8195226,3998.591548727,,,0.2975538969039917,0.3225956857204437,0.2975538969039917,1.0,0.0,,,,
1.0,0.0,101,9399,288,0.3244630992412567,1778397830.780059,4001.552020351,0.3244630992412567,0.3732776939868927,,,,,,,,,
1.0,0.0,101,9449,289,0.2891553044319153,1778397851.143456,4021.915381264,0.2891553044319153,0.3073214888572693,,,,,,,,,
,,101,9485,290,,1778397866.9077804,4037.67983654,,,0.2908138632774353,0.31242236495018005,0.2908138632774353,1.0,0.0,,,,
1.0,0.0,102,9499,291,0.2842777669429779,1778397872.6358624,4043.407833841,0.2842777669429779,0.31222763657569885,,,,,,,,,
1.0,0.0,102,9549,292,0.2797470986843109,1778397892.9420903,4063.713998765,0.2797470986843109,0.3211730122566223,,,,,,,,,
,,102,9578,293,,1778397905.9958258,4076.767969727,,,0.2791583240032196,0.30403515696525574,0.2791583240032196,1.0,0.0,,,,
1.0,0.0,103,9599,294,0.278827965259552,1778397914.8552704,4085.627327504,0.278827965259552,0.28549492359161377,,,,,,,,,
1.0,0.0,103,9649,295,0.2594728469848633,1778397935.4882426,4106.260182885,0.2594728469848633,0.3057544231414795,,,,,,,,,
,,103,9671,296,,1778397945.6973383,4116.469406143,,,0.2713719606399536,0.2939971089363098,0.2713719606399536,1.0,0.0,,,,
1.0,0.0,104,9699,297,0.2762683033943176,1778397957.290704,4128.062664286,0.2762683033943176,0.31194207072257996,,,,,,,,,
1.0,0.0,104,9749,298,0.2691879868507385,1778397977.8263454,4148.598275961,0.2691879868507385,0.31704747676849365,,,,,,,,,
,,104,9764,299,,1778397985.0813022,4155.853328527,,,0.28475669026374817,0.314335435628891,0.28475669026374817,1.0,0.0,,,,
1.0,0.0,105,9799,300,0.28185102343559265,1778398000.3505082,4171.122616996,0.28185102343559265,0.309745728969574,,,,,,,,,
1.0,0.0,105,9849,301,0.28713005781173706,1778398021.3045309,4192.076627181,0.28713005781173706,0.34865614771842957,,,,,,,,,
,,105,9857,302,,1778398025.7350645,4196.50725436,,,0.2933131754398346,0.32293522357940674,0.2933131754398346,1.0,0.0,,,,
1.0,0.0,106,9899,303,0.2701176106929779,1778398043.2790253,4214.051155709,0.2701176106929779,0.2914528548717499,,,,,,,,,
1.0,0.0,106,9949,304,0.26886340975761414,1778398064.0067835,4234.778809411,0.26886340975761414,0.30538660287857056,,,,,,,,,
,,106,9950,305,,1778398065.43638,4236.208485404,,,0.2869017720222473,0.3147139549255371,0.2869017720222473,1.0,0.0,,,,
1.0,0.0,107,9999,306,0.25694453716278076,1778398085.9128957,4256.685022804,0.25694453716278076,0.2947882115840912,,,,,,,,,
,,107,10043,307,,1778398105.2540855,4276.026252279,,,0.27128487825393677,0.30129772424697876,0.27128487825393677,1.0,0.0,,,,
1.0,0.0,108,10049,308,0.2498285174369812,1778398107.7175577,4278.489525607,0.2498285174369812,0.2840415835380554,,,,,,,,,
1.0,0.0,108,10099,309,0.28435924649238586,1778398128.4941196,4299.266230014,0.28435924649238586,0.29265499114990234,,,,,,,,,
,,108,10136,310,,1778398144.738581,4315.510644854,,,0.26661041378974915,0.2884475290775299,0.26661041378974915,1.0,0.0,,,,
1.0,0.0,109,10149,311,0.2508153021335602,1778398150.1681979,4320.940224984,0.2508153021335602,0.2828666865825653,,,,,,,,,
1.0,0.0,109,10199,312,0.2633236050605774,1778398170.9370055,4341.709090387,0.2633236050605774,0.2924923598766327,,,,,,,,,
,,109,10229,313,,1778398184.3721018,4355.144313421,,,0.2665567398071289,0.2867507040500641,0.2665567398071289,1.0,0.0,,,,
1.0,0.0,110,10249,314,0.24999722838401794,1778398192.6314964,4363.403552654,0.24999722838401794,0.2846791744232178,,,,,,,,,
1.0,0.0,110,10299,315,0.27829915285110474,1778398213.3037248,4384.075670668,0.27829915285110474,0.2909093201160431,,,,,,,,,
,,110,10322,316,,1778398223.7048967,4394.476985481,,,0.2576788365840912,0.2870766222476959,0.2576788365840912,1.0,0.0,,,,
1.0,0.0,111,10349,317,0.26418888568878174,1778398234.8960984,4405.668032216,0.26418888568878174,0.3066961169242859,,,,,,,,,
1.0,0.0,111,10399,318,0.31791242957115173,1778398255.5969446,4426.368974403,0.31791242957115173,0.31827491521835327,,,,,,,,,
,,111,10415,319,,1778398263.2001457,4433.972259429,,,0.27101799845695496,0.2995730936527252,0.27101799845695496,1.0,0.0,,,,
1.0,0.0,112,10449,320,0.2633049488067627,1778398277.2525198,4448.024642146,0.2633049488067627,0.30915579199790955,,,,,,,,,
1.0,0.0,112,10499,321,0.24029108881950378,1778398297.7689137,4468.541045014,0.24029108881950378,0.26213085651397705,,,,,,,,,
,,112,10508,322,,1778398302.5456648,4473.317802376,,,0.269262433052063,0.3007858395576477,0.269262433052063,1.0,0.0,,,,
1.0,0.0,113,10549,323,0.2711057662963867,1778398319.4861956,4490.258395572,0.2711057662963867,0.3210347890853882,,,,,,,,,
1.0,0.0,113,10599,324,0.24843299388885498,1778398340.4672132,4511.239401789,0.24843299388885498,0.28371262550354004,,,,,,,,,
,,113,10601,325,,1778398342.3261173,4513.098277139,,,0.27522334456443787,0.30154702067375183,0.27522334456443787,1.0,0.0,,,,
1.0,0.0,114,10649,326,0.2490290254354477,1778398362.3674803,4533.139543286,0.2490290254354477,0.2838873267173767,,,,,,,,,
,,114,10694,327,,1778398382.0550096,4552.82713223,,,0.2623204290866852,0.29133498668670654,0.2623204290866852,1.0,0.0,,,,
1.0,0.0,115,10699,328,0.286024808883667,1778398384.1163304,4554.888273193,0.286024808883667,0.30960655212402344,,,,,,,,,
1.0,0.0,115,10749,329,0.23871785402297974,1778398405.005904,4575.777928352,0.23871785402297974,0.2533702254295349,,,,,,,,,
,,115,10787,330,,1778398421.7976837,4592.569886191,,,0.26016899943351746,0.2879798412322998,0.26016899943351746,1.0,0.0,,,,
1.0,0.0,116,10799,331,0.2659502625465393,1778398426.8616807,4597.633795011,0.2659502625465393,0.2979380786418915,,,,,,,,,
1.0,0.0,116,10849,332,0.27308911085128784,1778398447.6043305,4618.376422368,0.27308911085128784,0.2893298864364624,,,,,,,,,
,,116,10880,333,,1778398461.4483485,4632.220522676,,,0.2633014917373657,0.29514455795288086,0.2633014917373657,1.0,0.0,,,,
1.0,0.0,117,10899,334,0.25762879848480225,1778398469.3716426,4640.143629257,0.25762879848480225,0.3063676357269287,,,,,,,,,
1.0,0.0,117,10949,335,0.23998361825942993,1778398490.1900575,4660.962034507,0.23998361825942993,0.27493467926979065,,,,,,,,,
,,117,10973,336,,1778398501.212806,4671.984797847,,,0.2631088197231293,0.2966429889202118,0.2631088197231293,1.0,0.0,,,,
1.0,0.0,118,10999,337,0.24844372272491455,1778398512.2002652,4682.972211949,0.24844372272491455,0.2840045988559723,,,,,,,,,
1.0,0.0,118,11049,338,0.2508279085159302,1778398532.9725823,4703.744544018,0.2508279085159302,0.29774177074432373,,,,,,,,,
,,118,11066,339,,1778398541.0916624,4711.863658354,,,0.26423484086990356,0.2958250939846039,0.26423484086990356,1.0,0.0,,,,
1.0,0.0,119,11099,340,0.2758476734161377,1778398554.8887157,4725.660660071,0.2758476734161377,0.30707523226737976,,,,,,,,,
1.0,0.0,119,11149,341,0.2468627393245697,1778398575.7700298,4746.541971404,0.2468627393245697,0.2873976230621338,,,,,,,,,
,,119,11159,342,,1778398580.994245,4751.766245233,,,0.2654528021812439,0.2931356132030487,0.2654528021812439,1.0,0.0,,,,
1.0,0.0,120,11199,343,0.2692466974258423,1778398597.5079913,4768.279987862,0.2692466974258423,0.2908746004104614,,,,,,,,,
1.0,0.0,120,11249,344,0.2755334973335266,1778398618.3055925,4789.077591667,0.2755334973335266,0.3044593930244446,,,,,,,,,
,,120,11252,345,,1778398620.5479252,4791.319981475,,,0.2584640681743622,0.291691392660141,0.2584640681743622,1.0,0.0,,,,
1.0,0.0,121,11299,346,0.27858901023864746,1778398640.059654,4810.83191112,0.27858901023864746,0.2932840585708618,,,,,,,,,
,,121,11345,347,,1778398660.5965173,4831.368728534,,,0.25738954544067383,0.2820136249065399,0.25738954544067383,1.0,0.0,,,,
1.0,0.0,122,11349,348,0.24043069779872894,1778398662.316907,4833.088879539,0.24043069779872894,0.28058457374572754,,,,,,,,,
1.0,0.0,122,11399,349,0.27359068393707275,1778398683.3947556,4854.166734486,0.27359068393707275,0.29173755645751953,,,,,,,,,
,,122,11438,350,,1778398700.618707,4871.390790997,,,0.2528417706489563,0.28208649158477783,0.2528417706489563,1.0,0.0,,,,
1.0,0.0,123,11449,351,0.27196237444877625,1778398705.2468295,4876.018839632,0.27196237444877625,0.30439573526382446,,,,,,,,,
1.0,0.0,123,11499,352,0.2481992393732071,1778398725.831005,4896.603221977,0.2481992393732071,0.2744075059890747,,,,,,,,,
,,123,11531,353,,1778398740.1659331,4910.938211689,,,0.2550561726093292,0.28504034876823425,0.2550561726093292,1.0,0.0,,,,
1.0,0.0,124,11549,354,0.244404599070549,1778398747.6572888,4918.429462645,0.244404599070549,0.2611108720302582,,,,,,,,,
1.0,0.0,124,11599,355,0.2540470361709595,1778398768.36646,4939.138725948,0.2540470361709595,0.28867238759994507,,,,,,,,,
,,124,11624,356,,1778398779.785902,4950.558072139,,,0.25210830569267273,0.2734326124191284,0.25210830569267273,1.0,0.0,,,,
1.0,0.0,125,11649,357,0.232229083776474,1778398790.153559,4960.925551706,0.232229083776474,0.22911006212234497,,,,,,,,,
1.0,0.0,125,11699,358,0.2560555934906006,1778398810.6680698,4981.440080924,0.2560555934906006,0.28825563192367554,,,,,,,,,
,,125,11717,359,,1778398819.2764826,4990.048605402,,,0.2306361049413681,0.2567862570285797,0.2306361049413681,1.0,0.0,,,,
1.0,0.0,126,11749,360,0.2512294352054596,1778398832.4309347,5003.203007039,0.2512294352054596,0.2698688507080078,,,,,,,,,
1.0,0.0,126,11799,361,0.27905380725860596,1778398852.8016098,5023.573628814,0.27905380725860596,0.3144904375076294,,,,,,,,,
,,126,11810,362,,1778398858.3601468,5029.132311646,,,0.26356232166290283,0.29561498761177063,0.26356232166290283,1.0,0.0,,,,
1.0,0.0,127,11849,363,0.25714993476867676,1778398874.5002565,5045.272475259,0.25714993476867676,0.292890727519989,,,,,,,,,
1.0,0.0,127,11899,364,0.24081438779830933,1778398895.356265,5066.128447566,0.24081438779830933,0.2848454415798187,,,,,,,,,
,,127,11903,365,,1778398897.992453,5068.764583971,,,0.25867635011672974,0.2930331826210022,0.25867635011672974,1.0,0.0,,,,
1.0,0.0,128,11949,366,0.228019118309021,1778398917.0704875,5087.842600512,0.228019118309021,0.26978543400764465,,,,,,,,,
,,128,11996,367,,1778398937.7199652,5108.492234965,,,0.25848376750946045,0.29221847653388977,0.25848376750946045,1.0,0.0,,,,
1.0,0.0,129,11999,368,0.2674943804740906,1778398938.955241,5109.727325415,0.2674943804740906,0.31347906589508057,,,,,,,,,
1.0,0.0,129,12049,369,0.25893503427505493,1778398959.8778505,5130.6500388,0.25893503427505493,0.29555192589759827,,,,,,,,,
,,129,12089,370,,1778398977.6562672,5148.428578106,,,0.26304149627685547,0.2980683743953705,0.26304149627685547,1.0,0.0,,,,
1.0,0.0,130,12099,371,0.26791176199913025,1778398981.899872,5152.672137249,0.26791176199913025,0.3080270290374756,,,,,,,,,
1.0,0.0,130,12149,372,0.24261704087257385,1778399002.6772954,5173.449401652,0.24261704087257385,0.2586841583251953,,,,,,,,,
,,130,12182,373,,1778399017.412551,5188.184717032,,,0.2534366250038147,0.28455838561058044,0.2534366250038147,1.0,0.0,,,,
1.0,0.0,131,12199,374,0.2503345310688019,1778399024.5337288,5195.305841813,0.2503345310688019,0.26525163650512695,,,,,,,,,
1.0,0.0,131,12249,375,0.2929214835166931,1778399045.444515,5216.216620143,0.2929214835166931,0.32259172201156616,,,,,,,,,
,,131,12275,376,,1778399057.3432963,5228.115400621,,,0.25046396255493164,0.2823646068572998,0.25046396255493164,1.0,0.0,,,,
1.0,0.0,132,12299,377,0.2709813714027405,1778399067.4396372,5238.211760347,0.2709813714027405,0.2858748435974121,,,,,,,,,
1.0,0.0,132,12349,378,0.2505500018596649,1778399088.28729,5259.059418785,0.2505500018596649,0.2887079417705536,,,,,,,,,
,,132,12368,379,,1778399097.227928,5267.99996297,,,0.25104624032974243,0.28260451555252075,0.25104624032974243,1.0,0.0,,,,
1.0,0.0,133,12399,380,0.26940101385116577,1778399110.0878994,5280.859843234,0.26940101385116577,0.29750677943229675,,,,,,,,,
1.0,0.0,133,12449,381,0.2683657705783844,1778399131.03566,5301.807813286,0.2683657705783844,0.3013008236885071,,,,,,,,,
,,133,12461,382,,1778399137.0812068,5307.853306599,,,0.24781465530395508,0.2844802737236023,0.24781465530395508,1.0,0.0,,,,
1.0,0.0,134,12499,383,0.2532311677932739,1778399152.8863347,5323.658257144,0.2532311677932739,0.2697572410106659,,,,,,,,,
1.0,0.0,134,12549,384,0.2535190284252167,1778399173.7958558,5344.567811626,0.2535190284252167,0.27405494451522827,,,,,,,,,
,,134,12554,385,,1778399176.8564677,5347.628470951,,,0.24864481389522552,0.28189221024513245,0.24864481389522552,1.0,0.0,,,,
1.0,0.0,135,12599,386,0.21375782787799835,1778399195.6182709,5366.390201216,0.21375782787799835,0.2714560925960541,,,,,,,,,
,,135,12647,387,,1778399216.7476802,5387.51979449,,,0.237155482172966,0.269601434469223,0.237155482172966,1.0,0.0,,,,
1.0,0.0,136,12649,388,0.2269197255373001,1778399217.5843306,5388.35631419,0.2269197255373001,0.2777252197265625,,,,,,,,,
1.0,0.0,136,12699,389,0.2269471287727356,1778399238.2689586,5409.041202698,0.2269471287727356,0.25856655836105347,,,,,,,,,
,,136,12740,390,,1778399256.4106731,5427.182802504,,,0.2393016666173935,0.27143561840057373,0.2393016666173935,1.0,0.0,,,,
1.0,0.0,137,12749,391,0.21135230362415314,1778399260.2376835,5431.009654605,0.21135230362415314,0.26025110483169556,,,,,,,,,
1.0,0.0,137,12799,392,0.23858970403671265,1778399281.0885222,5451.860592937,0.23858970403671265,0.26740118861198425,,,,,,,,,
,,137,12833,393,,1778399296.2439163,5467.016122776,,,0.23240214586257935,0.26787665486335754,0.23240214586257935,1.0,0.0,,,,
1.0,0.0,138,12849,394,0.24561968445777893,1778399302.8889263,5473.661049196,0.24561968445777893,0.2841625213623047,,,,,,,,,
1.0,0.0,138,12899,395,0.24495062232017517,1778399323.6055377,5494.377711055,0.24495062232017517,0.2742779850959778,,,,,,,,,
,,138,12926,396,,1778399335.8172226,5506.589306569,,,0.2489691525697708,0.28308582305908203,0.2489691525697708,1.0,0.0,,,,
1.0,0.0,139,12949,397,0.21985647082328796,1778399345.492466,5516.264500275,0.21985647082328796,0.27231520414352417,,,,,,,,,
1.0,0.0,139,12999,398,0.2576928734779358,1778399366.3698337,5537.142069723,0.2576928734779358,0.2951006293296814,,,,,,,,,
,,139,13019,399,,1778399375.8331535,5546.605392129,,,0.24196040630340576,0.2779303789138794,0.24196040630340576,1.0,0.0,,,,
1.0,0.0,140,13049,400,0.246069997549057,1778399388.066102,5558.838218409,0.246069997549057,0.2992279529571533,,,,,,,,,
1.0,0.0,140,13099,401,0.26212191581726074,1778399408.597259,5579.369267937,0.26212191581726074,0.28178346157073975,,,,,,,,,
,,140,13112,402,,1778399415.0866117,5585.858865883,,,0.2447771281003952,0.28409725427627563,0.2447771281003952,1.0,0.0,,,,
1.0,0.0,141,13149,403,0.2267903983592987,1778399430.580197,5601.352366291,0.2267903983592987,0.2690194249153137,,,,,,,,,
1.0,0.0,141,13199,404,0.22170579433441162,1778399451.2725508,5622.044555182,0.22170579433441162,0.26108309626579285,,,,,,,,,
,,141,13205,405,,1778399454.8637164,5625.635744653,,,0.24424514174461365,0.2793159782886505,0.24424514174461365,1.0,0.0,,,,
1.0,0.0,142,13249,406,0.23089446127414703,1778399473.106843,5643.879007782,0.23089446127414703,0.26605987548828125,,,,,,,,,
,,142,13298,407,,1778399494.414746,5665.186966485,,,0.24401383101940155,0.2816205322742462,0.24401383101940155,1.0,0.0,,,,
1.0,0.0,143,13299,408,0.2537961006164551,1778399494.8386607,5665.610635981,0.2537961006164551,0.29349038004875183,,,,,,,,,
1.0,0.0,143,13349,409,0.20912522077560425,1778399515.648539,5686.420590167,0.20912522077560425,0.24457623064517975,,,,,,,,,
,,143,13391,410,,1778399534.1019292,5704.874019806,,,0.23623517155647278,0.276521772146225,0.23623517155647278,1.0,0.0,,,,
1.0,0.0,144,13399,411,0.2410663217306137,1778399537.5239854,5708.295950362,0.2410663217306137,0.2819240391254425,,,,,,,,,
1.0,0.0,144,13449,412,0.2320869415998459,1778399558.1946983,5728.966770995,0.2320869415998459,0.27489736676216125,,,,,,,,,
,,144,13484,413,,1778399573.6765873,5744.448767275,,,0.23163489997386932,0.2663402557373047,0.23163489997386932,1.0,0.0,,,,
1.0,0.0,145,13499,414,0.21779663860797882,1778399579.9329286,5750.704985362,0.21779663860797882,0.2542767822742462,,,,,,,,,
1.0,0.0,145,13549,415,0.2168371081352234,1778399600.7241986,5771.496399333,0.2168371081352234,0.24909935891628265,,,,,,,,,
,,145,13577,416,,1778399613.4630895,5784.235115957,,,0.23363420367240906,0.26695716381073,0.23363420367240906,1.0,0.0,,,,
1.0,0.0,146,13599,417,0.22602328658103943,1778399622.5592687,5793.331331223,0.22602328658103943,0.2667056620121002,,,,,,,,,
1.0,0.0,146,13649,418,0.23452767729759216,1778399643.352542,5814.124457382,0.23452767729759216,0.25185346603393555,,,,,,,,,
,,146,13670,419,,1778399653.0067515,5823.778786121,,,0.22933906316757202,0.2672990560531616,0.22933906316757202,1.0,0.0,,,,
1.0,0.0,147,13699,420,0.23361912369728088,1778399664.9461558,5835.718184058,0.23361912369728088,0.29313552379608154,,,,,,,,,
1.0,0.0,147,13749,421,0.22118297219276428,1778399685.5613647,5856.333414088,0.22118297219276428,0.2762768268585205,,,,,,,,,
,,147,13763,422,,1778399692.338618,5863.110613727,,,0.24137555062770844,0.2781931161880493,0.24137555062770844,1.0,0.0,,,,
1.0,0.0,148,13799,423,0.26859986782073975,1778399707.0618658,5877.833916147,0.26859986782073975,0.28859665989875793,,,,,,,,,
1.0,0.0,148,13849,424,0.2401905506849289,1778399727.6581933,5898.430313257,0.2401905506849289,0.28185155987739563,,,,,,,,,
,,148,13856,425,,1778399731.5199234,5902.29206527,,,0.24280931055545807,0.28074532747268677,0.24280931055545807,1.0,0.0,,,,
1.0,0.0,149,13899,426,0.22365984320640564,1778399749.599367,5920.371481544,0.22365984320640564,0.24718162417411804,,,,,,,,,
1.0,0.0,149,13949,427,0.23608621954917908,1778399770.6348553,5941.406960863,0.23608621954917908,0.2594306468963623,,,,,,,,,
,,149,13949,428,,1778399771.6664786,5942.438629748,,,0.23303571343421936,0.26664111018180847,0.23303571343421936,1.0,0.0,,,,
1.0,0.0,150,13999,429,0.24334661662578583,1778399792.5995011,5963.371633045,0.24334661662578583,0.2728777825832367,,,,,,,,,
,,150,14042,430,,1778399811.4796143,5982.251769438,,,0.23154085874557495,0.26438456773757935,0.23154085874557495,1.0,0.0,,,,
1.0,0.0,151,14049,431,0.23824669420719147,1778399814.4753582,5985.247348267,0.23824669420719147,0.27220678329467773,,,,,,,,,
1.0,0.0,151,14099,432,0.22505825757980347,1778399835.1206832,6005.892930597,0.22505825757980347,0.23983293771743774,,,,,,,,,
,,151,14135,433,,1778399851.1441193,6021.916311826,,,0.22113114595413208,0.255109578371048,0.22113114595413208,1.0,0.0,,,,
1.0,0.0,152,14149,434,0.23185735940933228,1778399857.0508041,6027.822923913,0.23185735940933228,0.2711542546749115,,,,,,,,,
1.0,0.0,152,14199,435,0.22454430162906647,1778399877.913427,6048.685505866,0.22454430162906647,0.26119282841682434,,,,,,,,,
,,152,14228,436,,1778399891.0742958,6061.846450733,,,0.2320384979248047,0.27074751257896423,0.2320384979248047,1.0,0.0,,,,
1.0,0.0,153,14249,437,0.25235381722450256,1778399899.930566,6070.702628141,0.25235381722450256,0.29058700799942017,,,,,,,,,
1.0,0.0,153,14299,438,0.24400462210178375,1778399920.7136743,6091.485766666,0.24400462210178375,0.2746654450893402,,,,,,,,,
,,153,14321,439,,1778399930.961275,6101.733417195,,,0.23329685628414154,0.2724543511867523,0.23329685628414154,1.0,0.0,,,,
1.0,0.0,154,14349,440,0.2235635221004486,1778399942.6621988,6113.434236726,0.2235635221004486,0.27028095722198486,,,,,,,,,
1.0,0.0,154,14399,441,0.2643987536430359,1778399963.4166064,6134.188714591,0.2643987536430359,0.2828054130077362,,,,,,,,,
,,154,14414,442,,1778399970.668419,6141.440561165,,,0.23390114307403564,0.27166488766670227,0.23390114307403564,1.0,0.0,,,,
,,155,14415,443,,1778399983.2193394,6153.99150586,,,,,,,,12.523897171020508,8.529813766479492,1.1125494241714478,0.7071288228034973
