epoch,_timestamp,_runtime,tloss_a_step,tloss_step,trainer/global_step,_step,tloss_s_step,w_accuracy_step,w_stability_step,tloss_s_epoch,tloss_epoch,w_accuracy_epoch,w_stability_epoch,tloss_a_epoch,RMSSC,RMSSE,sMAPE,sMAPC
0,1778816928.7309906,32.510697537,1.5114514827728271,1.349321961402893,49,0,0.4305875897407532,0.8500000238418579,0.15000000596046448,,,,,,,,,
0,1778816953.7403448,57.519855058,,,92,1,,,,0.43132489919662476,1.5609800815582275,0.849999189376831,0.14999987185001373,1.7603310346603394,,,,
1,1778816961.8148725,65.59429783,1.3332388401031494,1.207374095916748,99,2,0.4941396117210388,0.8500000238418579,0.15000000596046448,,,,,,,,,
1,1778816989.6503687,93.429912407,1.4082860946655273,1.2639104127883911,149,3,0.4457815885543823,0.8500000238418579,0.15000000596046448,,,,,,,,,
1,1778817011.0683796,114.847812889,,,185,4,,,,0.4877844750881195,1.3179186582565308,0.849999189376831,0.14999987185001373,1.464413046836853,,,,
2,1778817023.3911564,127.170596438,1.324255347251892,1.1976611614227295,199,5,0.4802946150302887,0.8500000238418579,0.15000000596046448,,,,,,,,,
2,1778817050.6508281,154.43028777,1.3284351825714111,1.20198655128479,249,6,0.48544397950172424,0.8500000238418579,0.15000000596046448,,,,,,,,,
2,1778817068.365366,172.14484467,,,278,7,,,,0.4888131022453308,1.270068645477295,0.849999189376831,0.14999987185001373,1.4079370498657227,,,,
3,1778817084.1273248,187.906670558,1.4206931591033936,1.281140923500061,299,8,0.4903443455696106,0.8500000238418579,0.15000000596046448,,,,,,,,,
3,1778817111.476462,215.255978614,1.3837966918945312,1.2524254322052002,349,9,0.5079881548881531,0.8500000238418579,0.15000000596046448,,,,,,,,,
3,1778817125.130948,228.910527079,,,371,10,,,,0.4764184057712555,1.2464193105697632,0.849999189376831,0.14999987185001373,1.382301926612854,,,,
4,1778817145.3406866,249.120230489,1.270939588546753,1.1502817869186401,399,11,0.4665543735027313,0.8500000238418579,0.15000000596046448,,,,,,,,,
4,1778817172.7184198,276.49790356,1.371045470237732,1.2300808429718018,449,12,0.4312804937362671,0.8500000238418579,0.15000000596046448,,,,,,,,,
4,1778817182.743596,286.523002047,,,464,13,,,,0.4735450744628906,1.216321587562561,0.849999189376831,0.14999987185001373,1.347400426864624,,,,
5,1778817206.2229424,310.002300937,1.2418603897094727,1.1181350946426392,499,14,0.41702526807785034,0.8500000238418579,0.15000000596046448,,,,,,,,,
5,1778817233.738855,337.518376556,1.4049320220947266,1.2667889595031738,549,15,0.4839778542518616,0.8500000238418579,0.15000000596046448,,,,,,,,,
5,1778817239.788123,343.567690605,,,557,16,,,,0.46772539615631104,1.2264043092727661,0.849999189376831,0.14999987185001373,1.3602888584136963,,,,
6,1778817267.6561275,371.435558353,1.2364416122436523,1.1177241802215576,599,17,0.4449915289878845,0.8500000238418579,0.15000000596046448,,,,,,,,,
6,1778817295.204009,398.983479486,1.3201489448547363,1.1946858167648315,649,18,0.4837283194065094,0.8500000238418579,0.15000000596046448,,,,,,,,,
6,1778817297.6586392,401.438114124,,,650,19,,,,0.4596221148967743,1.1876205205917358,0.849999189376831,0.14999987185001373,1.3160912990570068,,,,
7,1778817329.1034596,432.882767968,1.2680302858352661,1.1494534015655518,699,20,0.47751766443252563,0.8500000238418579,0.15000000596046448,,,,,,,,,
7,1778817354.8704443,458.650100975,,,743,21,,,,0.4705360233783722,1.184030294418335,0.849999189376831,0.14999987185001373,1.3099408149719238,,,,
8,1778817362.8319888,466.611349315,1.3523317575454712,1.2202086448669434,749,22,0.47151127457618713,0.8500000238418579,0.15000000596046448,,,,,,,,,
8,1778817390.2933304,494.072713875,1.3804636001586914,1.2460588216781616,799,23,0.4844316244125366,0.8500000238418579,0.15000000596046448,,,,,,,,,
8,1778817412.3651853,516.144618765,,,836,24,,,,0.46893200278282166,1.1835061311721802,0.849999189376831,0.14999987185001373,1.3096070289611816,,,,
9,1778817423.801541,527.580942407,1.3348591327667236,1.2036696672439575,849,25,0.46026191115379333,0.8500000238418579,0.15000000596046448,,,,,,,,,
9,1778817451.2957082,555.075012431,1.2758581638336182,1.1563096046447754,899,26,0.4788675308227539,0.8500000238418579,0.15000000596046448,,,,,,,,,
9,1778817469.59468,573.374094166,,,929,27,,,,0.46119874715805054,1.1812821626663208,0.849999189376831,0.14999987185001373,1.3083560466766357,,,,
10,1778817485.04547,588.824929414,1.327906608581543,1.1961567401885986,949,28,0.44957423210144043,0.8500000238418579,0.15000000596046448,,,,,,,,,
10,1778817512.6208203,616.40014425,1.3591396808624268,1.2260463237762451,999,29,0.47184982895851135,0.8500000238418579,0.15000000596046448,,,,,,,,,
10,1778817527.0921667,630.871609993,,,1022,30,,,,0.4665094316005707,1.181042194366455,0.849999189376831,0.14999987185001373,1.307136058807373,,,,
11,1778817546.616916,650.396358843,1.3108333349227905,1.1850290298461914,1049,31,0.4721382260322571,0.8500000238418579,0.15000000596046448,,,,,,,,,
11,1778817573.8472168,677.626515325,1.340472936630249,1.21123206615448,1099,32,0.47886717319488525,0.8500000238418579,0.15000000596046448,,,,,,,,,
11,1778817584.4031653,688.182592676,,,1115,33,,,,0.4588668644428253,1.156574010848999,0.849999189376831,0.14999987185001373,1.2796984910964966,,,,
12,1778817607.9416,711.721068946,1.3949129581451416,1.2612955570220947,1149,34,0.5041292905807495,0.8500000238418579,0.15000000596046448,,,,,,,,,
12,1778817635.205536,738.984910928,1.304031491279602,1.174715518951416,1199,35,0.44192439317703247,0.8500000238418579,0.15000000596046448,,,,,,,,,
12,1778817642.3873332,746.166728737,,,1208,36,,,,0.4656025469303131,1.1737539768218994,0.849999189376831,0.14999987185001373,1.2987219095230103,,,,
13,1778817669.5949273,773.374381716,1.2106268405914307,1.0928505659103394,1249,37,0.4254518747329712,0.8500000238418579,0.15000000596046448,,,,,,,,,
13,1778817696.8336012,800.612979623,1.2115153074264526,1.0910733938217163,1299,38,0.4085693955421448,0.8500000238418579,0.15000000596046448,,,,,,,,,
13,1778817699.7281892,803.507626873,,,1301,39,,,,0.46061334013938904,1.1612688302993774,0.849999189376831,0.14999987185001373,1.2849137783050537,,,,
14,1778817730.789117,834.568908281,1.2842801809310913,1.16695237159729,1349,40,0.502094030380249,0.8500000238418579,0.15000000596046448,,,,,,,,,
14,1778817757.2850397,861.064563334,,,1394,41,,,,0.46088191866874695,1.1533288955688477,0.849999189376831,0.14999987185001373,1.2755255699157715,,,,
15,1778817764.2988448,868.078194446,1.2661035060882568,1.1461430788040161,1399,42,0.46636736392974854,0.8500000238418579,0.15000000596046448,,,,,,,,,
15,1778817791.7605517,895.540027047,1.2126076221466064,1.1001627445220947,1449,43,0.46297457814216614,0.8500000238418579,0.15000000596046448,,,,,,,,,
15,1778817814.1106484,917.890088717,,,1487,44,,,,0.4577404260635376,1.148484230041504,0.849999189376831,0.14999987185001373,1.2703802585601807,,,,
16,1778817825.1407137,928.920064958,1.2504158020019531,1.1315021514892578,1499,45,0.4576578140258789,0.8500000238418579,0.15000000596046448,,,,,,,,,
16,1778817852.527538,956.307058652,1.335235357284546,1.2070896625518799,1549,46,0.4809305965900421,0.8500000238418579,0.15000000596046448,,,,,,,,,
16,1778817871.6195118,975.39905817,,,1580,47,,,,0.4632817804813385,1.1553252935409546,0.849999189376831,0.14999987185001373,1.277450442314148,,,,
17,1778817886.6047072,990.384040653,1.2207177877426147,1.1052300930023193,1599,48,0.45079928636550903,0.8500000238418579,0.15000000596046448,,,,,,,,,
17,1778817914.1223683,1017.901916598,1.2780132293701172,1.1559680700302124,1649,49,0.46437913179397583,0.8500000238418579,0.15000000596046448,,,,,,,,,
17,1778817929.0270255,1032.806438129,,,1673,50,,,,0.4560564160346985,1.1493412256240845,0.849999189376831,0.14999987185001373,1.2716857194900513,,,,
18,1778817948.0892794,1051.86862708,1.3330258131027222,1.1951004266738892,1699,51,0.4135223627090454,0.8500000238418579,0.15000000596046448,,,,,,,,,
18,1778817975.4698503,1079.249345415,1.267717719078064,1.1422309875488281,1749,52,0.43113911151885986,0.8500000238418579,0.15000000596046448,,,,,,,,,
18,1778817986.636993,1090.416502023,,,1766,53,,,,0.4538223445415497,1.1510536670684814,0.849999189376831,0.14999987185001373,1.274094581604004,,,,
19,1778818008.9596503,1112.739036591,1.3526153564453125,1.2124357223510742,1799,54,0.41808441281318665,0.8500000238418579,0.15000000596046448,,,,,,,,,
19,1778818036.387243,1140.166677511,1.2282483577728271,1.1099942922592163,1849,55,0.4398881793022156,0.8500000238418579,0.15000000596046448,,,,,,,,,
19,1778818043.9030747,1147.682433391,,,1859,56,,,,0.45172542333602905,1.1340302228927612,0.849999189376831,0.14999987185001373,1.2544368505477905,,,,
20,1778818070.000237,1173.779596008,1.392101764678955,1.250218152999878,1899,57,0.446210652589798,0.8500000238418579,0.15000000596046448,,,,,,,,,
20,1778818097.2604055,1201.03984174,1.352614402770996,1.224202036857605,1949,58,0.49653202295303345,0.8500000238418579,0.15000000596046448,,,,,,,,,
20,1778818100.6945899,1204.473992405,,,1952,59,,,,0.45221996307373047,1.1465860605239868,0.849999189376831,0.14999987185001373,1.269121527671814,,,,
21,1778818130.875629,1234.65496658,1.2934072017669678,1.167739987373352,1999,60,0.4556257724761963,0.8500000238418579,0.15000000596046448,,,,,,,,,
21,1778818158.0790823,1261.858804291,,,2045,61,,,,0.4532221853733063,1.1366047859191895,0.849999189376831,0.14999987185001373,1.2572013139724731,,,,
22,1778818164.9419823,1268.721314423,1.2686452865600586,1.1496864557266235,2049,62,0.4755859076976776,0.8500000238418579,0.15000000596046448,,,,,,,,,
22,1778818192.3511252,1296.130481811,1.2926740646362305,1.1695483922958374,2099,63,0.4718359410762787,0.8500000238418579,0.15000000596046448,,,,,,,,,
22,1778818215.6088405,1319.388593434,,,2138,64,,,,0.45950740575790405,1.1332653760910034,0.849999189376831,0.14999987185001373,1.2521640062332153,,,,
23,1778818226.232874,1330.012263554,1.2753303050994873,1.1548408269882202,2149,65,0.4720669090747833,0.8500000238418579,0.15000000596046448,,,,,,,,,
23,1778818253.6046684,1357.38397892,1.2489477396011353,1.1340513229370117,2199,66,0.48297184705734253,0.8500000238418579,0.15000000596046448,,,,,,,,,
23,1778818272.9076707,1376.687082655,,,2231,67,,,,0.45390942692756653,1.1281276941299438,0.849999189376831,0.14999987185001373,1.2471071481704712,,,,
24,1778818287.468992,1391.24841212,1.2239694595336914,1.1105821132659912,2249,68,0.4680534601211548,0.8500000238418579,0.15000000596046448,,,,,,,,,
24,1778818314.606746,1418.386086206,1.221207857131958,1.1039425134658813,2299,69,0.43943873047828674,0.8500000238418579,0.15000000596046448,,,,,,,,,
24,1778818330.1228619,1433.902269999,,,2324,70,,,,0.4526597261428833,1.1305822134017944,0.849999189376831,0.14999987185001373,1.2502155303955078,,,,
25,1778818348.1108718,1451.890353571,1.2327685356140137,1.1154309511184692,2349,71,0.4505179524421692,0.8500000238418579,0.15000000596046448,,,,,,,,,
25,1778818375.541028,1479.320405577,1.2166900634765625,1.0973440408706665,2399,72,0.4210493564605713,0.8500000238418579,0.15000000596046448,,,,,,,,,
25,1778818387.1537373,1490.933232753,,,2417,73,,,,0.44616591930389404,1.1234118938446045,0.849999189376831,0.14999987185001373,1.2429262399673462,,,,
26,1778818409.1935391,1512.973195018,1.2596535682678223,1.1341925859451294,2449,74,0.4232471287250519,0.8500000238418579,0.15000000596046448,,,,,,,,,
26,1778818436.55262,1540.331988028,1.2937015295028687,1.1621816158294678,2499,75,0.41690170764923096,0.8500000238418579,0.15000000596046448,,,,,,,,,
26,1778818444.5530725,1548.33248763,,,2510,76,,,,0.44691959023475647,1.141027569770813,0.849999189376831,0.14999987185001373,1.2635173797607422,,,,
27,1778818471.1930063,1574.972607356,1.205972671508789,1.0936050415039062,2549,77,0.45685526728630066,0.8500000238418579,0.15000000596046448,,,,,,,,,
27,1778818498.8180816,1602.597500333,1.2778339385986328,1.1519379615783691,2599,78,0.43852752447128296,0.8500000238418579,0.15000000596046448,,,,,,,,,
27,1778818502.85234,1606.631788992,,,2603,79,,,,0.452070951461792,1.1377030611038208,0.849999189376831,0.14999987185001373,1.2586967945098877,,,,
28,1778818532.7308528,1636.510339114,1.1933670043945312,1.0832383632659912,2649,80,0.45917612314224243,0.8500000238418579,0.15000000596046448,,,,,,,,,
28,1778818560.591253,1664.370705327,,,2696,81,,,,0.45400044322013855,1.125329852104187,0.849999189376831,0.14999987185001373,1.2437998056411743,,,,
29,1778818566.6171114,1670.396441618,1.2549179792404175,1.1311091184616089,2699,82,0.42952513694763184,0.8500000238418579,0.15000000596046448,,,,,,,,,
29,1778818594.236921,1698.016490293,1.222137451171875,1.1076574325561523,2749,83,0.458937406539917,0.8500000238418579,0.15000000596046448,,,,,,,,,
29,1778818617.9274004,1721.70684707,,,2789,84,,,,0.4509051442146301,1.1239347457885742,0.849999189376831,0.14999987185001373,1.2427046298980713,,,,
30,1778818627.7055352,1731.484866044,1.255122423171997,1.1351876258850098,2799,85,0.45555686950683594,0.8500000238418579,0.15000000596046448,,,,,,,,,
30,1778818655.4520226,1759.231499353,1.2961835861206055,1.1667166948318481,2849,86,0.4330708384513855,0.8500000238418579,0.15000000596046448,,,,,,,,,
30,1778818675.4866729,1779.266110128,,,2882,87,,,,0.44983911514282227,1.1315590143203735,0.849999189376831,0.14999987185001373,1.2518627643585205,,,,
31,1778818689.3733888,1793.152737497,1.2819392681121826,1.15931236743927,2899,88,0.46442630887031555,0.8500000238418579,0.15000000596046448,,,,,,,,,
31,1778818716.9281538,1820.70768671,1.2798616886138916,1.1542344093322754,2949,89,0.44234606623649597,0.8500000238418579,0.15000000596046448,,,,,,,,,
31,1778818732.7233436,1836.502837781,,,2975,90,,,,0.4459052085876465,1.1273643970489502,0.849999189376831,0.14999987185001373,1.247621774673462,,,,
32,1778818750.7255847,1854.50488099,1.1970927715301514,1.094264268875122,2999,91,0.5115694999694824,0.8500000238418579,0.15000000596046448,,,,,,,,,
32,1778818777.9684045,1881.74791975,1.1834592819213867,1.0653221607208252,3049,92,0.3958781063556671,0.8500000238418579,0.15000000596046448,,,,,,,,,
32,1778818790.4982128,1894.277636988,,,3068,93,,,,0.4491714835166931,1.1362717151641846,0.849999189376831,0.14999987185001373,1.2575246095657349,,,,
33,1778818812.4286509,1916.208065536,1.279297113418579,1.1510989665985107,3099,94,0.42464277148246765,0.8500000238418579,0.15000000596046448,,,,,,,,,
33,1778818840.1112113,1943.890798285,1.2514865398406982,1.1287505626678467,3149,95,0.4332461953163147,0.8500000238418579,0.15000000596046448,,,,,,,,,
33,1778818848.2111554,1951.990556141,,,3161,96,,,,0.443370521068573,1.123202919960022,0.849999189376831,0.14999987185001373,1.2431731224060059,,,,
34,1778818874.0456574,1977.82500765,1.154188632965088,1.0421817302703857,3199,97,0.40747588872909546,0.8500000238418579,0.15000000596046448,,,,,,,,,
34,1778818901.309806,2005.089258915,1.1935360431671143,1.0760698318481445,3249,98,0.4104282259941101,0.8500000238418579,0.15000000596046448,,,,,,,,,
34,1778818906.1197133,2009.899432916,,,3254,99,,,,0.45072174072265625,1.1211060285568237,0.849999189376831,0.14999987185001373,1.2394089698791504,,,,
35,1778818935.6446779,2039.424050804,1.2795568704605103,1.1531896591186523,3299,100,0.43710896372795105,0.8500000238418579,0.15000000596046448,,,,,,,,,
35,1778818963.672168,2067.451828167,,,3347,101,,,,0.4486899971961975,1.1270636320114136,0.849999189376831,0.14999987185001373,1.2467769384384155,,,,
36,1778818969.26083,2073.040139816,1.207576036453247,1.0940972566604614,3349,102,0.4510505199432373,0.8500000238418579,0.15000000596046448,,,,,,,,,
36,1778818996.9421816,2100.721550419,1.2608516216278076,1.1407707929611206,3399,103,0.4603123664855957,0.8500000238418579,0.15000000596046448,,,,,,,,,
36,1778819021.1841402,2124.963788263,,,3440,104,,,,0.4484138488769531,1.1253856420516968,0.849999189376831,0.14999987185001373,1.2448508739471436,,,,
37,1778819030.5040197,2134.283347141,1.2253992557525635,1.1059314012527466,3449,105,0.42894691228866577,0.8500000238418579,0.15000000596046448,,,,,,,,,
37,1778819058.0521767,2161.831611363,1.2223732471466064,1.101124882698059,3499,106,0.4140503406524658,0.8500000238418579,0.15000000596046448,,,,,,,,,
37,1778819078.414167,2182.193990371,,,3533,107,,,,0.453624963760376,1.1244676113128662,0.849999189376831,0.14999987185001373,1.2428516149520874,,,,
38,1778819091.7367754,2195.516169448,1.238702416419983,1.1207430362701416,3549,108,0.4523061513900757,0.8500000238418579,0.15000000596046448,,,,,,,,,
38,1778819119.5707195,2223.35007039,1.242832899093628,1.1243089437484741,3599,109,0.45267248153686523,0.8500000238418579,0.15000000596046448,,,,,,,,,
38,1778819136.393508,2240.17326691,,,3626,110,,,,0.45072969794273376,1.1148618459701538,0.849999189376831,0.14999987185001373,1.2320611476898193,,,,
39,1778819153.7315261,2257.510947547,1.189511775970459,1.075553297996521,3649,111,0.4297885298728943,0.8500000238418579,0.15000000596046448,,,,,,,,,
39,1778819181.4074688,2285.186829249,1.2791904211044312,1.1491968631744385,3699,112,0.4125669002532959,0.8500000238418579,0.15000000596046448,,,,,,,,,
39,1778819194.4441378,2298.223509652,,,3719,113,,,,0.44979456067085266,1.125118613243103,0.849999189376831,0.14999987185001373,1.2442935705184937,,,,
40,1778819215.6191068,2319.398557951,1.235906720161438,1.1163393259048462,3749,114,0.43879032135009766,0.8500000238418579,0.15000000596046448,,,,,,,,,
40,1778819242.8679235,2346.64728169,1.2310281991958618,1.1158889532089233,3799,115,0.46343308687210083,0.8500000238418579,0.15000000596046448,,,,,,,,,
40,1778819251.885654,2355.665133812,,,3812,116,,,,0.44742876291275024,1.1213998794555664,0.849999189376831,0.14999987185001373,1.2403359413146973,,,,
41,1778819276.730232,2380.509734574,1.2076406478881836,1.089695692062378,3849,117,0.4213407635688782,0.8500000238418579,0.15000000596046448,,,,,,,,,
41,1778819304.4983287,2408.277746079,1.1835038661956787,1.0727379322052002,3899,118,0.4450639486312866,0.8500000238418579,0.15000000596046448,,,,,,,,,
41,1778819309.6299944,2413.409426045,,,3905,119,,,,0.4485250413417816,1.1216273307800293,0.849999189376831,0.14999987185001373,1.2404098510742188,,,,
42,1778819338.9901488,2442.769634501,1.2047815322875977,1.0900344848632812,3949,120,0.43980151414871216,0.8500000238418579,0.15000000596046448,,,,,,,,,
42,1778819367.6063447,2471.385832717,,,3998,121,,,,0.43848225474357605,1.115191102027893,0.849999189376831,0.14999987185001373,1.2346101999282837,,,,
43,1778819372.6477523,2476.427150457,1.1922887563705444,1.0757107734680176,3999,122,0.4151016175746918,0.8500000238418579,0.15000000596046448,,,,,,,,,
43,1778819400.0337427,2503.813238453,1.2777395248413086,1.1528849601745605,4049,123,0.4453754425048828,0.8500000238418579,0.15000000596046448,,,,,,,,,
43,1778819425.0665908,2528.846164845,,,4091,124,,,,0.449392169713974,1.1185274124145508,0.849999189376831,0.14999987185001373,1.2366102933883667,,,,
44,1778819434.161429,2537.940819045,1.197784423828125,1.083325743675232,4099,125,0.4347262978553772,0.8500000238418579,0.15000000596046448,,,,,,,,,
44,1778819461.6833372,2565.462827299,1.2761965990066528,1.152305245399475,4149,126,0.45025452971458435,0.8500000238418579,0.15000000596046448,,,,,,,,,
44,1778819483.1019683,2586.881369326,,,4184,127,,,,0.4384297728538513,1.1165249347686768,0.849999189376831,0.14999987185001373,1.236188530921936,,,,
45,1778819496.088087,2599.86744424,1.3415162563323975,1.2072213888168335,4199,128,0.4462169408798218,0.8500000238418579,0.15000000596046448,,,,,,,,,
45,1778819523.5622723,2627.341784202,1.3068549633026123,1.177180528640747,4249,129,0.44235852360725403,0.8500000238418579,0.15000000596046448,,,,,,,,,
45,1778819540.883882,2644.663593805,,,4277,130,,,,0.4408276081085205,1.1302040815353394,0.849999189376831,0.14999987185001373,1.2518584728240967,,,,
46,1778819558.1653712,2661.944787302,1.2496352195739746,1.1269949674606323,4299,131,0.43203336000442505,0.8500000238418579,0.15000000596046448,,,,,,,,,
46,1778819585.5514772,2689.330985229,1.1963857412338257,1.085688591003418,4349,132,0.4584043622016907,0.8500000238418579,0.15000000596046448,,,,,,,,,
46,1778819599.314213,2703.093649989,,,4370,133,,,,0.43907439708709717,1.1128370761871338,0.849999189376831,0.14999987185001373,1.231736421585083,,,,
47,1778819620.0215101,2723.800849856,1.2251179218292236,1.105566143989563,4399,134,0.428105890750885,0.8500000238418579,0.15000000596046448,,,,,,,,,
47,1778819647.4315066,2751.211007397,1.2229576110839844,1.1030216217041016,4449,135,0.4233848750591278,0.8500000238418579,0.15000000596046448,,,,,,,,,
47,1778819656.924575,2760.704030869,,,4463,136,,,,0.4445476830005646,1.1132487058639526,0.849999189376831,0.14999987185001373,1.2312546968460083,,,,
48,1778819681.410915,2785.190278654,1.203904390335083,1.0906968116760254,4499,137,0.4491865336894989,0.8500000238418579,0.15000000596046448,,,,,,,,,
48,1778819708.5956974,2812.37507625,1.182099461555481,1.0709607601165771,4549,138,0.4411742091178894,0.8500000238418579,0.15000000596046448,,,,,,,,,
48,1778819714.5502615,2818.329708118,,,4556,139,,,,0.44324517250061035,1.1111183166503906,0.849999189376831,0.14999987185001373,1.2289780378341675,,,,
49,1778819742.7246659,2846.50398532,1.2097809314727783,1.0952787399291992,4599,140,0.44643259048461914,0.8500000238418579,0.15000000596046448,,,,,,,,,
49,1778819770.14713,2873.926657742,1.18699049949646,1.0731958150863647,4649,141,0.4283590018749237,0.8500000238418579,0.15000000596046448,,,,,,,,,
49,1778819772.0358918,2875.815277072,,,4649,142,,,,0.4431288242340088,1.1084696054458618,0.849999189376831,0.14999987185001373,1.2258825302124023,,,,
50,1778819803.9312136,2907.710580191,1.1691615581512451,1.0548226833343506,4699,143,0.4069019556045532,0.8500000238418579,0.15000000596046448,,,,,,,,,
50,1778819829.43516,2933.21463325,,,4742,144,,,,0.430187463760376,1.1024342775344849,0.849999189376831,0.14999987185001373,1.2210663557052612,,,,
51,1778819837.6816728,2941.461077363,1.169649362564087,1.0591833591461182,4749,145,0.43320947885513306,0.8500000238418579,0.15000000596046448,,,,,,,,,
51,1778819865.502551,2969.281862446,1.2437413930892944,1.1221364736557007,4799,146,0.4330419600009918,0.8500000238418579,0.15000000596046448,,,,,,,,,
51,1778819887.1407485,2990.920318998,,,4835,147,,,,0.44836241006851196,1.1200106143951416,0.849999189376831,0.14999987185001373,1.2385368347167969,,,,
52,1778819899.3667355,3003.146142653,1.2438372373580933,1.1216990947723389,4849,148,0.4295823276042938,0.8500000238418579,0.15000000596046448,,,,,,,,,
52,1778819926.886541,3030.665938094,1.1477727890014648,1.0344570875167847,4899,149,0.39233410358428955,0.8500000238418579,0.15000000596046448,,,,,,,,,
52,1778819944.856513,3048.636056,,,4928,150,,,,0.4457088112831116,1.1155457496643066,0.849999189376831,0.14999987185001373,1.2337522506713867,,,,
53,1778819961.1391757,3064.918547734,1.2330180406570435,1.1144392490386963,4949,151,0.4424932599067688,0.8500000238418579,0.15000000596046448,,,,,,,,,
53,1778819988.8285213,3092.607878327,1.2433949708938599,1.1274908781051636,4999,152,0.47070086002349854,0.8500000238418579,0.15000000596046448,,,,,,,,,
53,1778820002.4686506,3106.248320823,,,5021,153,,,,0.4486229717731476,1.1301017999649048,0.849999189376831,0.14999987185001373,1.2503628730773926,,,,
54,1778820022.6205125,3126.399966247,1.1882150173187256,1.074026346206665,5049,154,0.4269565939903259,0.8500000238418579,0.15000000596046448,,,,,,,,,
54,1778820050.105958,3153.885297147,1.2188913822174072,1.105433702468872,5099,155,0.4625067114830017,0.8500000238418579,0.15000000596046448,,,,,,,,,
54,1778820060.179249,3163.958931371,,,5114,156,,,,0.4399699568748474,1.1003834009170532,0.849999189376831,0.14999987185001373,1.2169269323349,,,,
55,1778820083.831852,3187.611136525,1.2247624397277832,1.1118358373641968,5149,157,0.47191837430000305,0.8500000238418579,0.15000000596046448,,,,,,,,,
55,1778820111.2951996,3215.074559419,1.2479853630065918,1.1296125650405884,5199,158,0.4588330090045929,0.8500000238418579,0.15000000596046448,,,,,,,,,
55,1778820117.4969041,3221.276274762,,,5207,159,,,,0.43835851550102234,1.1057535409927368,0.849999189376831,0.14999987185001373,1.2235289812088013,,,,
56,1778820145.302764,3249.082325047,1.2272193431854248,1.1117316484451294,5249,160,0.4573008418083191,0.8500000238418579,0.15000000596046448,,,,,,,,,
56,1778820172.7679105,3276.547244409,1.2259918451309204,1.1145778894424438,5299,161,0.48323220014572144,0.8500000238418579,0.15000000596046448,,,,,,,,,
56,1778820175.2003872,3278.979776958,,,5300,162,,,,0.4400815963745117,1.11045503616333,0.849999189376831,0.14999987185001373,1.2287557125091553,,,,
57,1778820206.6640217,3310.443559531,1.2024970054626465,1.0879520177841187,5349,163,0.438863068819046,0.8500000238418579,0.15000000596046448,,,,,,,,,
57,1778820232.6647282,3336.444224836,,,5393,164,,,,0.4440769553184509,1.103525996208191,0.849999189376831,0.14999987185001373,1.219899296760559,,,,
58,1778820240.684307,3344.463671574,1.2531980276107788,1.1351144313812256,5399,165,0.4659743309020996,0.8500000238418579,0.15000000596046448,,,,,,,,,
58,1778820268.1147509,3371.894235944,1.2437725067138672,1.1225805282592773,5449,166,0.43582582473754883,0.8500000238418579,0.15000000596046448,,,,,,,,,
58,1778820290.2873533,3394.066785781,,,5486,167,,,,0.44301334023475647,1.1318811178207397,0.849999189376831,0.14999987185001373,1.2534459829330444,,,,
59,1778820302.1669195,3405.946236553,1.202646017074585,1.086959719657898,5499,168,0.43140384554862976,0.8500000238418579,0.15000000596046448,,,,,,,,,
59,1778820329.3021758,3433.081656129,1.179086446762085,1.0618019104003906,5549,169,0.3971896767616272,0.8500000238418579,0.15000000596046448,,,,,,,,,
59,1778820347.8276517,3451.607098354,,,5579,170,,,,0.44159141182899475,1.1101053953170776,0.849999189376831,0.14999987185001373,1.2280786037445068,,,,
60,1778820363.1966581,3466.975975575,1.2847728729248047,1.1624555587768555,5599,171,0.4693238139152527,0.8500000238418579,0.15000000596046448,,,,,,,,,
60,1778820390.9249434,3494.704436007,1.1681368350982666,1.0563888549804688,5649,172,0.42314988374710083,0.8500000238418579,0.15000000596046448,,,,,,,,,
60,1778820405.237987,3509.017415422,,,5672,173,,,,0.4393600821495056,1.105494499206543,0.849999189376831,0.14999987185001373,1.2230474948883057,,,,
61,1778820424.8283055,3528.607674113,1.2728139162063599,1.146697998046875,5699,174,0.4320407509803772,0.8500000238418579,0.15000000596046448,,,,,,,,,
61,1778820451.8442779,3555.623739794,1.1914396286010742,1.0832527875900269,5749,175,0.47019368410110474,0.8500000238418579,0.15000000596046448,,,,,,,,,
61,1778820462.3245401,3566.103981312,,,5765,176,,,,0.4398595690727234,1.1041343212127686,0.849999189376831,0.14999987185001373,1.2213588953018188,,,,
62,1778820485.8961065,3589.675385726,1.214264988899231,1.0992581844329834,5799,177,0.44755274057388306,0.8500000238418579,0.15000000596046448,,,,,,,,,
62,1778820513.144775,3616.924313105,1.2289950847625732,1.1111509799957275,5849,178,0.44336697459220886,0.8500000238418579,0.15000000596046448,,,,,,,,,
62,1778820520.146699,3623.926130171,,,5858,179,,,,0.4395514130592346,1.1095430850982666,0.849999189376831,0.14999987185001373,1.2277765274047852,,,,
63,1778820547.1398692,3650.919163107,1.216890811920166,1.1101207733154297,5899,180,0.5050909519195557,0.8500000238418579,0.15000000596046448,,,,,,,,,
63,1778820574.3661704,3678.145653585,1.2124264240264893,1.0930731296539307,5949,181,0.41673749685287476,0.8500000238418579,0.15000000596046448,,,,,,,,,
63,1778820577.257495,3681.036959655,,,5951,182,,,,0.4429316818714142,1.1064280271530151,0.849999189376831,0.14999987185001373,1.2235158681869507,,,,
64,1778820608.5095296,3712.288901065,1.2091432809829712,1.0927159786224365,5999,183,0.4329606592655182,0.8500000238418579,0.15000000596046448,,,,,,,,,
64,1778820635.8063138,3739.585892861,,,6044,184,,,,0.4377686381340027,1.1067668199539185,0.849999189376831,0.14999987185001373,1.2248250246047974,,,,
65,1778820643.0666533,3746.845993739,1.2812440395355225,1.1552122831344604,6049,185,0.44103187322616577,0.8500000238418579,0.15000000596046448,,,,,,,,,
65,1778820670.8505418,3774.629886943,1.2233115434646606,1.0991111993789673,6099,186,0.3953087627887726,0.8500000238418579,0.15000000596046448,,,,,,,,,
65,1778820693.249713,3797.029247732,,,6137,187,,,,0.4381408393383026,1.113479495048523,0.849999189376831,0.14999987185001373,1.2326569557189941,,,,
66,1778820704.3595994,3808.138954514,1.1975969076156616,1.0897566080093384,6149,188,0.4786609709262848,0.8500000238418579,0.15000000596046448,,,,,,,,,
66,1778820731.8745766,3835.653928804,1.204491138458252,1.089430570602417,6199,189,0.4374206066131592,0.8500000238418579,0.15000000596046448,,,,,,,,,
66,1778820751.040884,3854.820414749,,,6230,190,,,,0.4333151876926422,1.1002798080444336,0.849999189376831,0.14999987185001373,1.217979073524475,,,,
67,1778820766.3349605,3870.11428084,1.2979323863983154,1.1724857091903687,6249,191,0.46162140369415283,0.8500000238418579,0.15000000596046448,,,,,,,,,
67,1778820793.7898695,3897.56920523,1.2293612957000732,1.1155972480773926,6299,192,0.4709339439868927,0.8500000238418579,0.15000000596046448,,,,,,,,,
67,1778820808.5210285,3912.300577034,,,6323,193,,,,0.44344562292099,1.1180365085601807,0.849999189376831,0.14999987185001373,1.2370821237564087,,,,
68,1778820827.5357716,3931.315085101,1.2420423030853271,1.1256660223007202,6349,194,0.46620047092437744,0.8500000238418579,0.15000000596046448,,,,,,,,,
68,1778820854.85463,3958.633976596,1.1470736265182495,1.0355974435806274,6399,195,0.4038991630077362,0.8500000238418579,0.15000000596046448,,,,,,,,,
68,1778820865.892618,3969.672471035,,,6416,196,,,,0.4398849308490753,1.106290340423584,0.849999189376831,0.14999987185001373,1.2238917350769043,,,,
69,1778820888.348893,3992.128175701,1.3035167455673218,1.1777883768081665,6449,197,0.46532711386680603,0.8500000238418579,0.15000000596046448,,,,,,,,,
69,1778820915.634592,4019.413914191,1.2348432540893555,1.1153935194015503,6499,198,0.4385114014148712,0.8500000238418579,0.15000000596046448,,,,,,,,,
69,1778820923.1677635,4026.947401622,,,6509,199,,,,0.4386550784111023,1.0976558923721313,0.849999189376831,0.14999987185001373,1.2139499187469482,,,,
70,1778820949.7802393,4053.55963764,1.1924129724502563,1.074935793876648,6549,200,0.40923184156417847,0.8500000238418579,0.15000000596046448,,,,,,,,,
70,1778820977.1759684,4080.955373103,1.1378543376922607,1.0320558547973633,6599,201,0.43253061175346375,0.8500000238418579,0.15000000596046448,,,,,,,,,
70,1778820980.6226757,4084.402564783,,,6602,202,,,,0.4367859959602356,1.11131751537323,0.849999189376831,0.14999987185001373,1.2303522825241089,,,,
71,1778821010.9052148,4114.684577864,1.1730319261550903,1.0663424730300903,6649,203,0.46176832914352417,0.8500000238418579,0.15000000596046448,,,,,,,,,
71,1778821038.0096278,4141.789056188,,,6695,204,,,,0.43557208776474,1.1026397943496704,0.849999189376831,0.14999987185001373,1.2203572988510132,,,,
72,1778821044.8727574,4148.652272149,1.1881194114685059,1.0784646272659302,6699,205,0.4570876359939575,0.8500000238418579,0.15000000596046448,,,,,,,,,
72,1778821072.0872822,4175.866646281,1.2304530143737793,1.1137341260910034,6749,206,0.45232707262039185,0.8500000238418579,0.15000000596046448,,,,,,,,,
72,1778821095.2481608,4199.027587522,,,6788,207,,,,0.4430418908596039,1.1072256565093994,0.849999189376831,0.14999987185001373,1.2244346141815186,,,,
73,1778821105.8197277,4209.599352948,1.2347581386566162,1.1170294284820557,6799,208,0.4498996138572693,0.8500000238418579,0.15000000596046448,,,,,,,,,
73,1778821132.9827662,4236.762111162,1.2950681447982788,1.1674209833145142,6849,209,0.44408726692199707,0.8500000238418579,0.15000000596046448,,,,,,,,,
73,1778821152.2311287,4256.010502113,,,6881,210,,,,0.44197291135787964,1.1032545566558838,0.849999189376831,0.14999987185001373,1.2199512720108032,,,,
74,1778821166.652261,4270.432029277,1.1759772300720215,1.0625683069229126,6899,211,0.4199175238609314,0.8500000238418579,0.15000000596046448,,,,,,,,,
74,1778821193.736868,4297.516244286,1.249448299407959,1.12370765209198,6949,212,0.41117754578590393,0.8500000238418579,0.15000000596046448,,,,,,,,,
74,1778821209.2005427,4312.979979306,,,6974,213,,,,0.443399041891098,1.104323387145996,0.849999189376831,0.14999987185001373,1.2209573984146118,,,,
75,1778821227.000676,4330.780366026,1.2371383905410767,1.1168960332870483,6999,214,0.4355221688747406,0.8500000238418579,0.15000000596046448,,,,,,,,,
75,1778821254.451233,4358.230520054,1.2357885837554932,1.1149656772613525,7049,215,0.4303024411201477,0.8500000238418579,0.15000000596046448,,,,,,,,,
75,1778821266.100642,4369.880084046,,,7067,216,,,,0.4402942955493927,1.104779601097107,0.849999189376831,0.14999987185001373,1.2220412492752075,,,,
76,1778821288.2411308,4392.020501979,1.255692958831787,1.1306545734405518,7099,217,0.42210325598716736,0.8500000238418579,0.15000000596046448,,,,,,,,,
76,1778821315.5731401,4419.352464617,1.2517485618591309,1.1301912069320679,7149,218,0.44136592745780945,0.8500000238418579,0.15000000596046448,,,,,,,,,
76,1778821323.5716488,4427.351119579,,,7160,219,,,,0.436136394739151,1.0973234176635742,0.849999189376831,0.14999987185001373,1.214003562927246,,,,
77,1778821349.3806765,4453.160637269,1.1943187713623047,1.0797038078308105,7199,220,0.4302194118499756,0.8500000238418579,0.15000000596046448,,,,,,,,,
77,1778821376.7894554,4480.568828553,1.1843998432159424,1.0742571353912354,7249,221,0.4501148462295532,0.8500000238418579,0.15000000596046448,,,,,,,,,
77,1778821381.1025245,4484.88192781,,,7253,222,,,,0.44198840856552124,1.0975219011306763,0.849999189376831,0.14999987185001373,1.2132041454315186,,,,
78,1778821410.6160705,4514.395830926,1.2211816310882568,1.10214364528656,7299,223,0.42759478092193604,0.8500000238418579,0.15000000596046448,,,,,,,,,
78,1778821438.3315692,4542.111064973,,,7346,224,,,,0.44158023595809937,1.1002492904663086,0.849999189376831,0.14999987185001373,1.2164850234985352,,,,
79,1778821444.219053,4547.998341432,1.145885705947876,1.0339155197143555,7349,225,0.39941757917404175,0.8500000238418579,0.15000000596046448,,,,,,,,,
79,1778821471.722754,4575.502224052,1.22417414188385,1.1094310283660889,7399,226,0.4592192769050598,0.8500000238418579,0.15000000596046448,,,,,,,,,
79,1778821495.4589229,4599.238435042,,,7439,227,,,,0.437441885471344,1.1042190790176392,0.849999189376831,0.14999987185001373,1.2218856811523438,,,,
80,1778821505.170936,4608.950309471,1.1617517471313477,1.04878568649292,7449,228,0.40864503383636475,0.8500000238418579,0.15000000596046448,,,,,,,,,
80,1778821532.9037185,4636.683250074,1.2048726081848145,1.0976593494415283,7499,229,0.49011698365211487,0.8500000238418579,0.15000000596046448,,,,,,,,,
80,1778821552.6172326,4656.396652424,,,7532,230,,,,0.43960338830947876,1.10493803024292,0.849999189376831,0.14999987185001373,1.2223496437072754,,,,
81,1778821566.364523,4670.143847256,1.1660799980163574,1.0566112995147705,7549,231,0.43628886342048645,0.8500000238418579,0.15000000596046448,,,,,,,,,
81,1778821593.8258598,4697.605507161,1.1831684112548828,1.066884160041809,7599,232,0.4079400300979614,0.8500000238418579,0.15000000596046448,,,,,,,,,
81,1778821609.5361059,4713.315626311,,,7625,233,,,,0.4390541911125183,1.0966174602508545,0.849999189376831,0.14999987185001373,1.2126578092575073,,,,
82,1778821627.4631388,4731.242503545,1.2404828071594238,1.1213068962097168,7649,234,0.445976197719574,0.8500000238418579,0.15000000596046448,,,,,,,,,
82,1778821654.6645103,4758.443862406,1.1639331579208374,1.0550997257232666,7699,235,0.4383765459060669,0.8500000238418579,0.15000000596046448,,,,,,,,,
82,1778821667.0874288,4770.866970885,,,7718,236,,,,0.43446478247642517,1.102283000946045,0.849999189376831,0.14999987185001373,1.2201329469680786,,,,
83,1778821688.8788877,4792.658244695,1.2413498163223267,1.120404839515686,7749,237,0.435049831867218,0.8500000238418579,0.15000000596046448,,,,,,,,,
83,1778821716.388728,4820.168262026,1.2581273317337036,1.1348870992660522,7799,238,0.43652552366256714,0.8500000238418579,0.15000000596046448,,,,,,,,,
83,1778821724.519308,4828.298714533,,,7811,239,,,,0.441728413105011,1.0977942943572998,0.849999189376831,0.14999987185001373,1.213570237159729,,,,
84,1778821749.8237104,4853.603040289,1.2362099885940552,1.1151272058486938,7849,240,0.42899125814437866,0.8500000238418579,0.15000000596046448,,,,,,,,,
84,1778821776.8538213,4880.633167471,1.199756383895874,1.089047908782959,7899,241,0.46170032024383545,0.8500000238418579,0.15000000596046448,,,,,,,,,
84,1778821781.6750398,4885.454908438,,,7904,242,,,,0.442913681268692,1.0967957973480225,0.849999189376831,0.14999987185001373,1.2121869325637817,,,,
85,1778821810.8041506,4914.583454561,1.1960597038269043,1.0825730562210083,7949,243,0.4394817352294922,0.8500000238418579,0.15000000596046448,,,,,,,,,
85,1778821838.7359555,4942.515505056,,,7997,244,,,,0.43799370527267456,1.0930923223495483,0.849999189376831,0.14999987185001373,1.20869779586792,,,,
86,1778821844.2496169,4948.029166917,1.2081784009933472,1.0922298431396484,7999,245,0.43518805503845215,0.8500000238418579,0.15000000596046448,,,,,,,,,
86,1778821871.8687358,4975.648164309,1.2383103370666504,1.1174826622009277,8049,246,0.4327927827835083,0.8500000238418579,0.15000000596046448,,,,,,,,,
86,1778821895.9903398,4999.769791636,,,8090,247,,,,0.4385221004486084,1.1038063764572144,0.849999189376831,0.14999987185001373,1.2212092876434326,,,,
87,1778821905.1955085,5008.975007525,1.2087810039520264,1.0924614667892456,8099,248,0.4333166480064392,0.8500000238418579,0.15000000596046448,,,,,,,,,
87,1778821932.7326949,5036.512095817,1.2132658958435059,1.0989558696746826,8149,249,0.4511988162994385,0.8500000238418579,0.15000000596046448,,,,,,,,,
87,1778821952.9441333,5056.723702774,,,8183,250,,,,0.43827319145202637,1.0952061414718628,0.849999189376831,0.14999987185001373,1.2111355066299438,,,,
88,1778821966.111903,5069.89149007,1.2199363708496094,1.1051262617111206,8199,251,0.45453521609306335,0.8500000238418579,0.15000000596046448,,,,,,,,,
88,1778821993.6538925,5097.433251514,1.2195749282836914,1.104075312614441,8249,252,0.4495769441127777,0.8500000238418579,0.15000000596046448,,,,,,,,,
88,1778822010.3329678,5114.112392293,,,8276,253,,,,0.44130033254623413,1.0987772941589355,0.849999189376831,0.14999987185001373,1.2148027420043945,,,,
89,1778822027.118477,5130.897930199,1.1999006271362305,1.082817792892456,8299,254,0.4193479120731354,0.8500000238418579,0.15000000596046448,,,,,,,,,
89,1778822054.2362068,5158.015635634,1.2237378358840942,1.102806568145752,8349,255,0.4175286591053009,0.8500000238418579,0.15000000596046448,,,,,,,,,
89,1778822067.330591,5171.110103843,,,8369,256,,,,0.4410281479358673,1.0939464569091797,0.849999189376831,0.14999987185001373,1.2091678380966187,,,,
90,1778822088.1651633,5191.944665525,1.1902973651885986,1.076390027999878,8399,257,0.43091458082199097,0.8500000238418579,0.15000000596046448,,,,,,,,,
90,1778822115.3829873,5219.162324945,1.2299585342407227,1.1123156547546387,8449,258,0.4456726908683777,0.8500000238418579,0.15000000596046448,,,,,,,,,
90,1778822124.4851537,5228.264524303,,,8462,259,,,,0.4380553960800171,1.099177598953247,0.849999189376831,0.14999987185001373,1.215846300125122,,,,
91,1778822149.1821084,5252.961647399,1.1655691862106323,1.0525712966918945,8499,260,0.41224977374076843,0.8500000238418579,0.15000000596046448,,,,,,,,,
91,1778822176.436272,5280.215552829,1.2427536249160767,1.1268162727355957,8549,261,0.4698377549648285,0.8500000238418579,0.15000000596046448,,,,,,,,,
91,1778822181.4355657,5285.215115529,,,8555,262,,,,0.4351767301559448,1.0970017910003662,0.849999189376831,0.14999987185001373,1.213794469833374,,,,
92,1778822210.3986344,5314.178321425,1.218597412109375,1.1029871702194214,8599,263,0.4478623569011688,0.8500000238418579,0.15000000596046448,,,,,,,,,
92,1778822238.9517345,5342.731136296,,,8648,264,,,,0.4445197880268097,1.0992696285247803,0.849999189376831,0.14999987185001373,1.2148133516311646,,,,
93,1778822243.988864,5347.768233663,1.221777319908142,1.10398530960083,8649,265,0.4364964962005615,0.8500000238418579,0.15000000596046448,,,,,,,,,
93,1778822271.6475577,5375.427166943,1.1861188411712646,1.0722190141677856,8699,266,0.42678678035736084,0.8500000238418579,0.15000000596046448,,,,,,,,,
93,1778822296.4359183,5400.215325747,,,8741,267,,,,0.4425109922885895,1.0995326042175293,0.849999189376831,0.14999987185001373,1.215477705001831,,,,
94,1778822305.4134703,5409.192864991,1.2477970123291016,1.1211334466934204,8749,268,0.4033735692501068,0.8500000238418579,0.15000000596046448,,,,,,,,,
94,1778822332.7035837,5436.483133469,1.2109613418579102,1.0957660675048828,8799,269,0.44299250841140747,0.8500000238418579,0.15000000596046448,,,,,,,,,
94,1778822353.914857,5457.694286004,,,8834,270,,,,0.43765050172805786,1.0947173833847046,0.849999189376831,0.14999987185001373,1.2106704711914062,,,,
95,1778822366.6177146,5470.3970295,1.1429107189178467,1.0415127277374268,8849,271,0.46692419052124023,0.8500000238418579,0.15000000596046448,,,,,,,,,
95,1778822393.926587,5497.70598244,1.2214009761810303,1.1036239862442017,8899,272,0.4362209439277649,0.8500000238418579,0.15000000596046448,,,,,,,,,
95,1778822411.1171372,5514.896704859,,,8927,273,,,,0.43804964423179626,1.099560022354126,0.849999189376831,0.14999987185001373,1.2162967920303345,,,,
96,1778822428.2343187,5532.013736331,1.1578987836837769,1.054577350616455,8949,274,0.469089150428772,0.8500000238418579,0.15000000596046448,,,,,,,,,
96,1778822455.273567,5559.053081309,1.1733214855194092,1.0670435428619385,8999,275,0.4648016691207886,0.8500000238418579,0.15000000596046448,,,,,,,,,
96,1778822468.8202398,5572.599690014,,,9020,276,,,,0.44072601199150085,1.0934311151504517,0.849999189376831,0.14999987185001373,1.2086145877838135,,,,
97,1778822489.009253,5592.788602235,1.215248703956604,1.1038401126861572,9049,277,0.4725249409675598,0.8500000238418579,0.15000000596046448,,,,,,,,,
97,1778822516.068813,5619.848618334,1.264244794845581,1.1411921977996826,9099,278,0.44389379024505615,0.8500000238418579,0.15000000596046448,,,,,,,,,
97,1778822525.62209,5629.401559071,,,9113,279,,,,0.4353238642215729,1.0893828868865967,0.849999189376831,0.14999987185001373,1.2048051357269287,,,,
98,1778822549.9850066,5653.764444167,1.230825662612915,1.1187692880630493,9149,280,0.4837828278541565,0.8500000238418579,0.15000000596046448,,,,,,,,,
98,1778822576.9807656,5680.760516502,1.2450425624847412,1.1216121912002563,9199,281,0.4221732020378113,0.8500000238418579,0.15000000596046448,,,,,,,,,
98,1778822582.929921,5686.709359015,,,9206,282,,,,0.43562230467796326,1.0925817489624023,0.849999189376831,0.14999987185001373,1.2085161209106445,,,,
99,1778822610.9777658,5714.75711172,1.1748137474060059,1.0624191761016846,9249,283,0.4255160689353943,0.8500000238418579,0.15000000596046448,,,,,,,,,
99,1778822638.4523795,5742.231904807,1.2145646810531616,1.0979400873184204,9299,284,0.4370671510696411,0.8500000238418579,0.15000000596046448,,,,,,,,,
99,1778822640.3287032,5744.108206358,,,9299,285,,,,0.4371050298213959,1.0905108451843262,0.849999189376831,0.14999987185001373,1.2058178186416626,,,,
100,1778822671.8067734,5775.586166057,1.2188056707382202,1.1025696992874146,9349,286,0.4438987076282501,0.8500000238418579,0.15000000596046448,,,,,,,,,
100,1778822697.0848231,5800.864328677,,,9392,287,,,,0.4333864748477936,1.0975948572158813,0.849999189376831,0.14999987185001373,1.2148083448410034,,,,
101,1778822705.144657,5808.924147315,1.2432366609573364,1.1217899322509766,9399,288,0.4335920214653015,0.8500000238418579,0.15000000596046448,,,,,,,,,
101,1778822732.643083,5836.422426829,1.3101478815078735,1.1798051595687866,9449,289,0.4411960244178772,0.8500000238418579,0.15000000596046448,,,,,,,,,
101,1778822754.0004544,5857.7799536,,,9485,290,,,,0.42888256907463074,1.0919594764709473,0.849999189376831,0.14999987185001373,1.2089734077453613,,,,
102,1778822766.029721,5869.809207742,1.1724809408187866,1.0613211393356323,9499,291,0.4314151704311371,0.8500000238418579,0.15000000596046448,,,,,,,,,
102,1778822793.8162239,5897.595678671,1.2175084352493286,1.098902940750122,9549,292,0.4268052577972412,0.8500000238418579,0.15000000596046448,,,,,,,,,
102,1778822811.5198183,5915.299287886,,,9578,293,,,,0.43681800365448,1.0902831554412842,0.849999189376831,0.14999987185001373,1.2056002616882324,,,,
103,1778822827.420853,5931.200603834,1.2246205806732178,1.1060352325439453,9599,294,0.43405142426490784,0.8500000238418579,0.15000000596046448,,,,,,,,,
103,1778822854.7142828,5958.493645583,1.1661796569824219,1.055474042892456,9649,295,0.42814236879348755,0.8500000238418579,0.15000000596046448,,,,,,,,,
103,1778822868.383013,5972.162424713,,,9671,296,,,,0.43475615978240967,1.0958764553070068,0.849999189376831,0.14999987185001373,1.2125447988510132,,,,
104,1778822888.1455247,5991.924998985,1.2896815538406372,1.1656746864318848,9699,297,0.4629690647125244,0.8500000238418579,0.15000000596046448,,,,,,,,,
104,1778822915.4454951,6019.224855657,1.2337778806686401,1.122410535812378,9749,298,0.4913291335105896,0.8500000238418579,0.15000000596046448,,,,,,,,,
104,1778822925.5414722,6029.320887211,,,9764,299,,,,0.4334673583507538,1.089946985244751,0.849999189376831,0.14999987185001373,1.2057965993881226,,,,
105,1778822948.9441018,6052.723729744,1.2342960834503174,1.1171166896820068,9799,300,0.4531000256538391,0.8500000238418579,0.15000000596046448,,,,,,,,,
105,1778822976.3183057,6080.097662582,1.2355090379714966,1.1183631420135498,9849,301,0.45453646779060364,0.8500000238418579,0.15000000596046448,,,,,,,,,
105,1778822982.3667102,6086.1461352,,,9857,302,,,,0.43743351101875305,1.0923384428024292,0.849999189376831,0.14999987185001373,1.2079098224639893,,,,
106,1778823010.050889,6113.83037539,1.1929945945739746,1.0738378763198853,9899,303,0.3986160159111023,0.8500000238418579,0.15000000596046448,,,,,,,,,
106,1778823037.5496364,6141.328994103,1.1870386600494385,1.0745645761489868,9949,304,0.43721091747283936,0.8500000238418579,0.15000000596046448,,,,,,,,,
106,1778823039.9292588,6143.708718049,,,9950,305,,,,0.4382205605506897,1.0940735340118408,0.849999189376831,0.14999987185001373,1.2098121643066406,,,,
107,1778823071.10271,6174.882166983,1.1881182193756104,1.0730023384094238,9999,306,0.420678049325943,0.8500000238418579,0.15000000596046448,,,,,,,,,
107,1778823096.9978912,6200.777323016,,,10043,307,,,,0.4270317256450653,1.0857772827148438,0.849999189376831,0.14999987185001373,1.202026605606079,,,,
108,1778823104.9088497,6208.688147552,1.209930419921875,1.0980312824249268,10049,308,0.4639366865158081,0.8500000238418579,0.15000000596046448,,,,,,,,,
108,1778823132.1169307,6235.896551306,1.2173000574111938,1.1051241159439087,10099,309,0.4694603979587555,0.8500000238418579,0.15000000596046448,,,,,,,,,
108,1778823154.3034494,6258.082949918,,,10136,310,,,,0.4388064444065094,1.093157172203064,0.849999189376831,0.14999987185001373,1.208630919456482,,,,
109,1778823165.801978,6269.581293976,1.2080683708190918,1.0909357070922852,10149,311,0.4271843433380127,0.8500000238418579,0.15000000596046448,,,,,,,,,
109,1778823192.9357245,6296.715387934,1.2520883083343506,1.1337676048278809,10199,312,0.46328282356262207,0.8500000238418579,0.15000000596046448,,,,,,,,,
109,1778823211.5146956,6315.294107289,,,10229,313,,,,0.4363524317741394,1.0995151996612549,0.849999189376831,0.14999987185001373,1.2165440320968628,,,,
110,1778823226.8646727,6330.644090859,1.2578535079956055,1.138698935508728,10249,314,0.46349000930786133,0.8500000238418579,0.15000000596046448,,,,,,,,,
110,1778823254.1680021,6357.947655888,1.2473390102386475,1.118678331375122,10299,315,0.38960039615631104,0.8500000238418579,0.15000000596046448,,,,,,,,,
110,1778823268.2515407,6372.031064966,,,10322,316,,,,0.4440672695636749,1.1000933647155762,0.849999189376831,0.14999987185001373,1.2158622741699219,,,,
111,1778823287.7154388,6391.494800419,1.1708735227584839,1.0605487823486328,10349,317,0.4353749752044678,0.8500000238418579,0.15000000596046448,,,,,,,,,
111,1778823314.8973033,6418.67692753,1.204892873764038,1.0922245979309082,10399,318,0.45377111434936523,0.8500000238418579,0.15000000596046448,,,,,,,,,
111,1778823325.3862667,6429.165665706,,,10415,319,,,,0.43690967559814453,1.0900182723999023,0.849999189376831,0.14999987185001373,1.2052732706069946,,,,
112,1778823348.6414027,6452.420812914,1.1887381076812744,1.077891230583191,10449,320,0.4497581720352173,0.8500000238418579,0.15000000596046448,,,,,,,,,
112,1778823375.7743528,6479.553978504,1.2493423223495483,1.1262459754943848,10499,321,0.42869997024536133,0.8500000238418579,0.15000000596046448,,,,,,,,,
112,1778823382.7283683,6486.507850797,,,10508,322,,,,0.42880675196647644,1.095840573310852,0.849999189376831,0.14999987185001373,1.2135523557662964,,,,
113,1778823409.5646396,6513.343994814,1.2401806116104126,1.1242278814315796,10549,323,0.46716225147247314,0.8500000238418579,0.15000000596046448,,,,,,,,,
113,1778823436.6163187,6540.395666953,1.1711266040802002,1.0593286752700806,10599,324,0.4258066415786743,0.8500000238418579,0.15000000596046448,,,,,,,,,
113,1778823439.5185144,6543.298524338,,,10601,325,,,,0.43735507130622864,1.088584065437317,0.849999189376831,0.14999987185001373,1.2035069465637207,,,,
114,1778823470.5264456,6574.30576551,1.1616296768188477,1.0501781702041626,10649,326,0.41861921548843384,0.8500000238418579,0.15000000596046448,,,,,,,,,
114,1778823496.888939,6600.668392098,,,10694,327,,,,0.43054986000061035,1.0906808376312256,0.849999189376831,0.14999987185001373,1.2071748971939087,,,,
115,1778823503.9891684,6607.768659323,1.2215625047683716,1.1025885343551636,10699,328,0.4284023940563202,0.8500000238418579,0.15000000596046448,,,,,,,,,
115,1778823531.6272607,6635.406661172,1.2043213844299316,1.088449478149414,10749,329,0.4318418502807617,0.8500000238418579,0.15000000596046448,,,,,,,,,
115,1778823554.1310723,6657.910556921,,,10787,330,,,,0.4434155821800232,1.0936970710754395,0.849999189376831,0.14999987185001373,1.208452820777893,,,,
116,1778823565.2684398,6669.048156959,1.2169994115829468,1.100411295890808,10799,331,0.43974512815475464,0.8500000238418579,0.15000000596046448,,,,,,,,,
116,1778823592.5536234,6696.332976225,1.214353322982788,1.0987619161605835,10849,332,0.44374361634254456,0.8500000238418579,0.15000000596046448,,,,,,,,,
116,1778823611.6135523,6715.392949639,,,10880,333,,,,0.43782079219818115,1.0972346067428589,0.849999189376831,0.14999987185001373,1.2136015892028809,,,,
117,1778823626.5873895,6730.366890764,1.0835020542144775,0.9795529246330261,10899,334,0.39050790667533875,0.8500000238418579,0.15000000596046448,,,,,,,,,
117,1778823654.2735312,6758.052926486,1.1397626399993896,1.0345938205718994,10949,335,0.43863701820373535,0.8500000238418579,0.15000000596046448,,,,,,,,,
117,1778823669.1028907,6772.882295161,,,10973,336,,,,0.4315512776374817,1.0781996250152588,0.849999189376831,0.14999987185001373,1.1923140287399292,,,,
118,1778823687.9809992,6791.760698128,1.283507227897644,1.157211184501648,10999,337,0.44153404235839844,0.8500000238418579,0.15000000596046448,,,,,,,,,
118,1778823715.8426297,6819.621969108,1.2132279872894287,1.0968174934387207,11049,338,0.4371579587459564,0.8500000238418579,0.15000000596046448,,,,,,,,,
118,1778823727.1879923,6830.967491373,,,11066,339,,,,0.43937358260154724,1.1004350185394287,0.849999189376831,0.14999987185001373,1.2170931100845337,,,,
119,1778823750.1694915,6853.949044847,1.1400790214538574,1.0355511903762817,11099,340,0.44322651624679565,0.8500000238418579,0.15000000596046448,,,,,,,,,
119,1778823777.7759428,6881.555311979,1.1826218366622925,1.0648529529571533,11149,341,0.3974953591823578,0.8500000238418579,0.15000000596046448,,,,,,,,,
119,1778823785.1954992,6888.974927736,,,11159,342,,,,0.43243852257728577,1.0867143869400024,0.849999189376831,0.14999987185001373,1.2021746635437012,,,,
120,1778823811.8127573,6915.59229527,1.1865531206130981,1.0787429809570312,11199,343,0.46781864762306213,0.8500000238418579,0.15000000596046448,,,,,,,,,
120,1778823839.5976834,6943.377005813,1.1501615047454834,1.0401784181594849,11249,344,0.41694048047065735,0.8500000238418579,0.15000000596046448,,,,,,,,,
120,1778823843.062554,6946.842081078,,,11252,345,,,,0.43865740299224854,1.0901477336883545,0.849999189376831,0.14999987185001373,1.2051163911819458,,,,
121,1778823873.6482694,6977.42780201,1.2527868747711182,1.1287670135498047,11299,346,0.42598757147789,0.8500000238418579,0.15000000596046448,,,,,,,,,
121,1778823900.846404,7004.625832093,,,11345,347,,,,0.4397217631340027,1.0878628492355347,0.849999189376831,0.14999987185001373,1.2022407054901123,,,,
122,1778823907.9872348,7011.766589348,1.1831680536270142,1.0758055448532104,11349,348,0.4674183130264282,0.8500000238418579,0.15000000596046448,,,,,,,,,
122,1778823935.187105,7038.966628718,1.235520601272583,1.1164600849151611,11399,349,0.44178307056427,0.8500000238418579,0.15000000596046448,,,,,,,,,
122,1778823958.675301,7062.454747617,,,11438,350,,,,0.4383779466152191,1.0876210927963257,0.849999189376831,0.14999987185001373,1.2021934986114502,,,,
123,1778823969.3121998,7073.091554226,1.226166844367981,1.1077057123184204,11449,351,0.4364261031150818,0.8500000238418579,0.15000000596046448,,,,,,,,,
123,1778823996.7929337,7100.572461658,1.1662216186523438,1.0514708757400513,11499,352,0.4012163281440735,0.8500000238418579,0.15000000596046448,,,,,,,,,
123,1778824016.1790478,7119.958472397,,,11531,353,,,,0.42538267374038696,1.0858726501464844,0.849999189376831,0.14999987185001373,1.2024298906326294,,,,
124,1778824030.9352183,7134.714583613,1.1447672843933105,1.0364218950271606,11549,354,0.422464519739151,0.8500000238418579,0.15000000596046448,,,,,,,,,
124,1778824058.2022858,7161.981779717,1.2769651412963867,1.1538231372833252,11599,355,0.4560182988643646,0.8500000238418579,0.15000000596046448,,,,,,,,,
124,1778824073.9326684,7177.712108877,,,11624,356,,,,0.4432658851146698,1.092841386795044,0.849999189376831,0.14999987185001373,1.2074722051620483,,,,
125,1778824091.903196,7195.682614767,1.1972593069076538,1.0771571397781372,11649,357,0.39657825231552124,0.8500000238418579,0.15000000596046448,,,,,,,,,
125,1778824119.3007636,7223.080230306,1.1614246368408203,1.053191065788269,11699,358,0.439867228269577,0.8500000238418579,0.15000000596046448,,,,,,,,,
125,1778824131.1142561,7234.893719561,,,11717,359,,,,0.4301648437976837,1.0788573026657104,0.849999189376831,0.14999987185001373,1.1933324337005615,,,,
126,1778824152.970384,7256.749744987,1.266363263130188,1.1391384601593018,11749,360,0.4181973338127136,0.8500000238418579,0.15000000596046448,,,,,,,,,
126,1778824180.1943562,7283.973888522,1.2151681184768677,1.0951300859451294,11799,361,0.4149142801761627,0.8500000238418579,0.15000000596046448,,,,,,,,,
126,1778824188.3406866,7292.120125463,,,11810,362,,,,0.4382528066635132,1.0835323333740234,0.849999189376831,0.14999987185001373,1.197405219078064,,,,
127,1778824214.398145,7318.177416798,1.185538411140442,1.0777862071990967,11849,363,0.46718958020210266,0.8500000238418579,0.15000000596046448,,,,,,,,,
127,1778824241.9946547,7345.774423479,1.2100985050201416,1.0935108661651611,11899,364,0.4328474998474121,0.8500000238418579,0.15000000596046448,,,,,,,,,
127,1778824246.0255394,7349.804969638,,,11903,365,,,,0.44269242882728577,1.089604139328003,0.849999189376831,0.14999987185001373,1.203764796257019,,,,
128,1778824275.80573,7379.585117362,1.1948249340057373,1.078155517578125,11949,366,0.4170278310775757,0.8500000238418579,0.15000000596046448,,,,,,,,,
128,1778824303.5921288,7407.371694262,,,11996,367,,,,0.4382880926132202,1.0768104791641235,0.849999189376831,0.14999987185001373,1.1894911527633667,,,,
129,1778824309.6318078,7413.411147296,1.1465582847595215,1.0316932201385498,11999,368,0.38079068064689636,0.8500000238418579,0.15000000596046448,,,,,,,,,
129,1778824337.2714918,7441.050870919,1.2303228378295898,1.1019033193588257,12049,369,0.37419259548187256,0.8500000238418579,0.15000000596046448,,,,,,,,,
129,1778824361.1845078,7464.964232785,,,12089,370,,,,0.4380801320075989,1.0901707410812378,0.849999189376831,0.14999987185001373,1.2052457332611084,,,,
130,1778824371.1350865,7474.914442411,1.1896016597747803,1.070915699005127,12099,371,0.39836132526397705,0.8500000238418579,0.15000000596046448,,,,,,,,,
130,1778824398.7215989,7502.500916932,1.2772133350372314,1.1518474817276,12149,372,0.44144052267074585,0.8500000238418579,0.15000000596046448,,,,,,,,,
130,1778824418.5984528,7522.377944568,,,12182,373,,,,0.43805763125419617,1.0900617837905884,0.849999189376831,0.14999987185001373,1.2051212787628174,,,,
131,1778824432.374894,7536.15432839,1.1763898134231567,1.059256911277771,12199,374,0.39550331234931946,0.8500000238418579,0.15000000596046448,,,,,,,,,
131,1778824459.813222,7563.592678466,1.159162998199463,1.0458643436431885,12249,375,0.4038383960723877,0.8500000238418579,0.15000000596046448,,,,,,,,,
131,1778824475.5566719,7579.336154191,,,12275,376,,,,0.4339812994003296,1.0943636894226074,0.849999189376831,0.14999987185001373,1.2109019756317139,,,,
132,1778824493.5791812,7597.358663726,1.1322605609893799,1.0294603109359741,12299,377,0.4469253122806549,0.8500000238418579,0.15000000596046448,,,,,,,,,
132,1778824520.4564393,7624.235754093,1.1243388652801514,1.0116232633590698,12349,378,0.37290140986442566,0.8500000238418579,0.15000000596046448,,,,,,,,,
132,1778824532.9860299,7636.765439154,,,12368,379,,,,0.4362051784992218,1.0901931524276733,0.849999189376831,0.14999987185001373,1.2056025266647339,,,,
133,1778824554.5294287,7658.308843052,1.1729482412338257,1.0606435537338257,12399,380,0.42424994707107544,0.8500000238418579,0.15000000596046448,,,,,,,,,
133,1778824581.78873,7685.568153417,1.21720290184021,1.104395866394043,12449,381,0.46515563130378723,0.8500000238418579,0.15000000596046448,,,,,,,,,
133,1778824590.028659,7693.808097871,,,12461,382,,,,0.4382977783679962,1.087229609489441,0.849999189376831,0.14999987185001373,1.2017465829849243,,,,
134,1778824615.2946348,7719.074045878,1.156648874282837,1.0477638244628906,12499,383,0.43074867129325867,0.8500000238418579,0.15000000596046448,,,,,,,,,
134,1778824642.349479,7746.128793757,1.180956482887268,1.072655439376831,12549,384,0.4589497447013855,0.8500000238418579,0.15000000596046448,,,,,,,,,
134,1778824647.1812654,7750.960711673,,,12554,385,,,,0.43604516983032227,1.0923737287521362,0.849999189376831,0.14999987185001373,1.2081961631774902,,,,
135,1778824676.4726543,7780.252067572,1.2114107608795166,1.0925313234329224,12599,386,0.4188807010650635,0.8500000238418579,0.15000000596046448,,,,,,,,,
135,1778824704.5333395,7808.312863977,,,12647,387,,,,0.43320444226264954,1.0825567245483398,0.849999189376831,0.14999987185001373,1.1971485614776611,,,,
136,1778824710.125054,7813.904443725,1.2010984420776367,1.0858463048934937,12649,388,0.4327503442764282,0.8500000238418579,0.15000000596046448,,,,,,,,,
136,1778824738.0693269,7841.849084275,1.2566661834716797,1.1363109350204468,12699,389,0.4542981684207916,0.8500000238418579,0.15000000596046448,,,,,,,,,
136,1778824762.5299664,7866.309382581,,,12740,390,,,,0.4343346655368805,1.0809588432312012,0.849999189376831,0.14999987185001373,1.1950691938400269,,,,
137,1778824771.7709832,7875.550380871,1.1554718017578125,1.0503829717636108,12749,391,0.4548792839050293,0.8500000238418579,0.15000000596046448,,,,,,,,,
137,1778824799.2552047,7903.034722244,1.1477925777435303,1.037507176399231,12799,392,0.4125564992427826,0.8500000238418579,0.15000000596046448,,,,,,,,,
137,1778824819.556261,7923.33578804,,,12833,393,,,,0.43417978286743164,1.084465742111206,0.849999189376831,0.14999987185001373,1.1992216110229492,,,,
138,1778824832.8971775,7936.676510488,1.192528247833252,1.0821647644042969,12849,394,0.45677173137664795,0.8500000238418579,0.15000000596046448,,,,,,,,,
138,1778824860.2824664,7964.061936885,1.1978938579559326,1.086696743965149,12899,395,0.45657914876937866,0.8500000238418579,0.15000000596046448,,,,,,,,,
138,1778824877.0404904,7980.819868616,,,12926,396,,,,0.4346332252025604,1.0829846858978271,0.849999189376831,0.14999987185001373,1.197399616241455,,,,
139,1778824894.3910863,7998.170406189,1.2122938632965088,1.0923619270324707,12949,397,0.4127470850944519,0.8500000238418579,0.15000000596046448,,,,,,,,,
139,1778824921.5385528,8025.318014971,1.1993647813796997,1.0861701965332031,12999,398,0.4447338581085205,0.8500000238418579,0.15000000596046448,,,,,,,,,
139,1778824934.6836119,8038.463097078,,,13019,399,,,,0.43615812063217163,1.087727665901184,0.849999189376831,0.14999987185001373,1.202710509300232,,,,
140,1778824955.9047039,8059.684117036,1.2157469987869263,1.0942986011505127,13049,400,0.4060913324356079,0.8500000238418579,0.15000000596046448,,,,,,,,,
140,1778824983.244025,8087.023566177,1.2141926288604736,1.096484899520874,13099,401,0.4294741749763489,0.8500000238418579,0.15000000596046448,,,,,,,,,
140,1778824992.3196497,8096.099141608,,,13112,402,,,,0.4311203360557556,1.0872398614883423,0.849999189376831,0.14999987185001373,1.2030253410339355,,,,
141,1778825017.4095495,8121.188938045,1.191163182258606,1.0815969705581665,13149,403,0.46072137355804443,0.8500000238418579,0.15000000596046448,,,,,,,,,
141,1778825044.922042,8148.701578883,1.2114908695220947,1.0927993059158325,13199,404,0.42021363973617554,0.8500000238418579,0.15000000596046448,,,,,,,,,
141,1778825049.9511232,8153.730563129,,,13205,405,,,,0.4384598731994629,1.086650013923645,0.849999189376831,0.14999987185001373,1.2010365724563599,,,,
142,1778825079.03022,8182.809667398,1.1861447095870972,1.0718498229980469,13249,406,0.42417824268341064,0.8500000238418579,0.15000000596046448,,,,,,,,,
142,1778825107.6353889,8211.414991395,,,13298,407,,,,0.4251451790332794,1.0833790302276611,0.849999189376831,0.14999987185001373,1.199537754058838,,,,
143,1778825112.7148733,8216.494190532,1.1277903318405151,1.0249698162078857,13299,408,0.44231969118118286,0.8500000238418579,0.15000000596046448,,,,,,,,,
143,1778825140.0367334,8243.816078175,1.1919946670532227,1.0779463052749634,13349,409,0.43167203664779663,0.8500000238418579,0.15000000596046448,,,,,,,,,
143,1778825164.947452,8268.727207105,,,13391,410,,,,0.4312317669391632,1.084667444229126,0.849999189376831,0.14999987185001373,1.199979543685913,,,,
144,1778825173.958706,8277.738046487,1.1808558702468872,1.0681942701339722,13399,411,0.4297780394554138,0.8500000238418579,0.15000000596046448,,,,,,,,,
144,1778825201.1676068,8304.946987052,1.2117443084716797,1.0889441967010498,13449,412,0.39307695627212524,0.8500000238418579,0.15000000596046448,,,,,,,,,
144,1778825222.3045475,8326.084115522,,,13484,413,,,,0.4320424795150757,1.0780121088027954,0.849999189376831,0.14999987185001373,1.1920069456100464,,,,
145,1778825234.9052165,8338.684557588,1.1196587085723877,1.0196393728256226,13499,414,0.4528626501560211,0.8500000238418579,0.15000000596046448,,,,,,,,,
145,1778825262.1684763,8365.947824734,1.220674753189087,1.0992560386657715,13549,415,0.41121619939804077,0.8500000238418579,0.15000000596046448,,,,,,,,,
145,1778825279.2909396,8383.070356094,,,13577,416,,,,0.4329281449317932,1.0864561796188354,0.849999189376831,0.14999987185001373,1.201784610748291,,,,
146,1778825296.1789124,8399.958394956,1.173638105392456,1.0575021505355835,13599,417,0.3993983864784241,0.8500000238418579,0.15000000596046448,,,,,,,,,
146,1778825323.179449,8426.958848065,1.2107245922088623,1.096779704093933,13649,418,0.4510921239852905,0.8500000238418579,0.15000000596046448,,,,,,,,,
146,1778825336.769681,8440.549160477,,,13670,419,,,,0.43387213349342346,1.0804376602172852,0.849999189376831,0.14999987185001373,1.1945377588272095,,,,
147,1778825357.483079,8461.262621537,1.2047722339630127,1.0863778591156006,13699,420,0.41547638177871704,0.8500000238418579,0.15000000596046448,,,,,,,,,
147,1778825384.7055883,8488.484957666,1.2089600563049316,1.0914068222045898,13749,421,0.42527222633361816,0.8500000238418579,0.15000000596046448,,,,,,,,,
147,1778825394.2664435,8498.045871006,,,13763,422,,,,0.4372466802597046,1.0923181772232056,0.849999189376831,0.14999987185001373,1.2079187631607056,,,,
148,1778825419.0000267,8522.779501926,1.171036720275879,1.0620293617248535,13799,423,0.4443208575248718,0.8500000238418579,0.15000000596046448,,,,,,,,,
148,1778825445.9274235,8549.706761172,1.239271640777588,1.120676875114441,13849,424,0.44863951206207275,0.8500000238418579,0.15000000596046448,,,,,,,,,
148,1778825451.8333464,8555.612796422,,,13856,425,,,,0.4362340271472931,1.0764884948730469,0.849999189376831,0.14999987185001373,1.1894747018814087,,,,
149,1778825480.0280526,8583.807487009,1.204883337020874,1.0880517959594727,13899,426,0.42600661516189575,0.8500000238418579,0.15000000596046448,,,,,,,,,
149,1778825507.6921086,8611.471433987,1.2184869050979614,1.1074577569961548,13949,427,0.4782923758029938,0.8500000238418579,0.15000000596046448,,,,,,,,,
149,1778825509.6136756,8613.393102399,,,13949,428,,,,0.43837952613830566,1.0903749465942383,0.849999189376831,0.14999987185001373,1.2054328918457031,,,,
150,1778825541.8006513,8645.580146244,1.2179757356643677,1.097698450088501,13999,429,0.4161273241043091,0.8500000238418579,0.15000000596046448,,,,,,,,,
150,1778825567.4886038,8671.268050927,,,14042,430,,,,0.4318256080150604,1.0862516164779663,0.849999189376831,0.14999987185001373,1.2017384767532349,,,,
151,1778825575.7064152,8679.485789714,1.209054708480835,1.0907467603683472,14049,431,0.42033547163009644,0.8500000238418579,0.15000000596046448,,,,,,,,,
151,1778825603.48604,8707.265505654,1.2206497192382812,1.1068352460861206,14099,432,0.46188706159591675,0.8500000238418579,0.15000000596046448,,,,,,,,,
151,1778825624.7142437,8728.493665619,,,14135,433,,,,0.4353385865688324,1.079374074935913,0.849999189376831,0.14999987185001373,1.193027138710022,,,,
152,1778825636.9805825,8740.75999459,1.1678874492645264,1.063232421875,14149,434,0.47018688917160034,0.8500000238418579,0.15000000596046448,,,,,,,,,
152,1778825664.468846,8768.248438303,1.2998924255371094,1.1732805967330933,14199,435,0.4558131694793701,0.8500000238418579,0.15000000596046448,,,,,,,,,
152,1778825682.506341,8786.285811776,,,14228,436,,,,0.43732112646102905,1.0849028825759888,0.849999189376831,0.14999987185001373,1.1991817951202393,,,,
153,1778825698.234285,8802.013607235,1.1454212665557861,1.0309627056121826,14249,437,0.3823643922805786,0.8500000238418579,0.15000000596046448,,,,,,,,,
153,1778825725.6160145,8829.395376441,1.127460241317749,1.0246391296386719,14299,438,0.4419860541820526,0.8500000238418579,0.15000000596046448,,,,,,,,,
153,1778825739.2983181,8843.077746165,,,14321,439,,,,0.43504250049591064,1.082287073135376,0.849999189376831,0.14999987185001373,1.1965067386627197,,,,
154,1778825759.53458,8863.313903889,1.1955182552337646,1.0810511112213135,14349,440,0.4324038028717041,0.8500000238418579,0.15000000596046448,,,,,,,,,
154,1778825786.7386668,8890.518174593,1.143836259841919,1.0408551692962646,14399,441,0.45729559659957886,0.8500000238418579,0.15000000596046448,,,,,,,,,
154,1778825796.9274383,8900.706855232,,,14414,442,,,,0.4381959140300751,1.0848768949508667,0.849999189376831,0.14999987185001373,1.198997139930725,,,,
155,1778826329.3638613,9433.143499145,,,14415,443,,,,,,,,,0.45446333289146423,1.322912335395813,9.663082122802734,3.3224260807037354
