tloss_a_step,tloss_s_step,w_stability_step,epoch,trainer/global_step,_timestamp,_runtime,tloss_step,w_accuracy_step,_step,tloss_s_epoch,w_accuracy_epoch,tloss_a_epoch,tloss_epoch,w_stability_epoch,sMAPE,RMSSE,RMSSC,sMAPC
1.4605114459991455,0.5919292569160461,0.0,0,49,1778406308.210857,26.386846949,1.4605114459991455,1.0,0,,,,,,,,,
,,,0,92,1778406327.4829576,45.659007442000004,,,1,0.6762655377388,1.0,1.664878487586975,1.664878487586975,0.0,,,,
1.396225929260254,0.5353856086730957,0.0,1,99,1778406334.1771085,52.353078921,1.396225929260254,1.0,2,,,,,,,,,
1.3550094366073608,0.6448095440864563,0.0,1,149,1778406355.328125,73.504173037,1.3550094366073608,1.0,3,,,,,,,,,
,,,1,185,1778406371.2462687,89.422402816,,,4,0.5745767951011658,1.0,1.3752082586288452,1.3752082586288452,0.0,,,,
1.33367919921875,0.5546170473098755,0.0,2,199,1778406380.8378382,99.013928838,1.33367919921875,1.0,5,,,,,,,,,
1.3018369674682617,0.5170731544494629,0.0,2,249,1778406401.8746624,120.050655801,1.3018369674682617,1.0,6,,,,,,,,,
,,,2,278,1778406414.7980452,132.974174016,,,7,0.5764050483703613,1.0,1.3530768156051636,1.3530768156051636,0.0,,,,
1.343259334564209,0.5243980884552002,0.0,3,299,1778406427.150671,145.326591021,1.343259334564209,1.0,8,,,,,,,,,
1.3218541145324707,0.5656387805938721,0.0,3,349,1778406447.8926907,166.068583227,1.3218541145324707,1.0,9,,,,,,,,,
,,,3,371,1778406458.0095217,176.185492345,,,10,0.55708909034729,1.0,1.3326317071914673,1.3326317071914673,0.0,,,,
1.2000898122787476,0.525576114654541,0.0,4,399,1778406473.356309,191.532261725,1.2000898122787476,1.0,11,,,,,,,,,
1.4113233089447021,0.5465973615646362,0.0,4,449,1778406493.931565,212.107582465,1.4113233089447021,1.0,12,,,,,,,,,
,,,4,464,1778406501.0358565,219.211840729,,,13,0.5556577444076538,1.0,1.326672077178955,1.326672077178955,0.0,,,,
1.2077199220657349,0.5030115842819214,0.0,5,499,1778406519.4988058,237.674975228,1.2077199220657349,1.0,14,,,,,,,,,
1.3339096307754517,0.6055771112442017,0.0,5,549,1778406540.6252816,258.80134515,1.3339096307754517,1.0,15,,,,,,,,,
,,,5,557,1778406544.7460084,262.922059551,,,16,0.5561231374740601,1.0,1.2945629358291626,1.2945629358291626,0.0,,,,
1.321418046951294,0.5675580501556396,0.0,6,599,1778406566.1751482,284.351187969,1.321418046951294,1.0,17,,,,,,,,,
1.3618601560592651,0.5230635404586792,0.0,6,649,1778406587.0768926,305.252962326,1.3618601560592651,1.0,18,,,,,,,,,
,,,6,650,1778406588.544407,306.720367077,,,19,0.5589514970779419,1.0,1.2923917770385742,1.2923917770385742,0.0,,,,
1.3380708694458008,0.6259053349494934,0.0,7,699,1778406612.7817214,330.957703768,1.3380708694458008,1.0,20,,,,,,,,,
,,,7,743,1778406632.0934904,350.269773704,,,21,0.5604663491249084,1.0,1.285176157951355,1.285176157951355,0.0,,,,
1.3604339361190796,0.5919401049613953,0.0,8,749,1778406638.3125393,356.48856027,1.3604339361190796,1.0,22,,,,,,,,,
1.2521449327468872,0.56952303647995,0.0,8,799,1778406659.4109547,377.586913754,1.2521449327468872,1.0,23,,,,,,,,,
,,,8,836,1778406675.7096791,393.885665342,,,24,0.55805903673172,1.0,1.2723112106323242,1.2723112106323242,0.0,,,,
1.4204905033111572,0.5175720453262329,0.0,9,849,1778406684.5522091,402.728167656,1.4204905033111572,1.0,25,,,,,,,,,
1.2901413440704346,0.49754247069358826,0.0,9,899,1778406705.4555428,423.631465348,1.2901413440704346,1.0,26,,,,,,,,,
,,,9,929,1778406718.8708062,437.046820027,,,27,0.5606985092163086,1.0,1.27341628074646,1.27341628074646,0.0,,,,
1.2855021953582764,0.5983775854110718,0.0,10,949,1778406730.5286474,448.704691955,1.2855021953582764,1.0,28,,,,,,,,,
1.296337366104126,0.5918144583702087,0.0,10,999,1778406751.5495331,469.725580932,1.296337366104126,1.0,29,,,,,,,,,
,,,10,1022,1778406761.928167,480.104190776,,,30,0.5694732069969177,1.0,1.2602448463439941,1.2602448463439941,0.0,,,,
1.3057422637939453,0.562268853187561,0.0,11,1049,1778406776.7058985,494.881928921,1.3057422637939453,1.0,31,,,,,,,,,
1.23917818069458,0.519017219543457,0.0,11,1099,1778406797.8574014,516.033376185,1.23917818069458,1.0,32,,,,,,,,,
,,,11,1115,1778406805.4267263,523.602753703,,,33,0.571483314037323,1.0,1.2615309953689575,1.2615309953689575,0.0,,,,
1.3230150938034058,0.5892186760902405,0.0,12,1149,1778406823.0713081,541.247350426,1.3230150938034058,1.0,34,,,,,,,,,
1.2463009357452393,0.5305004119873047,0.0,12,1199,1778406844.1803415,562.356388788,1.2463009357452393,1.0,35,,,,,,,,,
,,,12,1208,1778406848.895307,567.071265397,,,36,0.553902268409729,1.0,1.2670954465866089,1.2670954465866089,0.0,,,,
1.2394702434539795,0.5808662176132202,0.0,13,1249,1778406869.4681563,587.644211195,1.2394702434539795,1.0,37,,,,,,,,,
1.263780117034912,0.5883558392524719,0.0,13,1299,1778406890.3855288,608.561675754,1.263780117034912,1.0,38,,,,,,,,,
,,,13,1301,1778406892.0483212,610.224456053,,,39,0.5594829320907593,1.0,1.2580318450927734,1.2580318450927734,0.0,,,,
1.2292100191116333,0.5648589134216309,0.0,14,1349,1778406915.7936747,633.969716135,1.2292100191116333,1.0,40,,,,,,,,,
,,,14,1394,1778406935.6104648,653.786453383,,,41,0.5729104280471802,1.0,1.2618266344070435,1.2618266344070435,0.0,,,,
1.2561248540878296,0.5761637687683105,0.0,15,1399,1778406941.0243285,659.200329158,1.2561248540878296,1.0,42,,,,,,,,,
1.2395761013031006,0.5367021560668945,0.0,15,1449,1778406962.0070398,680.182974839,1.2395761013031006,1.0,43,,,,,,,,,
,,,15,1487,1778406978.9244921,697.100419983,,,44,0.5595036745071411,1.0,1.2622944116592407,1.2622944116592407,0.0,,,,
1.2135456800460815,0.5106289982795715,0.0,16,1499,1778406987.3361244,705.512092541,1.2135456800460815,1.0,45,,,,,,,,,
1.198112964630127,0.5536649227142334,0.0,16,1549,1778407008.2046921,726.380757157,1.198112964630127,1.0,46,,,,,,,,,
,,,16,1580,1778407022.2255318,740.401507575,,,47,0.5567548871040344,1.0,1.2500457763671875,1.2500457763671875,0.0,,,,
1.2311391830444336,0.5791166424751282,0.0,17,1599,1778407033.540682,751.716706172,1.2311391830444336,1.0,48,,,,,,,,,
1.2601146697998047,0.5475096702575684,0.0,17,1649,1778407054.4053502,772.581364997,1.2601146697998047,1.0,49,,,,,,,,,
,,,17,1673,1778407065.3854437,783.561555415,,,50,0.5541423559188843,1.0,1.2466423511505127,1.2466423511505127,0.0,,,,
1.2599514722824097,0.5590488314628601,0.0,18,1699,1778407079.7334416,797.909435895,1.2599514722824097,1.0,51,,,,,,,,,
1.2171361446380615,0.5657931566238403,0.0,18,1749,1778407100.591253,818.767243548,1.2171361446380615,1.0,52,,,,,,,,,
,,,18,1766,1778407108.5508604,826.727026776,,,53,0.572535514831543,1.0,1.258118987083435,1.258118987083435,0.0,,,,
1.2497235536575317,0.5697858333587646,0.0,19,1799,1778407125.8980339,844.074029358,1.2497235536575317,1.0,54,,,,,,,,,
1.1985108852386475,0.5577378273010254,0.0,19,1849,1778407146.7703695,864.946408908,1.1985108852386475,1.0,55,,,,,,,,,
,,,19,1859,1778407151.8962817,870.072254438,,,56,0.5685697793960571,1.0,1.2436763048171997,1.2436763048171997,0.0,,,,
1.253202199935913,0.5716384649276733,0.0,20,1899,1778407172.0949776,890.271121221,1.253202199935913,1.0,57,,,,,,,,,
1.2472858428955078,0.5066754221916199,0.0,20,1949,1778407192.8436513,911.019804317,1.2472858428955078,1.0,58,,,,,,,,,
,,,20,1952,1778407194.9360542,913.112195816,,,59,0.5596290826797485,1.0,1.241974949836731,1.241974949836731,0.0,,,,
1.2449182271957397,0.6468809247016907,0.0,21,1999,1778407218.0203087,936.19641367,1.2449182271957397,1.0,60,,,,,,,,,
,,,21,2045,1778407238.3670328,956.543185479,,,61,0.569145143032074,1.0,1.2458828687667847,1.2458828687667847,0.0,,,,
1.2872633934020996,0.590004563331604,0.0,22,2049,1778407243.3505342,961.526710867,1.2872633934020996,1.0,62,,,,,,,,,
1.2297149896621704,0.5420543551445007,0.0,22,2099,1778407264.465157,982.641281481,1.2297149896621704,1.0,63,,,,,,,,,
,,,22,2138,1778407281.8233805,999.999359352,,,64,0.5730295777320862,1.0,1.2384063005447388,1.2384063005447388,0.0,,,,
1.2725088596343994,0.5494407415390015,0.0,23,2149,1778407289.886123,1008.062122409,1.2725088596343994,1.0,65,,,,,,,,,
1.2520982027053833,0.5136443972587585,0.0,23,2199,1778407310.7685363,1028.944586307,1.2520982027053833,1.0,66,,,,,,,,,
,,,23,2231,1778407325.0450425,1043.22111931,,,67,0.5522982478141785,1.0,1.2330220937728882,1.2330220937728882,0.0,,,,
1.208251714706421,0.5550393462181091,0.0,24,2249,1778407335.909224,1054.085104223,1.208251714706421,1.0,68,,,,,,,,,
1.2102556228637695,0.5414865016937256,0.0,24,2299,1778407356.968656,1075.14481145,1.2102556228637695,1.0,69,,,,,,,,,
,,,24,2324,1778407368.3948326,1086.570893141,,,70,0.5744503140449524,1.0,1.2370822429656982,1.2370822429656982,0.0,,,,
1.1275122165679932,0.5426580905914307,0.0,25,2349,1778407382.0993347,1100.275317022,1.1275122165679932,1.0,71,,,,,,,,,
1.2606204748153687,0.5590620040893555,0.0,25,2399,1778407403.1525686,1121.328633356,1.2606204748153687,1.0,72,,,,,,,,,
,,,25,2417,1778407411.4613853,1129.637517518,,,73,0.558201014995575,1.0,1.2375197410583496,1.2375197410583496,0.0,,,,
1.2193801403045654,0.5536456108093262,0.0,26,2449,1778407428.0658884,1146.241958492,1.2193801403045654,1.0,74,,,,,,,,,
1.2671021223068237,0.5817438364028931,0.0,26,2499,1778407449.199967,1167.37611419,1.2671021223068237,1.0,75,,,,,,,,,
,,,26,2510,1778407454.7453928,1172.921487752,,,76,0.5698127746582031,1.0,1.239495038986206,1.239495038986206,0.0,,,,
1.2513800859451294,0.5990142822265625,0.0,27,2549,1778407474.3820963,1192.558071476,1.2513800859451294,1.0,77,,,,,,,,,
1.1891233921051025,0.5634657144546509,0.0,27,2599,1778407495.5437896,1213.719838945,1.1891233921051025,1.0,78,,,,,,,,,
,,,27,2603,1778407498.0331717,1216.209171291,,,79,0.5589735507965088,1.0,1.234663963317871,1.234663963317871,0.0,,,,
1.2759801149368286,0.5922049283981323,0.0,28,2649,1778407520.544269,1238.720163094,1.2759801149368286,1.0,80,,,,,,,,,
,,,28,2696,1778407540.9556396,1259.131528308,,,81,0.560926616191864,1.0,1.2354450225830078,1.2354450225830078,0.0,,,,
1.158309817314148,0.5021048188209534,0.0,29,2699,1778407545.700337,1263.876177966,1.158309817314148,1.0,82,,,,,,,,,
1.3025012016296387,0.634332537651062,0.0,29,2749,1778407566.220822,1284.396735873,1.3025012016296387,1.0,83,,,,,,,,,
,,,29,2789,1778407583.7980456,1301.974194018,,,84,0.5743152499198914,1.0,1.238002061843872,1.238002061843872,0.0,,,,
1.235339879989624,0.5407237410545349,0.0,30,2799,1778407591.4050307,1309.58098696,1.235339879989624,1.0,85,,,,,,,,,
1.2382183074951172,0.5087917447090149,0.0,30,2849,1778407611.9705217,1330.146447594,1.2382183074951172,1.0,86,,,,,,,,,
,,,30,2882,1778407626.3390996,1344.515091623,,,87,0.56684410572052,1.0,1.234174132347107,1.234174132347107,0.0,,,,
1.2448513507843018,0.49741658568382263,0.0,31,2899,1778407636.5732558,1354.749132298,1.2448513507843018,1.0,88,,,,,,,,,
1.3767976760864258,0.6061210632324219,0.0,31,2949,1778407657.291859,1375.467751219,1.3767976760864258,1.0,89,,,,,,,,,
,,,31,2975,1778407668.8994155,1387.075365144,,,90,0.5546941757202148,1.0,1.2288818359375,1.2288818359375,0.0,,,,
1.1909853219985962,0.6038917303085327,0.0,32,2999,1778407682.2017412,1400.377672918,1.1909853219985962,1.0,91,,,,,,,,,
1.3101496696472168,0.6189430356025696,0.0,32,3049,1778407703.0426245,1421.21876647,1.3101496696472168,1.0,92,,,,,,,,,
,,,32,3068,1778407711.9278045,1430.103910546,,,93,0.5520228147506714,1.0,1.233003854751587,1.233003854751587,0.0,,,,
1.1838394403457642,0.5547392964363098,0.0,33,3099,1778407728.0598502,1446.235870285,1.1838394403457642,1.0,94,,,,,,,,,
1.220054030418396,0.5709236860275269,0.0,33,3149,1778407748.7355518,1466.911552722,1.220054030418396,1.0,95,,,,,,,,,
,,,33,3161,1778407754.6154962,1472.791638087,,,96,0.561421275138855,1.0,1.2329747676849365,1.2329747676849365,0.0,,,,
1.2204939126968384,0.5544452667236328,0.0,34,3199,1778407774.0307803,1492.206791631,1.2204939126968384,1.0,97,,,,,,,,,
1.1750340461730957,0.5556551814079285,0.0,34,3249,1778407794.95387,1513.129823059,1.1750340461730957,1.0,98,,,,,,,,,
,,,34,3254,1778407798.0448062,1516.22082183,,,99,0.553681492805481,1.0,1.228561282157898,1.228561282157898,0.0,,,,
1.2192926406860352,0.5288290977478027,0.0,35,3299,1778407820.2214377,1538.397326326,1.2192926406860352,1.0,100,,,,,,,,,
,,,35,3347,1778407840.9343321,1559.110385062,,,101,0.5723722577095032,1.0,1.236207127571106,1.236207127571106,0.0,,,,
1.2354190349578857,0.5933240056037903,0.0,36,3349,1778407845.0610793,1563.236966448,1.2354190349578857,1.0,102,,,,,,,,,
1.2338297367095947,0.5512487888336182,0.0,36,3399,1778407865.7345264,1583.910444866,1.2338297367095947,1.0,103,,,,,,,,,
,,,36,3440,1778407883.6380968,1601.814149684,,,104,0.5604881644248962,1.0,1.2264647483825684,1.2264647483825684,0.0,,,,
1.1683452129364014,0.5202457904815674,0.0,37,3449,1778407890.5752397,1608.751232934,1.1683452129364014,1.0,105,,,,,,,,,
1.2668979167938232,0.6210312843322754,0.0,37,3499,1778407911.5625136,1629.738552177,1.2668979167938232,1.0,106,,,,,,,,,
,,,37,3533,1778407926.5058475,1644.681833604,,,107,0.5607702136039734,1.0,1.220510721206665,1.220510721206665,0.0,,,,
1.1806139945983887,0.48736900091171265,0.0,38,3549,1778407936.450282,1654.626287939,1.1806139945983887,1.0,108,,,,,,,,,
1.2142823934555054,0.5635262727737427,0.0,38,3599,1778407957.0873506,1675.263525284,1.2142823934555054,1.0,109,,,,,,,,,
,,,38,3626,1778407969.2138734,1687.389982194,,,110,0.5674029588699341,1.0,1.231674313545227,1.231674313545227,0.0,,,,
1.2456824779510498,0.5514445304870605,0.0,39,3649,1778407982.2810912,1700.457041088,1.2456824779510498,1.0,111,,,,,,,,,
1.1969425678253174,0.5296170711517334,0.0,39,3699,1778408003.0976348,1721.273717962,1.1969425678253174,1.0,112,,,,,,,,,
,,,39,3719,1778408012.4317536,1730.607949698,,,113,0.5563414692878723,1.0,1.2207528352737427,1.2207528352737427,0.0,,,,
1.2114810943603516,0.4848891794681549,0.0,40,3749,1778408028.2989392,1746.47496731,1.2114810943603516,1.0,114,,,,,,,,,
1.2836040258407593,0.6739192008972168,0.0,40,3799,1778408049.148604,1767.324483669,1.2836040258407593,1.0,115,,,,,,,,,
,,,40,3812,1778408055.493492,1773.669445698,,,116,0.5648298859596252,1.0,1.224146842956543,1.224146842956543,0.0,,,,
1.2161858081817627,0.5346813201904297,0.0,41,3849,1778408074.4197013,1792.595621526,1.2161858081817627,1.0,117,,,,,,,,,
1.2678563594818115,0.58682781457901,0.0,41,3899,1778408095.297372,1813.473308079,1.2678563594818115,1.0,118,,,,,,,,,
,,,41,3905,1778408098.7997513,1816.975763335,,,119,0.5599915981292725,1.0,1.2240928411483765,1.2240928411483765,0.0,,,,
1.1734228134155273,0.5320669412612915,0.0,42,3949,1778408120.5995638,1838.775502473,1.1734228134155273,1.0,120,,,,,,,,,
,,,42,3998,1778408142.115177,1860.291250427,,,121,0.5669267773628235,1.0,1.225294589996338,1.225294589996338,0.0,,,,
1.3111859560012817,0.6253303289413452,0.0,43,3999,1778408145.8354037,1864.011340939,1.3111859560012817,1.0,122,,,,,,,,,
1.2381937503814697,0.549008846282959,0.0,43,4049,1778408166.6795263,1884.855506128,1.2381937503814697,1.0,123,,,,,,,,,
,,,43,4091,1778408185.1364985,1903.312466545,,,124,0.5595632791519165,1.0,1.2220717668533325,1.2220717668533325,0.0,,,,
1.2072439193725586,0.5327963829040527,0.0,44,4099,1778408191.9714384,1910.147487183,1.2072439193725586,1.0,125,,,,,,,,,
1.2029141187667847,0.5270810127258301,0.0,44,4149,1778408212.4682095,1930.644222844,1.2029141187667847,1.0,126,,,,,,,,,
,,,44,4184,1778408227.8637536,1946.039885086,,,127,0.5620782971382141,1.0,1.223692536354065,1.223692536354065,0.0,,,,
1.1995141506195068,0.6290327906608582,0.0,45,4199,1778408237.3708243,1955.54685265,1.1995141506195068,1.0,128,,,,,,,,,
1.2185635566711426,0.5234214067459106,0.0,45,4249,1778408257.8283656,1976.004333821,1.2185635566711426,1.0,129,,,,,,,,,
,,,45,4277,1778408270.3909643,1988.567092265,,,130,0.5593807697296143,1.0,1.2195441722869873,1.2195441722869873,0.0,,,,
1.2411718368530273,0.530847430229187,0.0,46,4299,1778408282.9348361,2001.110873993,1.2411718368530273,1.0,131,,,,,,,,,
1.2171097993850708,0.5397475957870483,0.0,46,4349,1778408303.5855153,2021.761633762,1.2171097993850708,1.0,132,,,,,,,,,
,,,46,4370,1778408313.2399352,2031.416096506,,,133,0.5607720017433167,1.0,1.2153750658035278,1.2153750658035278,0.0,,,,
1.2286741733551025,0.5950499773025513,0.0,47,4399,1778408328.7325435,2046.908534795,1.2286741733551025,1.0,134,,,,,,,,,
1.1593413352966309,0.5089167356491089,0.0,47,4449,1778408349.425694,2067.601748501,1.1593413352966309,1.0,135,,,,,,,,,
,,,47,4463,1778408356.1455483,2074.321745127,,,136,0.5562863945960999,1.0,1.221955418586731,1.221955418586731,0.0,,,,
1.1734392642974854,0.5308552384376526,0.0,48,4499,1778408374.6074352,2092.783419198,1.1734392642974854,1.0,137,,,,,,,,,
1.1386997699737549,0.527416467666626,0.0,48,4549,1778408395.1997278,2113.375754554,1.1386997699737549,1.0,138,,,,,,,,,
,,,48,4556,1778408398.8510206,2117.027095052,,,139,0.5580743551254272,1.0,1.208846092224121,1.208846092224121,0.0,,,,
1.2529518604278564,0.5843456983566284,0.0,49,4599,1778408420.0343626,2138.210479847,1.2529518604278564,1.0,140,,,,,,,,,
1.2172229290008545,0.5757939219474792,0.0,49,4649,1778408440.5008156,2158.676954652,1.2172229290008545,1.0,141,,,,,,,,,
,,,49,4649,1778408441.3621087,2159.538106302,,,142,0.5678153038024902,1.0,1.2211613655090332,1.2211613655090332,0.0,,,,
1.1895397901535034,0.5722858905792236,0.0,50,4699,1778408465.5388846,2183.71480295,1.1895397901535034,1.0,143,,,,,,,,,
,,,50,4742,1778408484.4546847,2202.630627154,,,144,0.5601431727409363,1.0,1.2298294305801392,1.2298294305801392,0.0,,,,
1.246855616569519,0.5364631414413452,0.0,51,4749,1778408490.813652,2208.989486983,1.246855616569519,1.0,145,,,,,,,,,
1.1598823070526123,0.5515009164810181,0.0,51,4799,1778408511.7447095,2229.920739893,1.1598823070526123,1.0,146,,,,,,,,,
,,,51,4835,1778408527.846721,2246.022830174,,,147,0.5624080896377563,1.0,1.215409755706787,1.215409755706787,0.0,,,,
1.1556388139724731,0.5858397483825684,0.0,52,4849,1778408537.074051,2255.250032844,1.1556388139724731,1.0,148,,,,,,,,,
1.1784801483154297,0.47271400690078735,0.0,52,4899,1778408558.1448226,2276.320847738,1.1784801483154297,1.0,149,,,,,,,,,
,,,52,4928,1778408571.0704985,2289.246577841,,,150,0.557125449180603,1.0,1.213678002357483,1.213678002357483,0.0,,,,
1.2660613059997559,0.5711323618888855,0.0,53,4949,1778408583.0715961,2301.24754638,1.2660613059997559,1.0,151,,,,,,,,,
1.1741700172424316,0.5127772688865662,0.0,53,4999,1778408604.010678,2322.186551893,1.1741700172424316,1.0,152,,,,,,,,,
,,,53,5021,1778408614.214235,2332.390283296,,,153,0.5600312352180481,1.0,1.2234808206558228,1.2234808206558228,0.0,,,,
1.1741554737091064,0.5471521615982056,0.0,54,5049,1778408629.2429945,2347.418987494,1.1741554737091064,1.0,154,,,,,,,,,
1.2681968212127686,0.5470845103263855,0.0,54,5099,1778408649.9930732,2368.169069465,1.2681968212127686,1.0,155,,,,,,,,,
,,,54,5114,1778408657.107081,2375.28315379,,,156,0.5570344924926758,1.0,1.2140376567840576,1.2140376567840576,0.0,,,,
1.2004685401916504,0.5350558757781982,0.0,55,5149,1778408675.1545331,2393.330547651,1.2004685401916504,1.0,157,,,,,,,,,
1.2331914901733398,0.5224977731704712,0.0,55,5199,1778408696.1073978,2414.283483007,1.2331914901733398,1.0,158,,,,,,,,,
,,,55,5207,1778408700.2059333,2418.382065228,,,159,0.5639734268188477,1.0,1.221558690071106,1.221558690071106,0.0,,,,
1.2757303714752197,0.5691011548042297,0.0,56,5249,1778408721.0494878,2439.225500499,1.2757303714752197,1.0,160,,,,,,,,,
1.1581993103027344,0.4954681694507599,0.0,56,5299,1778408741.7516115,2459.927551969,1.1581993103027344,1.0,161,,,,,,,,,
,,,56,5300,1778408743.192618,2461.368734042,,,162,0.555793285369873,1.0,1.2161682844161987,1.2161682844161987,0.0,,,,
1.2549165487289429,0.5855854749679565,0.0,57,5349,1778408766.8275354,2485.003565646,1.2549165487289429,1.0,163,,,,,,,,,
,,,57,5393,1778408785.9779134,2504.154000728,,,164,0.555019199848175,1.0,1.2124595642089844,1.2124595642089844,0.0,,,,
1.1512202024459839,0.5129560232162476,0.0,58,5399,1778408791.7429776,2509.919027173,1.1512202024459839,1.0,165,,,,,,,,,
1.3376634120941162,0.6374185085296631,0.0,58,5449,1778408812.6186936,2530.794707797,1.3376634120941162,1.0,166,,,,,,,,,
,,,58,5486,1778408828.7544909,2546.930581451,,,167,0.5575399398803711,1.0,1.2136878967285156,1.2136878967285156,0.0,,,,
1.2537668943405151,0.5775396823883057,0.0,59,5499,1778408837.5313275,2555.707190077,1.2537668943405151,1.0,168,,,,,,,,,
1.2083076238632202,0.5356221199035645,0.0,59,5549,1778408858.4039972,2576.580000396,1.2083076238632202,1.0,169,,,,,,,,,
,,,59,5579,1778408871.7014852,2589.877582695,,,170,0.5588738918304443,1.0,1.2087754011154175,1.2087754011154175,0.0,,,,
1.2729099988937378,0.5391414165496826,0.0,60,5599,1778408883.3027673,2601.478811039,1.2729099988937378,1.0,171,,,,,,,,,
1.1389073133468628,0.5144604444503784,0.0,60,5649,1778408904.153896,2622.329891392,1.1389073133468628,1.0,172,,,,,,,,,
,,,60,5672,1778408914.4717212,2632.647836835,,,173,0.5553467869758606,1.0,1.2126317024230957,1.2126317024230957,0.0,,,,
1.180098295211792,0.5400126576423645,0.0,61,5699,1778408929.1259737,2647.302010809,1.180098295211792,1.0,174,,,,,,,,,
1.2466833591461182,0.5063433647155762,0.0,61,5749,1778408949.8735962,2668.049479458,1.2466833591461182,1.0,175,,,,,,,,,
,,,61,5765,1778408957.3025222,2675.47850283,,,176,0.553153395652771,1.0,1.2130662202835083,1.2130662202835083,0.0,,,,
1.2470266819000244,0.5456295013427734,0.0,62,5799,1778408974.544884,2692.720746321,1.2470266819000244,1.0,177,,,,,,,,,
1.1432068347930908,0.529897928237915,0.0,62,5849,1778408995.2273257,2713.403215502,1.1432068347930908,1.0,178,,,,,,,,,
,,,62,5858,1778408999.8800125,2718.055947249,,,179,0.5522094964981079,1.0,1.2102752923965454,1.2102752923965454,0.0,,,,
1.2269868850708008,0.5662297010421753,0.0,63,5899,1778409020.0688186,2738.244730412,1.2269868850708008,1.0,180,,,,,,,,,
1.2132806777954102,0.5845527052879333,0.0,63,5949,1778409040.579113,2758.755108185,1.2132806777954102,1.0,181,,,,,,,,,
,,,63,5951,1778409042.2364275,2760.412355091,,,182,0.55070960521698,1.0,1.2130711078643799,1.2130711078643799,0.0,,,,
1.1568307876586914,0.5349372029304504,0.0,64,5999,1778409065.4665108,2783.642501722,1.1568307876586914,1.0,183,,,,,,,,,
,,,64,6044,1778409084.8478088,2803.023993505,,,184,0.5619177222251892,1.0,1.2139942646026611,1.2139942646026611,0.0,,,,
1.262176513671875,0.5989745855331421,0.0,65,6049,1778409090.1905155,2808.366529438,1.262176513671875,1.0,185,,,,,,,,,
1.1723600625991821,0.5369268655776978,0.0,65,6099,1778409110.685936,2828.862005627,1.1723600625991821,1.0,186,,,,,,,,,
,,,65,6137,1778409127.273703,2845.449780712,,,187,0.5532266497612,1.0,1.2124109268188477,1.2124109268188477,0.0,,,,
1.2308382987976074,0.5325807332992554,0.0,66,6149,1778409135.5526896,2853.728623339,1.2308382987976074,1.0,188,,,,,,,,,
1.2353618144989014,0.5673418045043945,0.0,66,6199,1778409156.0475156,2874.22372638,1.2353618144989014,1.0,189,,,,,,,,,
,,,66,6230,1778409169.8486109,2888.024629833,,,190,0.5595507621765137,1.0,1.2138582468032837,1.2138582468032837,0.0,,,,
1.2024798393249512,0.5597224235534668,0.0,67,6249,1778409180.9312017,2899.107194449,1.2024798393249512,1.0,191,,,,,,,,,
1.1825064420700073,0.5070651173591614,0.0,67,6299,1778409201.4430106,2919.619013765,1.1825064420700073,1.0,192,,,,,,,,,
,,,67,6323,1778409212.2459779,2930.422116346,,,193,0.5556791424751282,1.0,1.2151520252227783,1.2151520252227783,0.0,,,,
1.1932742595672607,0.529358983039856,0.0,68,6349,1778409226.3127935,2944.488819749,1.1932742595672607,1.0,194,,,,,,,,,
1.2234538793563843,0.5814980864524841,0.0,68,6399,1778409246.827553,2965.003550129,1.2234538793563843,1.0,195,,,,,,,,,
,,,68,6416,1778409254.8204916,2972.996424924,,,196,0.5573978424072266,1.0,1.2001522779464722,1.2001522779464722,0.0,,,,
1.219428539276123,0.5255588889122009,0.0,69,6449,1778409272.1907284,2990.366797816,1.219428539276123,1.0,197,,,,,,,,,
1.1633479595184326,0.5225990414619446,0.0,69,6499,1778409292.9516263,3011.127670116,1.1633479595184326,1.0,198,,,,,,,,,
,,,69,6509,1778409298.0444489,3016.220490789,,,199,0.5623751282691956,1.0,1.211219310760498,1.211219310760498,0.0,,,,
1.167009711265564,0.5255004167556763,0.0,70,6549,1778409318.0605493,3036.236573629,1.167009711265564,1.0,200,,,,,,,,,
1.2172551155090332,0.5810564160346985,0.0,70,6599,1778409338.8992903,3057.07518339,1.2172551155090332,1.0,201,,,,,,,,,
,,,70,6602,1778409340.9915543,3059.167586122,,,202,0.5461546182632446,1.0,1.209888219833374,1.209888219833374,0.0,,,,
1.2607842683792114,0.5743306279182434,0.0,71,6649,1778409364.0011582,3082.177123864,1.2607842683792114,1.0,203,,,,,,,,,
,,,71,6695,1778409384.4101386,3102.586315273,,,204,0.563106894493103,1.0,1.2099000215530396,1.2099000215530396,0.0,,,,
1.2366262674331665,0.5275731682777405,0.0,72,6699,1778409389.4340918,3107.610147506,1.2366262674331665,1.0,205,,,,,,,,,
1.1021887063980103,0.4931447505950928,0.0,72,6749,1778409410.2085247,3128.384560491,1.1021887063980103,1.0,206,,,,,,,,,
,,,72,6788,1778409427.2767136,3145.452851797,,,207,0.5541661977767944,1.0,1.2060941457748413,1.2060941457748413,0.0,,,,
1.2715437412261963,0.6030013561248779,0.0,73,6799,1778409435.2011726,3153.377178002,1.2715437412261963,1.0,208,,,,,,,,,
1.24483060836792,0.5789066553115845,0.0,73,6849,1778409455.9369607,3174.112979928,1.24483060836792,1.0,209,,,,,,,,,
,,,73,6881,1778409470.1152875,3188.291363808,,,210,0.5554108619689941,1.0,1.2133009433746338,1.2133009433746338,0.0,,,,
1.1967971324920654,0.5711477994918823,0.0,74,6899,1778409480.9205391,3199.096507305,1.1967971324920654,1.0,211,,,,,,,,,
1.2007417678833008,0.5924414992332458,0.0,74,6949,1778409501.8432384,3220.019248102,1.2007417678833008,1.0,212,,,,,,,,,
,,,74,6974,1778409513.1402469,3231.316447242,,,213,0.5496571660041809,1.0,1.1957651376724243,1.1957651376724243,0.0,,,,
1.217599868774414,0.5460107326507568,0.0,75,6999,1778409527.0270824,3245.203102021,1.217599868774414,1.0,214,,,,,,,,,
1.1930090188980103,0.5387685298919678,0.0,75,7049,1778409548.0465772,3266.222581228,1.1930090188980103,1.0,215,,,,,,,,,
,,,75,7067,1778409556.4178839,3274.594080396,,,216,0.5501785278320312,1.0,1.2026081085205078,1.2026081085205078,0.0,,,,
1.1981415748596191,0.5615120530128479,0.0,76,7099,1778409573.1241016,3291.300146551,1.1981415748596191,1.0,217,,,,,,,,,
1.2187522649765015,0.5614587068557739,0.0,76,7149,1778409594.1904984,3312.366473812,1.2187522649765015,1.0,218,,,,,,,,,
,,,76,7160,1778409599.7017806,3317.87801076,,,219,0.5519393682479858,1.0,1.2071855068206787,1.2071855068206787,0.0,,,,
1.210770845413208,0.6090335845947266,0.0,77,7199,1778409619.2233882,3337.399404952,1.210770845413208,1.0,220,,,,,,,,,
1.245293140411377,0.5492681264877319,0.0,77,7249,1778409640.0884411,3358.264540261,1.245293140411377,1.0,221,,,,,,,,,
,,,77,7253,1778409642.564024,3360.740075553,,,222,0.5462536811828613,1.0,1.2111191749572754,1.2111191749572754,0.0,,,,
1.1993482112884521,0.4927968978881836,0.0,78,7299,1778409664.9805133,3383.156500285,1.1993482112884521,1.0,223,,,,,,,,,
,,,78,7346,1778409685.537537,3403.713638287,,,224,0.5492085814476013,1.0,1.195168375968933,1.195168375968933,0.0,,,,
1.2533698081970215,0.5425602197647095,0.0,79,7349,1778409690.3337593,3408.5097725,1.2533698081970215,1.0,225,,,,,,,,,
1.2227675914764404,0.5474806427955627,0.0,79,7399,1778409711.2153666,3429.391497693,1.2227675914764404,1.0,226,,,,,,,,,
,,,79,7439,1778409728.7243726,3446.900421763,,,227,0.5562267899513245,1.0,1.212162733078003,1.212162733078003,0.0,,,,
1.2229925394058228,0.5956461429595947,0.0,80,7449,1778409736.2126904,3454.388554705,1.2229925394058228,1.0,228,,,,,,,,,
1.1951978206634521,0.5452917218208313,0.0,80,7499,1778409756.938642,3475.114498539,1.1951978206634521,1.0,229,,,,,,,,,
,,,80,7532,1778409771.3316784,3489.507561664,,,230,0.55827397108078,1.0,1.2024500370025635,1.2024500370025635,0.0,,,,
1.2240110635757446,0.5578845143318176,0.0,81,7549,1778409781.735704,3499.911698618,1.2240110635757446,1.0,231,,,,,,,,,
1.192626953125,0.5715904831886292,0.0,81,7599,1778409802.7919528,3520.968005293,1.192626953125,1.0,232,,,,,,,,,
,,,81,7625,1778409814.6028376,3532.778770122,,,233,0.5433210134506226,1.0,1.2014037370681763,1.2014037370681763,0.0,,,,
1.0995862483978271,0.6052569150924683,0.0,82,7649,1778409828.0735903,3546.249641785,1.0995862483978271,1.0,234,,,,,,,,,
1.176217794418335,0.6002061367034912,0.0,82,7699,1778409848.7042556,3566.880291622,1.176217794418335,1.0,235,,,,,,,,,
,,,82,7718,1778409857.5563684,3575.732437788,,,236,0.5605630278587341,1.0,1.2021818161010742,1.2021818161010742,0.0,,,,
1.2333855628967285,0.6332571506500244,0.0,83,7749,1778409873.6998026,3591.875967952,1.2333855628967285,1.0,237,,,,,,,,,
1.252060055732727,0.5672851800918579,0.0,83,7799,1778409894.46737,3612.643391151,1.252060055732727,1.0,238,,,,,,,,,
,,,83,7811,1778409900.4013705,3618.577480076,,,239,0.5560181140899658,1.0,1.2098259925842285,1.2098259925842285,0.0,,,,
1.2050981521606445,0.5602342486381531,0.0,84,7849,1778409919.7005196,3637.876625592,1.2050981521606445,1.0,240,,,,,,,,,
1.1720528602600098,0.5349615812301636,0.0,84,7899,1778409940.5124314,3658.688413419,1.1720528602600098,1.0,241,,,,,,,,,
,,,84,7904,1778409943.603136,3661.779343944,,,242,0.5522670745849609,1.0,1.2039597034454346,1.2039597034454346,0.0,,,,
1.2104780673980713,0.6164771318435669,0.0,85,7949,1778409965.7331042,3683.90919728,1.2104780673980713,1.0,243,,,,,,,,,
,,,85,7997,1778409986.4934847,3704.669502648,,,244,0.5544477105140686,1.0,1.1994423866271973,1.1994423866271973,0.0,,,,
1.230999231338501,0.5789663791656494,0.0,86,7999,1778409990.6113148,3708.787289351,1.230999231338501,1.0,245,,,,,,,,,
1.1551328897476196,0.5334752798080444,0.0,86,8049,1778410011.5413778,3729.717484446,1.1551328897476196,1.0,246,,,,,,,,,
,,,86,8090,1778410029.6664748,3747.842511924,,,247,0.5545718669891357,1.0,1.2011785507202148,1.2011785507202148,0.0,,,,
1.1829323768615723,0.5443035364151001,0.0,87,8099,1778410036.6643686,3754.84031584,1.1829323768615723,1.0,248,,,,,,,,,
1.1692101955413818,0.5503522157669067,0.0,87,8149,1778410057.7505794,3775.926637852,1.1692101955413818,1.0,249,,,,,,,,,
,,,87,8183,1778410072.7722623,3790.948280656,,,250,0.55195152759552,1.0,1.2096834182739258,1.2096834182739258,0.0,,,,
1.1712944507598877,0.5542212128639221,0.0,88,8199,1778410082.840762,3801.016950243,1.1712944507598877,1.0,251,,,,,,,,,
1.2270376682281494,0.5543187856674194,0.0,88,8249,1778410103.837054,3822.013077563,1.2270376682281494,1.0,252,,,,,,,,,
,,,88,8276,1778410116.009067,3834.185324414,,,253,0.5606926679611206,1.0,1.2049492597579956,1.2049492597579956,0.0,,,,
1.2045764923095703,0.5705512166023254,0.0,89,8299,1778410129.0209813,3847.197067815,1.2045764923095703,1.0,254,,,,,,,,,
1.1912624835968018,0.5405677556991577,0.0,89,8349,1778410150.712761,3868.888700831,1.1912624835968018,1.0,255,,,,,,,,,
,,,89,8369,1778410160.2749777,3878.451081794,,,256,0.5562960505485535,1.0,1.2046351432800293,1.2046351432800293,0.0,,,,
1.2755036354064941,0.5424342155456543,0.0,90,8399,1778410176.1561291,3894.332119376,1.2755036354064941,1.0,257,,,,,,,,,
1.1718482971191406,0.5407432913780212,0.0,90,8449,1778410197.386795,3915.562729428,1.1718482971191406,1.0,258,,,,,,,,,
,,,90,8462,1778410203.6826277,3921.858673764,,,259,0.5453796982765198,1.0,1.1855642795562744,1.1855642795562744,0.0,,,,
1.1822636127471924,0.5566064715385437,0.0,91,8499,1778410222.4551291,3940.631240698,1.1822636127471924,1.0,260,,,,,,,,,
1.18813157081604,0.5522906184196472,0.0,91,8549,1778410243.2212906,3961.397262565,1.18813157081604,1.0,261,,,,,,,,,
,,,91,8555,1778410246.6999438,3964.876061346,,,262,0.5532167553901672,1.0,1.201115608215332,1.201115608215332,0.0,,,,
1.1942269802093506,0.5116137266159058,0.0,92,8599,1778410268.5769708,3986.753071717,1.1942269802093506,1.0,263,,,,,,,,,
,,,92,8648,1778410291.6294708,4009.805485746,,,264,0.5436075925827026,1.0,1.1961073875427246,1.1961073875427246,0.0,,,,
1.2013742923736572,0.5220224857330322,0.0,93,8649,1778410295.4292574,4013.605185734,1.2013742923736572,1.0,265,,,,,,,,,
1.1197805404663086,0.5388631224632263,0.0,93,8699,1778410316.6671214,4034.843083629,1.1197805404663086,1.0,266,,,,,,,,,
,,,93,8741,1778410335.744698,4053.920580012,,,267,0.5459232330322266,1.0,1.2012087106704712,1.2012087106704712,0.0,,,,
1.1920275688171387,0.5954824090003967,0.0,94,8749,1778410342.9008963,4061.076755106,1.1920275688171387,1.0,268,,,,,,,,,
1.1532769203186035,0.5269367694854736,0.0,94,8799,1778410364.6468728,4082.822792977,1.1532769203186035,1.0,269,,,,,,,,,
,,,94,8834,1778410380.5333867,4098.709327294,,,270,0.552543044090271,1.0,1.199708104133606,1.199708104133606,0.0,,,,
1.242631196975708,0.6205220222473145,0.0,95,8849,1778410390.6914344,4108.867363494,1.242631196975708,1.0,271,,,,,,,,,
1.1928465366363525,0.6166271567344666,0.0,95,8899,1778410411.9431422,4130.118999303,1.1928465366363525,1.0,272,,,,,,,,,
,,,95,8927,1778410424.6313457,4142.807346416,,,273,0.5497807860374451,1.0,1.1989237070083618,1.1989237070083618,0.0,,,,
1.2768957614898682,0.5616198182106018,0.0,96,8949,1778410437.3534362,4155.5294148,1.2768957614898682,1.0,274,,,,,,,,,
1.2166533470153809,0.5958625078201294,0.0,96,8999,1778410458.25897,4176.434950365,1.2166533470153809,1.0,275,,,,,,,,,
,,,96,9020,1778410468.0069776,4186.182961176,,,276,0.5607181787490845,1.0,1.1937094926834106,1.1937094926834106,0.0,,,,
1.2440478801727295,0.5459484457969666,0.0,97,9049,1778410483.4060977,4201.582153652,1.2440478801727295,1.0,277,,,,,,,,,
1.1719212532043457,0.5783939361572266,0.0,97,9099,1778410504.0986888,4222.274735133,1.1719212532043457,1.0,278,,,,,,,,,
,,,97,9113,1778410510.7898269,4228.965970441,,,279,0.5556695461273193,1.0,1.1954963207244873,1.1954963207244873,0.0,,,,
1.1736631393432617,0.5409761667251587,0.0,98,9149,1778410529.322963,4247.499026492,1.1736631393432617,1.0,280,,,,,,,,,
1.1737632751464844,0.5555036067962646,0.0,98,9199,1778410550.3857093,4268.56166803,1.1737632751464844,1.0,281,,,,,,,,,
,,,98,9206,1778410554.1256573,4272.301649548,,,282,0.5412449240684509,1.0,1.1934617757797241,1.1934617757797241,0.0,,,,
1.1973613500595093,0.5507111549377441,0.0,99,9249,1778410575.9233,4294.099316353,1.1973613500595093,1.0,283,,,,,,,,,
1.2174410820007324,0.5642122030258179,0.0,99,9299,1778410596.9389672,4315.115026499,1.2174410820007324,1.0,284,,,,,,,,,
,,,99,9299,1778410597.8239987,4315.999980905,,,285,0.5533279776573181,1.0,1.1971697807312012,1.1971697807312012,0.0,,,,
1.229008674621582,0.5428519248962402,0.0,100,9349,1778410622.2855692,4340.461631712,1.229008674621582,1.0,286,,,,,,,,,
,,,100,9392,1778410640.927447,4359.103460244,,,287,0.5488085746765137,1.0,1.2084530591964722,1.2084530591964722,0.0,,,,
1.2401701211929321,0.5433229804039001,0.0,101,9399,1778410647.2504308,4365.426523858,1.2401701211929321,1.0,288,,,,,,,,,
1.1783565282821655,0.5407230854034424,0.0,101,9449,1778410668.0215893,4386.197585864,1.1783565282821655,1.0,289,,,,,,,,,
,,,101,9485,1778410684.0954392,4402.271462382,,,290,0.5548745393753052,1.0,1.1954578161239624,1.1954578161239624,0.0,,,,
1.1002960205078125,0.5105882883071899,0.0,102,9499,1778410693.3787792,4411.554814927,1.1002960205078125,1.0,291,,,,,,,,,
1.2721593379974365,0.5385434031486511,0.0,102,9549,1778410714.44246,4432.618420227,1.2721593379974365,1.0,292,,,,,,,,,
,,,102,9578,1778410727.5421531,4445.718383344,,,293,0.5536763072013855,1.0,1.1895347833633423,1.1895347833633423,0.0,,,,
1.1751525402069092,0.5386801958084106,0.0,103,9599,1778410739.5697546,4457.745773315,1.1751525402069092,1.0,294,,,,,,,,,
1.2279844284057617,0.5515052080154419,0.0,103,9649,1778410760.3556623,4478.531634385,1.2279844284057617,1.0,295,,,,,,,,,
,,,103,9671,1778410770.5108008,4488.686915383,,,296,0.5502604842185974,1.0,1.1997226476669312,1.1997226476669312,0.0,,,,
1.1732949018478394,0.5039326548576355,0.0,104,9699,1778410785.5806398,4503.756508977,1.1732949018478394,1.0,297,,,,,,,,,
1.2345430850982666,0.6081278324127197,0.0,104,9749,1778410806.2399259,4524.415922798,1.2345430850982666,1.0,298,,,,,,,,,
,,,104,9764,1778410813.4674761,4531.643522111,,,299,0.5605445504188538,1.0,1.209122896194458,1.209122896194458,0.0,,,,
1.183394432067871,0.5294497013092041,0.0,105,9799,1778410831.7129996,4549.889003912,1.183394432067871,1.0,300,,,,,,,,,
1.1698040962219238,0.5367434024810791,0.0,105,9849,1778410852.9147305,4571.090636601,1.1698040962219238,1.0,301,,,,,,,,,
,,,105,9857,1778410857.070069,4575.246088853,,,302,0.5488161444664001,1.0,1.1944555044174194,1.1944555044174194,0.0,,,,
1.20808744430542,0.5563809275627136,0.0,106,9899,1778410878.285665,4596.461590546,1.20808744430542,1.0,303,,,,,,,,,
1.2171909809112549,0.5134216547012329,0.0,106,9949,1778410899.2036426,4617.379562983,1.2171909809112549,1.0,304,,,,,,,,,
,,,106,9950,1778410900.6634839,4618.839486876,,,305,0.5587177276611328,1.0,1.1923373937606812,1.1923373937606812,0.0,,,,
1.2417526245117188,0.5696280002593994,0.0,107,9999,1778410924.8139446,4642.989802727,1.2417526245117188,1.0,306,,,,,,,,,
,,,107,10043,1778410944.194846,4662.37088035,,,307,0.5611138343811035,1.0,1.19773268699646,1.19773268699646,0.0,,,,
1.232231855392456,0.5621421337127686,0.0,108,10049,1778410950.0186107,4668.194497683,1.232231855392456,1.0,308,,,,,,,,,
1.1971402168273926,0.5629013180732727,0.0,108,10099,1778410971.287468,4689.463486735,1.1971402168273926,1.0,309,,,,,,,,,
,,,108,10136,1778410987.6854482,4705.86144251,,,310,0.5492401719093323,1.0,1.1928107738494873,1.1928107738494873,0.0,,,,
1.197872519493103,0.6056431531906128,0.0,109,10149,1778410996.5577602,4714.733726742,1.197872519493103,1.0,311,,,,,,,,,
1.1065785884857178,0.5242521166801453,0.0,109,10199,1778411017.6234624,4735.799438239,1.1065785884857178,1.0,312,,,,,,,,,
,,,109,10229,1778411030.9667919,4749.142912572,,,313,0.5505797863006592,1.0,1.1921095848083496,1.1921095848083496,0.0,,,,
1.2023590803146362,0.6213676929473877,0.0,110,10249,1778411042.5985584,4760.774531725,1.2023590803146362,1.0,314,,,,,,,,,
1.1721177101135254,0.5022119879722595,0.0,110,10299,1778411063.5535553,4781.729536439,1.1721177101135254,1.0,315,,,,,,,,,
,,,110,10322,1778411073.9953547,4792.171396736,,,316,0.5509762763977051,1.0,1.1939576864242554,1.1939576864242554,0.0,,,,
1.215193510055542,0.5488651990890503,0.0,111,10349,1778411088.6085267,4806.784701164,1.215193510055542,1.0,317,,,,,,,,,
1.2305020093917847,0.5574004650115967,0.0,111,10399,1778411109.471899,4827.647922643,1.2305020093917847,1.0,318,,,,,,,,,
,,,111,10415,1778411116.9353387,4835.111376058,,,319,0.557869553565979,1.0,1.19813871383667,1.19813871383667,0.0,,,,
1.1817536354064941,0.5485951900482178,0.0,112,10449,1778411134.3528163,4852.528921242,1.1817536354064941,1.0,320,,,,,,,,,
1.233933925628662,0.5612504482269287,0.0,112,10499,1778411155.262019,4873.437981077,1.233933925628662,1.0,321,,,,,,,,,
,,,112,10508,1778411159.953929,4878.129965877,,,322,0.5551018714904785,1.0,1.1889644861221313,1.1889644861221313,0.0,,,,
1.2363232374191284,0.5525281429290771,0.0,113,10549,1778411180.5629005,4898.738894368,1.2363232374191284,1.0,323,,,,,,,,,
1.170971155166626,0.5458693504333496,0.0,113,10599,1778411201.5693817,4919.745459518,1.170971155166626,1.0,324,,,,,,,,,
,,,113,10601,1778411203.2777023,4921.453768858,,,325,0.5543951988220215,1.0,1.1973121166229248,1.1973121166229248,0.0,,,,
1.1759228706359863,0.5381423234939575,0.0,114,10649,1778411226.8872693,4945.063447515,1.1759228706359863,1.0,326,,,,,,,,,
,,,114,10694,1778411246.4825122,4964.658593597,,,327,0.5499222278594971,1.0,1.18479323387146,1.18479323387146,0.0,,,,
1.170121431350708,0.5715503692626953,0.0,115,10699,1778411251.8857017,4970.061670662,1.170121431350708,1.0,328,,,,,,,,,
1.2440760135650635,0.5478615760803223,0.0,115,10749,1778411272.6968138,4990.872826975,1.2440760135650635,1.0,329,,,,,,,,,
,,,115,10787,1778411289.6018584,5007.778040317,,,330,0.5458568334579468,1.0,1.1856974363327026,1.1856974363327026,0.0,,,,
1.2061176300048828,0.5612127780914307,0.0,116,10799,1778411298.070773,5016.246741436,1.2061176300048828,1.0,331,,,,,,,,,
1.3412737846374512,0.5970356464385986,0.0,116,10849,1778411319.0309489,5037.207067101,1.3412737846374512,1.0,332,,,,,,,,,
,,,116,10880,1778411333.1636097,5051.339727324,,,333,0.5637824535369873,1.0,1.1921027898788452,1.1921027898788452,0.0,,,,
1.139650821685791,0.5764840841293335,0.0,117,10899,1778411344.487402,5062.663418246,1.139650821685791,1.0,334,,,,,,,,,
1.2154000997543335,0.5663961172103882,0.0,117,10949,1778411365.444529,5083.620441855,1.2154000997543335,1.0,335,,,,,,,,,
,,,117,10973,1778411376.39252,5094.56868827,,,336,0.5595422387123108,1.0,1.193941354751587,1.193941354751587,0.0,,,,
1.2048782110214233,0.5755689144134521,0.0,118,10999,1778411390.6199987,5108.79588046,1.2048782110214233,1.0,337,,,,,,,,,
1.0905896425247192,0.5839691758155823,0.0,118,11049,1778411411.6212018,5129.797028136,1.0905896425247192,1.0,338,,,,,,,,,
,,,118,11066,1778411419.6102653,5137.786096839,,,339,0.5625205039978027,1.0,1.197370171546936,1.197370171546936,0.0,,,,
1.1976248025894165,0.5658314228057861,0.0,119,11099,1778411437.0361156,5155.211973341,1.1976248025894165,1.0,340,,,,,,,,,
1.214205265045166,0.5269955992698669,0.0,119,11149,1778411458.0302455,5176.206229565,1.214205265045166,1.0,341,,,,,,,,,
,,,119,11159,1778411463.2050045,5181.381118866,,,342,0.5541355609893799,1.0,1.189610242843628,1.189610242843628,0.0,,,,
1.1790518760681152,0.5547834634780884,0.0,120,11199,1778411483.5812023,5201.757240385,1.1790518760681152,1.0,343,,,,,,,,,
1.1531407833099365,0.6155140995979309,0.0,120,11249,1778411504.461886,5222.637749353,1.1531407833099365,1.0,344,,,,,,,,,
,,,120,11252,1778411506.5480995,5224.723981691,,,345,0.5498263239860535,1.0,1.1917307376861572,1.1917307376861572,0.0,,,,
1.1936756372451782,0.6020108461380005,0.0,121,11299,1778411529.662511,5247.838379776,1.1936756372451782,1.0,346,,,,,,,,,
,,,121,11345,1778411550.0783935,5268.254364884,,,347,0.5571513772010803,1.0,1.196351408958435,1.196351408958435,0.0,,,,
1.2020690441131592,0.5928870439529419,0.0,122,11349,1778411555.0764003,5273.252228026,1.2020690441131592,1.0,348,,,,,,,,,
1.1452351808547974,0.5594829320907593,0.0,122,11399,1778411576.21173,5294.387544898,1.1452351808547974,1.0,349,,,,,,,,,
,,,122,11438,1778411593.5503633,5311.726301843,,,350,0.5575811862945557,1.0,1.1935349702835083,1.1935349702835083,0.0,,,,
1.1758617162704468,0.5765044689178467,0.0,123,11449,1778411601.535507,5319.711486587,1.1758617162704468,1.0,351,,,,,,,,,
1.25014066696167,0.5744583606719971,0.0,123,11499,1778411622.5643654,5340.740228157,1.25014066696167,1.0,352,,,,,,,,,
,,,123,11531,1778411636.8469903,5355.022956643,,,353,0.5637272596359253,1.0,1.1999738216400146,1.1999738216400146,0.0,,,,
1.191903829574585,0.5631365776062012,0.0,124,11549,1778411647.8370144,5366.012944987,1.191903829574585,1.0,354,,,,,,,,,
1.168124794960022,0.5876826047897339,0.0,124,11599,1778411668.8289065,5387.004991889,1.168124794960022,1.0,355,,,,,,,,,
,,,124,11624,1778411680.150438,5398.326444618,,,356,0.5510194897651672,1.0,1.1936520338058472,1.1936520338058472,0.0,,,,
1.2072851657867432,0.5885944962501526,0.0,125,11649,1778411693.8468342,5412.022868733,1.2072851657867432,1.0,357,,,,,,,,,
1.1977543830871582,0.5782520771026611,0.0,125,11699,1778411714.9757054,5433.151716958,1.1977543830871582,1.0,358,,,,,,,,,
,,,125,11717,1778411723.3577235,5441.53386613,,,359,0.5490297079086304,1.0,1.189808964729309,1.189808964729309,0.0,,,,
1.1614418029785156,0.5725347995758057,0.0,126,11749,1778411740.0695722,5458.245541035,1.1614418029785156,1.0,360,,,,,,,,,
1.2000277042388916,0.5582399368286133,0.0,126,11799,1778411761.2256598,5479.401674863,1.2000277042388916,1.0,361,,,,,,,,,
,,,126,11810,1778411766.754791,5484.9308584,,,362,0.5508743524551392,1.0,1.1851168870925903,1.1851168870925903,0.0,,,,
1.1779530048370361,0.5203464031219482,0.0,127,11849,1778411786.4327605,5504.608743414,1.1779530048370361,1.0,363,,,,,,,,,
1.1797091960906982,0.5913441777229309,0.0,127,11899,1778411807.7542431,5525.930296225,1.1797091960906982,1.0,364,,,,,,,,,
,,,127,11903,1778411810.2501228,5528.426344476,,,365,0.5553589463233948,1.0,1.1836501359939575,1.1836501359939575,0.0,,,,
1.1339848041534424,0.49685463309288025,0.0,128,11949,1778411833.081752,5551.257692343,1.1339848041534424,1.0,366,,,,,,,,,
,,,128,11996,1778411854.0192792,5572.195312814,,,367,0.5572946667671204,1.0,1.1927337646484375,1.1927337646484375,0.0,,,,
1.1995904445648193,0.605222225189209,0.0,129,11999,1778411858.8847554,5577.060713083,1.1995904445648193,1.0,368,,,,,,,,,
1.0941417217254639,0.5156851410865784,0.0,129,12049,1778411879.8025453,5597.978487892,1.0941417217254639,1.0,369,,,,,,,,,
,,,129,12089,1778411897.4117906,5615.587750169,,,370,0.5582265853881836,1.0,1.192112684249878,1.192112684249878,0.0,,,,
1.1374801397323608,0.5959552526473999,0.0,130,12099,1778411905.0270956,5623.203010431,1.1374801397323608,1.0,371,,,,,,,,,
1.2138097286224365,0.5301138758659363,0.0,130,12149,1778411925.9318342,5644.107792893,1.2138097286224365,1.0,372,,,,,,,,,
,,,130,12182,1778411940.6482444,5658.824270396,,,373,0.5516136884689331,1.0,1.182990550994873,1.182990550994873,0.0,,,,
1.2457590103149414,0.5793164968490601,0.0,131,12199,1778411951.1066153,5669.282594518,1.2457590103149414,1.0,374,,,,,,,,,
1.212233304977417,0.5598000288009644,0.0,131,12249,1778411972.2703266,5690.446270898,1.212233304977417,1.0,375,,,,,,,,,
,,,131,12275,1778411984.0865898,5702.262700701,,,376,0.5540879964828491,1.0,1.198383092880249,1.198383092880249,0.0,,,,
1.2177468538284302,0.5233901739120483,0.0,132,12299,1778411997.611961,5715.78795555,1.2177468538284302,1.0,377,,,,,,,,,
1.208559513092041,0.5771913528442383,0.0,132,12349,1778412018.5776014,5736.753777855,1.208559513092041,1.0,378,,,,,,,,,
,,,132,12368,1778412027.5117068,5745.687635787,,,379,0.5576890110969543,1.0,1.1903833150863647,1.1903833150863647,0.0,,,,
1.1870739459991455,0.5070439577102661,0.0,133,12399,1778412043.7010698,5761.877065574,1.1870739459991455,1.0,380,,,,,,,,,
1.1452865600585938,0.551291823387146,0.0,133,12449,1778412064.4413266,5782.617459013,1.1452865600585938,1.0,381,,,,,,,,,
,,,133,12461,1778412070.367052,5788.543228022,,,382,0.5503439903259277,1.0,1.1842175722122192,1.1842175722122192,0.0,,,,
1.1478126049041748,0.5312525033950806,0.0,134,12499,1778412089.7660046,5807.941965324,1.1478126049041748,1.0,383,,,,,,,,,
1.1815762519836426,0.5245909690856934,0.0,134,12549,1778412110.6193724,5828.795242412,1.1815762519836426,1.0,384,,,,,,,,,
,,,134,12554,1778412113.716686,5831.892672105,,,385,0.5501292943954468,1.0,1.180437684059143,1.180437684059143,0.0,,,,
1.1801247596740723,0.531307578086853,0.0,135,12599,1778412135.8907337,5854.066645531,1.1801247596740723,1.0,386,,,,,,,,,
,,,135,12647,1778412156.7997744,5874.975918355,,,387,0.5530245304107666,1.0,1.1844466924667358,1.1844466924667358,0.0,,,,
1.166460394859314,0.5644488334655762,0.0,136,12649,1778412161.054467,5879.230487325,1.166460394859314,1.0,388,,,,,,,,,
1.2116131782531738,0.5975456237792969,0.0,136,12699,1778412183.1874743,5901.363827772,1.2116131782531738,1.0,389,,,,,,,,,
,,,136,12740,1778412201.434495,5919.610789432,,,390,0.5534104704856873,1.0,1.1954597234725952,1.1954597234725952,0.0,,,,
1.1627365350723267,0.5714638233184814,0.0,137,12749,1778412208.5271242,5926.703109131,1.1627365350723267,1.0,391,,,,,,,,,
1.199852705001831,0.5380131602287292,0.0,137,12799,1778412229.6417196,5947.81765806,1.199852705001831,1.0,392,,,,,,,,,
,,,137,12833,1778412244.873999,5963.050196089,,,393,0.5538012981414795,1.0,1.1880455017089844,1.1880455017089844,0.0,,,,
1.225924015045166,0.5546115636825562,0.0,138,12849,1778412255.0354908,5973.21142737,1.225924015045166,1.0,394,,,,,,,,,
1.1634327173233032,0.5690349340438843,0.0,138,12899,1778412275.9310963,5994.107183407,1.1634327173233032,1.0,395,,,,,,,,,
,,,138,12926,1778412288.0756798,6006.251785759,,,396,0.5637389421463013,1.0,1.189777135848999,1.189777135848999,0.0,,,,
1.206984043121338,0.5660601854324341,0.0,139,12949,1778412301.070283,6019.246254236,1.206984043121338,1.0,397,,,,,,,,,
1.1558940410614014,0.48696368932724,0.0,139,12999,1778412321.8319302,6040.008031404,1.1558940410614014,1.0,398,,,,,,,,,
,,,139,13019,1778412331.132523,6049.308564895,,,399,0.5535346865653992,1.0,1.1915500164031982,1.1915500164031982,0.0,,,,
1.1219465732574463,0.5303881764411926,0.0,140,13049,1778412347.0073235,6065.183295409,1.1219465732574463,1.0,400,,,,,,,,,
1.2027148008346558,0.5569159388542175,0.0,140,13099,1778412368.016602,6086.192489973,1.2027148008346558,1.0,401,,,,,,,,,
,,,140,13112,1778412374.3355482,6092.511499255,,,402,0.5490944981575012,1.0,1.1857863664627075,1.1857863664627075,0.0,,,,
1.2027225494384766,0.5312987565994263,0.0,141,13149,1778412393.2375393,6111.413505793,1.2027225494384766,1.0,403,,,,,,,,,
1.1829380989074707,0.5181418657302856,0.0,141,13199,1778412414.0489507,6132.224896139,1.1829380989074707,1.0,404,,,,,,,,,
,,,141,13205,1778412417.5503566,6135.726353327,,,405,0.5509521961212158,1.0,1.19023597240448,1.19023597240448,0.0,,,,
1.0971596240997314,0.5119426250457764,0.0,142,13249,1778412439.3724,6157.548317555,1.0971596240997314,1.0,406,,,,,,,,,
,,,142,13298,1778412460.7215714,6178.897545305,,,407,0.5519354343414307,1.0,1.1821928024291992,1.1821928024291992,0.0,,,,
1.1509144306182861,0.5096006393432617,0.0,143,13299,1778412464.4523096,6182.628285899,1.1509144306182861,1.0,408,,,,,,,,,
1.227120041847229,0.5635323524475098,0.0,143,13349,1778412485.1676,6203.343742203,1.227120041847229,1.0,409,,,,,,,,,
,,,143,13391,1778412503.6260185,6221.802032077,,,410,0.5495355129241943,1.0,1.1865140199661255,1.1865140199661255,0.0,,,,
1.1104743480682373,0.5194425582885742,0.0,144,13399,1778412510.4598484,6228.635823085,1.1104743480682373,1.0,411,,,,,,,,,
1.1639769077301025,0.5305500030517578,0.0,144,13449,1778412531.3319328,6249.507972498,1.1639769077301025,1.0,412,,,,,,,,,
,,,144,13484,1778412546.9127157,6265.08870428,,,413,0.5521710515022278,1.0,1.181708812713623,1.181708812713623,0.0,,,,
1.1708884239196777,0.5391892194747925,0.0,145,13499,1778412556.49057,6274.666685846,1.1708884239196777,1.0,414,,,,,,,,,
1.1583538055419922,0.5430160760879517,0.0,145,13549,1778412577.3845992,6295.560661221,1.1583538055419922,1.0,415,,,,,,,,,
,,,145,13577,1778412589.9311764,6308.10718112,,,416,0.5628572106361389,1.0,1.1909630298614502,1.1909630298614502,0.0,,,,
1.1574534177780151,0.5387542247772217,0.0,146,13599,1778412602.6464376,6320.822478702,1.1574534177780151,1.0,417,,,,,,,,,
1.1716055870056152,0.5620015859603882,0.0,146,13649,1778412623.687483,6341.863387007,1.1716055870056152,1.0,418,,,,,,,,,
,,,146,13670,1778412633.5956051,6351.771722295,,,419,0.5621173977851868,1.0,1.1903403997421265,1.1903403997421265,0.0,,,,
1.2337024211883545,0.5885006785392761,0.0,147,13699,1778412649.4267445,6367.602804918,1.2337024211883545,1.0,420,,,,,,,,,
1.1635067462921143,0.5672680139541626,0.0,147,13749,1778412670.3424363,6388.51841629,1.1635067462921143,1.0,421,,,,,,,,,
,,,147,13763,1778412677.1174853,6395.293468133,,,422,0.5632814168930054,1.0,1.1899768114089966,1.1899768114089966,0.0,,,,
1.2269285917282104,0.5807256102561951,0.0,148,13799,1778412695.9147496,6414.090632392,1.2269285917282104,1.0,423,,,,,,,,,
1.1268819570541382,0.4962347745895386,0.0,148,13849,1778412716.7483878,6434.924487243,1.1268819570541382,1.0,424,,,,,,,,,
,,,148,13856,1778412720.4630008,6438.639105484,,,425,0.5520153641700745,1.0,1.1874744892120361,1.1874744892120361,0.0,,,,
1.2673640251159668,0.5419967770576477,0.0,149,13899,1778412742.1996105,6460.375557847,1.2673640251159668,1.0,426,,,,,,,,,
1.1806089878082275,0.5314542055130005,0.0,149,13949,1778412763.2655118,6481.441401064,1.1806089878082275,1.0,427,,,,,,,,,
,,,149,13949,1778412764.1343732,6482.310353989,,,428,0.5532862544059753,1.0,1.17923903465271,1.17923903465271,0.0,,,,
1.1470834016799927,0.5677944421768188,0.0,150,13999,1778412788.5612974,6506.737204071,1.1470834016799927,1.0,429,,,,,,,,,
,,,150,14042,1778412807.5657778,6525.741750082,,,430,0.5554071068763733,1.0,1.191604495048523,1.191604495048523,0.0,,,,
1.1779123544692993,0.5315788388252258,0.0,151,14049,1778412813.9652565,6532.141235775,1.1779123544692993,1.0,431,,,,,,,,,
1.144017219543457,0.5130434036254883,0.0,151,14099,1778412835.0834255,6553.259468543,1.144017219543457,1.0,432,,,,,,,,,
,,,151,14135,1778412851.3369641,6569.513106033,,,433,0.5495065450668335,1.0,1.1790622472763062,1.1790622472763062,0.0,,,,
1.174210786819458,0.5811671614646912,0.0,152,14149,1778412860.643071,6578.81899721,1.174210786819458,1.0,434,,,,,,,,,
1.2200450897216797,0.5235013961791992,0.0,152,14199,1778412882.0687046,6600.244724235,1.2200450897216797,1.0,435,,,,,,,,,
,,,152,14228,1778412895.1412098,6613.317194232,,,436,0.5512900352478027,1.0,1.1847407817840576,1.1847407817840576,0.0,,,,
1.1874966621398926,0.6037890911102295,0.0,153,14249,1778412907.1606576,6625.336704029,1.1874966621398926,1.0,437,,,,,,,,,
1.128540277481079,0.5478805303573608,0.0,153,14299,1778412928.021496,6646.197555449,1.128540277481079,1.0,438,,,,,,,,,
,,,153,14321,1778412938.191003,6656.367241384,,,439,0.5592963695526123,1.0,1.1819922924041748,1.1819922924041748,0.0,,,,
1.1794291734695435,0.5268537402153015,0.0,154,14349,1778412953.3530421,6671.52912522,1.1794291734695435,1.0,440,,,,,,,,,
1.1295995712280273,0.5217862129211426,0.0,154,14399,1778412974.2096958,6692.385620391,1.1295995712280273,1.0,441,,,,,,,,,
,,,154,14414,1778412981.3352432,6699.511214332,,,442,0.5524018406867981,1.0,1.1809778213500977,1.1809778213500977,0.0,,,,
,,,155,14415,1778413360.712491,7078.888534063,,,443,,,,,,9.553003311157227,1.2832491397857666,0.5721333026885986,4.2789998054504395
