tloss_a_step,w_stability_step,trainer/global_step,_runtime,_step,tloss_s_step,tloss_step,w_accuracy_step,epoch,_timestamp,tloss_a_epoch,tloss_s_epoch,tloss_epoch,w_accuracy_epoch,w_stability_epoch,sMAPE,sMAPC,RMSSE,RMSSC
1.0067204236984253,0.15000000596046448,49,27.733958911,0,0.3321765661239624,0.9055389165878296,0.8500000238418579,0,1778826366.1883492,,,,,,,,,
,,92,52.497667745,1,,,,0,1778826390.9515834,1.088842511177063,0.35031813383102417,0.9780641794204712,0.849999189376831,0.14999987185001373,,,,
1.0600439310073853,0.15000000596046448,99,56.323250311,2,0.3212772607803345,0.9492290019989014,0.8500000238418579,1,1778826394.777805,,,,,,,,,
1.0306305885314941,0.15000000596046448,149,82.614756743,3,0.34185266494750977,0.9273139238357544,0.8500000238418579,1,1778826421.0693758,,,,,,,,,
,,185,103.40457416,4,,,,1,1778826441.8590026,1.0763332843780518,0.3447742164134979,0.9665993452072144,0.849999189376831,0.14999987185001373,,,,
0.9938405752182007,0.15000000596046448,199,110.928473046,5,0.31096237897872925,0.8914089202880859,0.8500000238418579,2,1778826449.382808,,,,,,,,,
1.1083600521087646,0.15000000596046448,249,137.628079622,6,0.32070156931877136,0.9902113080024719,0.8500000238418579,2,1778826476.082577,,,,,,,,,
,,278,154.865742132,7,,,,2,1778826493.320169,1.0733981132507324,0.3398793339729309,0.9633700251579285,0.849999189376831,0.14999987185001373,,,,
1.1246557235717773,0.15000000596046448,299,165.936504051,8,0.35756412148475647,1.009592056274414,0.8500000238418579,3,1778826504.3911102,,,,,,,,,
1.0872880220413208,0.15000000596046448,349,192.687202925,9,0.3329780697822571,0.9741415977478027,0.8500000238418579,3,1778826531.1416893,,,,,,,,,
,,371,206.196852728,10,,,,3,1778826544.651318,1.0708009004592896,0.34084129333496094,0.9613070487976074,0.849999189376831,0.14999987185001373,,,,
1.0499460697174072,0.15000000596046448,399,221.209805548,11,0.32701531052589417,0.9415065050125122,0.8500000238418579,4,1778826559.664324,,,,,,,,,
1.1004114151000977,0.15000000596046448,449,247.973519704,12,0.3532944917678833,0.9883438944816589,0.8500000238418579,4,1778826586.4278636,,,,,,,,,
,,464,257.824066275,13,,,,4,1778826596.2784784,1.0627765655517578,0.3402756452560425,0.9544013142585754,0.849999189376831,0.14999987185001373,,,,
1.0438567399978638,0.15000000596046448,499,276.600780915,14,0.3369401693344116,0.9378193020820618,0.8500000238418579,5,1778826615.0552824,,,,,,,,,
1.0746853351593018,0.15000000596046448,549,303.333596637,15,0.3217293620109558,0.9617419242858887,0.8500000238418579,5,1778826641.7879987,,,,,,,,,
,,557,309.452006672,16,,,,5,1778826647.9064867,1.0545331239700317,0.3343450427055359,0.9465050101280212,0.849999189376831,0.14999987185001373,,,,
1.0658862590789795,0.15000000596046448,599,332.381207091,17,0.34081611037254333,0.9571257829666138,0.8500000238418579,6,1778826670.835761,,,,,,,,,
1.0603513717651367,0.15000000596046448,649,358.999974013,18,0.3249354958534241,0.9500390291213989,0.8500000238418579,6,1778826697.454432,,,,,,,,,
,,650,361.345490335,19,,,,6,1778826699.7999325,1.0577634572982788,0.3355972468852997,0.9494386911392212,0.849999189376831,0.14999987185001373,,,,
1.0623469352722168,0.15000000596046448,699,387.654721565,20,0.33701634407043457,0.9535473585128784,0.8500000238418579,7,1778826726.109196,,,,,,,,,
,,743,412.883828458,21,,,,7,1778826751.3382506,1.0538544654846191,0.33222416043281555,0.9456098079681396,0.849999189376831,0.14999987185001373,,,,
1.0557231903076172,0.15000000596046448,749,416.230286918,22,0.3367255926132202,0.947873592376709,0.8500000238418579,8,1778826754.6847124,,,,,,,,,
1.0724430084228516,0.15000000596046448,799,442.640459076,23,0.3399696350097656,0.9625720381736755,0.8500000238418579,8,1778826781.094959,,,,,,,,,
,,836,464.086263174,24,,,,8,1778826802.5407457,1.0535682439804077,0.33216190338134766,0.9453570246696472,0.849999189376831,0.14999987185001373,,,,
1.088901162147522,0.15000000596046448,849,471.123961794,25,0.3187672197818756,0.9733811020851135,0.8500000238418579,9,1778826809.5785525,,,,,,,,,
1.0940072536468506,0.15000000596046448,899,497.69743834,26,0.34166958928108215,0.9811566472053528,0.8500000238418579,9,1778826836.1518834,,,,,,,,,
,,929,515.486319976,27,,,,9,1778826853.9407687,1.055953860282898,0.3326736092567444,0.9474616646766663,0.849999189376831,0.14999987185001373,,,,
1.1449657678604126,0.15000000596046448,949,526.273359048,28,0.3330514132976532,1.0231786966323853,0.8500000238418579,10,1778826864.7279003,,,,,,,,,
1.1122496128082275,0.15000000596046448,999,552.626451965,29,0.3637646436691284,0.9999769330024719,0.8500000238418579,10,1778826891.080922,,,,,,,,,
,,1022,566.698767108,30,,,,10,1778826905.153233,1.0599875450134277,0.3363385498523712,0.9514400362968445,0.849999189376831,0.14999987185001373,,,,
0.9989224076271057,0.15000000596046448,1049,581.225134162,31,0.33870866894721985,0.8998903632164001,0.8500000238418579,11,1778826919.6797009,,,,,,,,,
1.0517046451568604,0.15000000596046448,1099,607.524844191,32,0.3168044090270996,0.9414696097373962,0.8500000238418579,11,1778826945.979209,,,,,,,,,
,,1115,618.137076016,33,,,,11,1778826956.5915642,1.0569052696228027,0.33170458674430847,0.9481253027915955,0.849999189376831,0.14999987185001373,,,,
1.0798749923706055,0.15000000596046448,1149,636.654046151,34,0.3503066301345825,0.9704397916793823,0.8500000238418579,12,1778826975.1086261,,,,,,,,,
0.9808334112167358,0.15000000596046448,1199,662.909222621,35,0.31661084294319153,0.8812000155448914,0.8500000238418579,12,1778827001.3636103,,,,,,,,,
,,1208,669.577296059,36,,,,12,1778827008.031809,1.0509365797042847,0.33101776242256165,0.9429484605789185,0.849999189376831,0.14999987185001373,,,,
1.0485901832580566,0.15000000596046448,1249,691.744853033,37,0.3100743293762207,0.937812864780426,0.8500000238418579,13,1778827030.1993716,,,,,,,,,
1.1030678749084473,0.15000000596046448,1299,718.070775671,38,0.33225658535957336,0.9874461889266968,0.8500000238418579,13,1778827056.525355,,,,,,,,,
,,1301,721.046091902,39,,,,13,1778827059.5004625,1.0526703596115112,0.3306306004524231,0.9443645477294922,0.849999189376831,0.14999987185001373,,,,
1.045163631439209,0.15000000596046448,1349,746.895492891,40,0.3263642489910126,0.9373437762260437,0.8500000238418579,14,1778827085.3500013,,,,,,,,,
,,1394,772.497100179,41,,,,14,1778827110.9515486,1.0467532873153687,0.3309462070465088,0.9393825531005859,0.849999189376831,0.14999987185001373,,,,
1.10181725025177,0.15000000596046448,1399,775.098269887,42,0.36344966292381287,0.9910621643066406,0.8500000238418579,15,1778827113.5528653,,,,,,,,,
1.0697195529937744,0.15000000596046448,1449,801.678848845,43,0.320437490940094,0.9573272466659546,0.8500000238418579,15,1778827140.1333046,,,,,,,,,
,,1487,823.556105161,44,,,,15,1778827162.010611,1.0506598949432373,0.32960817217826843,0.9425022602081299,0.849999189376831,0.14999987185001373,,,,
1.0360291004180908,0.15000000596046448,1499,829.989662203,45,0.3155352473258972,0.9279550313949585,0.8500000238418579,16,1778827168.444262,,,,,,,,,
1.0456199645996094,0.15000000596046448,1549,857.057307411,46,0.33634045720100403,0.9392280578613281,0.8500000238418579,16,1778827195.5117948,,,,,,,,,
,,1580,875.241509968,47,,,,16,1778827213.6960788,1.0476667881011963,0.3239234685897827,0.939105212688446,0.849999189376831,0.14999987185001373,,,,
1.1040914058685303,0.15000000596046448,1599,885.252370999,48,0.3389352560043335,0.9893180131912231,0.8500000238418579,17,1778827223.7069297,,,,,,,,,
1.045021653175354,0.15000000596046448,1649,911.836011523,49,0.3159891963005066,0.9356667995452881,0.8500000238418579,17,1778827250.2904115,,,,,,,,,
,,1673,926.588306759,50,,,,17,1778827265.0428386,1.0500901937484741,0.32938599586486816,0.9419845938682556,0.849999189376831,0.14999987185001373,,,,
1.0417838096618652,0.15000000596046448,1699,940.498008165,51,0.32217466831207275,0.9338424801826477,0.8500000238418579,18,1778827278.9525378,,,,,,,,,
1.0575268268585205,0.15000000596046448,1749,966.675243618,52,0.33663779497146606,0.9493935108184814,0.8500000238418579,18,1778827305.1297486,,,,,,,,,
,,1766,977.635087639,53,,,,18,1778827316.0894048,1.0507903099060059,0.32969534397125244,0.9426265358924866,0.849999189376831,0.14999987185001373,,,,
0.9725719690322876,0.15000000596046448,1799,995.233161684,54,0.32161152362823486,0.8749279379844666,0.8500000238418579,19,1778827333.687662,,,,,,,,,
1.1324021816253662,0.15000000596046448,1849,1021.543705439,55,0.3477029800415039,1.0146973133087158,0.8500000238418579,19,1778827359.9982922,,,,,,,,,
,,1859,1028.482358572,56,,,,19,1778827366.936894,1.041866421699524,0.3266485929489136,0.9345836043357849,0.849999189376831,0.14999987185001373,,,,
1.0189449787139893,0.15000000596046448,1899,1050.224133537,57,0.3260919451713562,0.9150170087814331,0.8500000238418579,20,1778827388.6786149,,,,,,,,,
1.1246280670166016,0.15000000596046448,1949,1076.758286577,58,0.353826642036438,1.0090078115463257,0.8500000238418579,20,1778827415.2127514,,,,,,,,,
,,1952,1080.10947783,59,,,,20,1778827418.5638993,1.0490363836288452,0.32586196064949036,0.9405602812767029,0.849999189376831,0.14999987185001373,,,,
1.0617895126342773,0.15000000596046448,1999,1105.154902315,60,0.34054189920425415,0.9536024332046509,0.8500000238418579,21,1778827443.6092925,,,,,,,,,
,,2045,1131.658086618,61,,,,21,1778827470.112529,1.0476235151290894,0.3265206515789032,0.9394577145576477,0.849999189376831,0.14999987185001373,,,,
1.0456702709197998,0.15000000596046448,2049,1133.831106823,62,0.3617474436759949,0.9430818557739258,0.8500000238418579,22,1778827472.2856817,,,,,,,,,
1.0200259685516357,0.15000000596046448,2099,1160.598563691,63,0.32237496972084045,0.9153783321380615,0.8500000238418579,22,1778827499.0530343,,,,,,,,,
,,2138,1183.359929407,64,,,,22,1778827521.8143988,1.050294041633606,0.32691338658332825,0.9417868852615356,0.849999189376831,0.14999987185001373,,,,
1.0411889553070068,0.15000000596046448,2149,1189.3239328,65,0.3190629780292511,0.932870090007782,0.8500000238418579,23,1778827527.7784657,,,,,,,,,
1.027348279953003,0.15000000596046448,2199,1216.298001612,66,0.29584693908691406,0.9176231026649475,0.8500000238418579,23,1778827554.752278,,,,,,,,,
,,2231,1235.36700878,67,,,,23,1778827573.8214326,1.0428589582443237,0.3257509171962738,0.9352925419807434,0.849999189376831,0.14999987185001373,,,,
1.1067707538604736,0.15000000596046448,2249,1245.289796763,68,0.3452552556991577,0.9925434589385986,0.8500000238418579,24,1778827583.7443087,,,,,,,,,
1.0656378269195557,0.15000000596046448,2299,1272.021589544,69,0.32022470235824585,0.9538258910179138,0.8500000238418579,24,1778827610.476168,,,,,,,,,
,,2324,1287.328635439,70,,,,24,1778827625.7828405,1.048089623451233,0.32870060205459595,0.9401815533638,0.849999189376831,0.14999987185001373,,,,
1.0724148750305176,0.15000000596046448,2349,1301.030488946,71,0.35419416427612305,0.9646818041801453,0.8500000238418579,25,1778827639.4850378,,,,,,,,,
1.0458649396896362,0.15000000596046448,2399,1327.484965794,72,0.31324684619903564,0.935972273349762,0.8500000238418579,25,1778827665.939482,,,,,,,,,
,,2417,1338.991756616,73,,,,25,1778827677.4457464,1.043355941772461,0.32397153973579407,0.9354487061500549,0.849999189376831,0.14999987185001373,,,,
1.072841763496399,0.15000000596046448,2449,1356.373500792,74,0.324603408575058,0.960606038570404,0.8500000238418579,26,1778827694.8280349,,,,,,,,,
1.0835057497024536,0.15000000596046448,2499,1382.95552317,75,0.3043100833892822,0.9666264057159424,0.8500000238418579,26,1778827721.4100852,,,,,,,,,
,,2510,1390.768417467,76,,,,26,1778827729.2228734,1.0483224391937256,0.32552337646484375,0.9399024248123169,0.849999189376831,0.14999987185001373,,,,
1.0456230640411377,0.15000000596046448,2549,1411.436445961,77,0.3387593626976013,0.9395935535430908,0.8500000238418579,27,1778827749.8909,,,,,,,,,
1.0385284423828125,0.15000000596046448,2599,1438.03099111,78,0.339889258146286,0.9337325692176819,0.8500000238418579,27,1778827776.4855607,,,,,,,,,
,,2603,1441.92644977,79,,,,27,1778827780.38097,1.047192931175232,0.32655468583106995,0.9390968680381775,0.849999189376831,0.14999987185001373,,,,
1.0518232583999634,0.15000000596046448,2649,1466.720365273,80,0.3242642879486084,0.9426894783973694,0.8500000238418579,28,1778827805.1745687,,,,,,,,,
,,2696,1493.736979979,81,,,,28,1778827832.191349,1.0409784317016602,0.32472851872444153,0.9335408210754395,0.849999189376831,0.14999987185001373,,,,
1.0882614850997925,0.15000000596046448,2699,1495.329088558,82,0.3511907458305359,0.97770094871521,0.8500000238418579,29,1778827833.7836454,,,,,,,,,
0.9965383410453796,0.15000000596046448,2749,1522.276562607,83,0.3233206868171692,0.8955557346343994,0.8500000238418579,29,1778827860.7310731,,,,,,,,,
,,2789,1545.229558563,84,,,,29,1778827883.6840174,1.0448071956634521,0.32392144203186035,0.9366743564605713,0.849999189376831,0.14999987185001373,,,,
,,2790,1562.84776937,85,,,,30,1778827901.3022082,,,,,,11.51487922668457,2.923715353012085,1.0613924264907837,0.3316621780395508
