tloss_a_step,tloss_step,w_accuracy_step,w_stability_step,epoch,trainer/global_step,tloss_s_step,_timestamp,_runtime,_step,tloss_a_epoch,tloss_s_epoch,tloss_epoch,w_accuracy_epoch,w_stability_epoch,sMAPE,RMSSC,RMSSE,sMAPC
1.3449023962020874,1.1882768869400024,0.8500000238418579,0.15000000596046448,0,49,0.3007323443889618,1778808866.0245223,27.73972549,0,,,,,,,,,
,,,,0,92,,1778808890.848188,52.56343832,1,1.355149507522583,0.33042168617248535,1.2014403343200684,0.849999189376831,0.14999987185001373,,,,
1.1836926937103271,1.054166316986084,0.8500000238418579,0.15000000596046448,1,99,0.32018351554870605,1778808894.5251007,56.240096661,2,,,,,,,,,
1.1087405681610107,0.9903013706207275,0.8500000238418579,0.15000000596046448,1,149,0.31914597749710083,1778808921.7176,83.432699549,3,,,,,,,,,
,,,,1,185,,1778808942.8594546,104.574834401,4,1.1448239088058472,0.3274533450603485,1.0222183465957642,0.849999189376831,0.14999987185001373,,,,
1.0950160026550293,0.9812148809432983,0.8500000238418579,0.15000000596046448,2,199,0.3363420367240906,1778808950.4082692,112.123312172,5,,,,,,,,,
1.2121261358261108,1.0814824104309082,0.8500000238418579,0.15000000596046448,2,249,0.3411674499511719,1778808977.293968,139.009018718,6,,,,,,,,,
,,,,2,278,,1778808994.5039113,156.219121909,7,1.1310670375823975,0.32240769267082214,1.0097682476043701,0.849999189376831,0.14999987185001373,,,,
1.0682368278503418,0.9571912884712219,0.8500000238418579,0.15000000596046448,3,299,0.327933132648468,1778809005.6253202,167.340565427,8,,,,,,,,,
1.0711095333099365,0.9588167667388916,0.8500000238418579,0.15000000596046448,3,349,0.3224911093711853,1778809032.5432568,194.258361346,9,,,,,,,,,
,,,,3,371,,1778809045.9691665,207.684344851,10,1.0876107215881348,0.32479244470596313,0.9731879234313965,0.849999189376831,0.14999987185001373,,,,
1.093947410583496,0.9802773594856262,0.8500000238418579,0.15000000596046448,4,399,0.33614659309387207,1778809061.083918,222.799129869,11,,,,,,,,,
1.0356730222702026,0.9268931150436401,0.8500000238418579,0.15000000596046448,4,449,0.31047323346138,1778809087.8578043,249.572870997,12,,,,,,,,,
,,,,4,464,,1778809097.6894624,259.404651351,13,1.0633748769760132,0.33242541551589966,0.9537323117256165,0.849999189376831,0.14999987185001373,,,,
1.0831491947174072,0.9677054286003113,0.8500000238418579,0.15000000596046448,5,499,0.31352412700653076,1778809116.5319152,278.246992243,14,,,,,,,,,
1.0052993297576904,0.904674768447876,0.8500000238418579,0.15000000596046448,5,549,0.33446866273880005,1778809143.2911696,305.006343799,15,,,,,,,,,
,,,,5,557,,1778809149.434002,311.149131281,16,1.0599955320358276,0.3213898539543152,0.9492045640945435,0.849999189376831,0.14999987185001373,,,,
1.1353060007095337,1.0229649543762207,0.8500000238418579,0.15000000596046448,6,599,0.38636595010757446,1778809172.0853007,333.800367101,17,,,,,,,,,
1.0457608699798584,0.9408443570137024,0.8500000238418579,0.15000000596046448,6,649,0.3463172912597656,1778809198.9819238,360.697265871,18,,,,,,,,,
,,,,6,650,,1778809201.343651,363.058807451,19,1.0458463430404663,0.3356618583202362,0.9393184781074524,0.849999189376831,0.14999987185001373,,,,
0.9441758990287781,0.8486398458480835,0.8500000238418579,0.15000000596046448,7,699,0.3072688579559326,1778809227.498674,389.213704431,20,,,,,,,,,
,,,,7,743,,1778809252.7668638,414.482405715,21,1.0190753936767578,0.3267272710800171,0.9152234792709351,0.849999189376831,0.14999987185001373,,,,
0.9999336004257202,0.8971301913261414,0.8500000238418579,0.15000000596046448,8,749,0.31457728147506714,1778809256.134467,417.849547377,22,,,,,,,,,
0.9745008945465088,0.8684014081954956,0.8500000238418579,0.15000000596046448,8,799,0.26717060804367065,1778809283.00727,444.722312801,23,,,,,,,,,
,,,,8,836,,1778809304.6786866,466.393842358,24,1.006479263305664,0.32726943492889404,0.9045974016189575,0.849999189376831,0.14999987185001373,,,,
0.9527449011802673,0.8547362089157104,0.8500000238418579,0.15000000596046448,9,849,0.2993537187576294,1778809311.6715343,473.387007829,25,,,,,,,,,
1.0130832195281982,0.9075666069984436,0.8500000238418579,0.15000000596046448,9,899,0.3096390962600708,1778809338.315913,500.030959409,26,,,,,,,,,
,,,,9,929,,1778809356.3680243,518.083084619,27,0.9921401739120483,0.32652199268341064,0.8922972083091736,0.849999189376831,0.14999987185001373,,,,
1.0395123958587646,0.9320554733276367,0.8500000238418579,0.15000000596046448,10,949,0.32313257455825806,1778809366.9995801,528.714893327,28,,,,,,,,,
0.955805778503418,0.8575360774993896,0.8500000238418579,0.15000000596046448,10,999,0.3006746172904968,1778809393.7233498,555.438395003,29,,,,,,,,,
,,,,10,1022,,1778809407.6897676,569.405025458,30,0.9881946444511414,0.3308045268058777,0.8895862698554993,0.849999189376831,0.14999987185001373,,,,
1.0314089059829712,0.9306791424751282,0.8500000238418579,0.15000000596046448,11,1049,0.3598767817020416,1778809422.4507315,584.165791747,31,,,,,,,,,
0.9868346452713013,0.8875975012779236,0.8500000238418579,0.15000000596046448,11,1099,0.32525327801704407,1778809449.060472,610.775600692,32,,,,,,,,,
,,,,11,1115,,1778809459.3275309,621.042669507,33,0.9875239133834839,0.3324257731437683,0.8892592787742615,0.849999189376831,0.14999987185001373,,,,
1.039077639579773,0.9343861937522888,0.8500000238418579,0.15000000596046448,12,1149,0.3411343991756439,1778809477.847098,639.562138744,34,,,,,,,,,
0.9310973882675171,0.84404456615448,0.8500000238418579,0.15000000596046448,12,1199,0.35074490308761597,1778809504.4989297,666.214106911,35,,,,,,,,,
,,,,12,1208,,1778809511.3170474,673.032194531,36,0.9841435551643372,0.330480694770813,0.8860946893692017,0.849999189376831,0.14999987185001373,,,,
0.9873641133308411,0.8885713815689087,0.8500000238418579,0.15000000596046448,13,1249,0.32874596118927,1778809533.748204,695.463215994,37,,,,,,,,,
0.9868069291114807,0.8900941014289856,0.8500000238418579,0.15000000596046448,13,1299,0.3420547842979431,1778809560.4018269,722.116953185,38,,,,,,,,,
,,,,13,1301,,1778809563.4246593,725.139803911,39,0.9652637839317322,0.33589842915534973,0.8708587884902954,0.849999189376831,0.14999987185001373,,,,
0.9505820870399475,0.8558341860771179,0.8500000238418579,0.15000000596046448,14,1349,0.3189292848110199,1778809589.516764,751.231795337,40,,,,,,,,,
,,,,14,1394,,1778809615.3542047,777.06972364,41,0.9554290175437927,0.3379237949848175,0.8628031611442566,0.849999189376831,0.14999987185001373,,,,
0.9275315403938293,0.8333976864814758,0.8500000238418579,0.15000000596046448,15,1399,0.29997217655181885,1778809617.9754112,779.69045705,42,,,,,,,,,
0.9791666865348816,0.8798677325248718,0.8500000238418579,0.15000000596046448,15,1449,0.31717321276664734,1778809645.1751053,806.890134934,43,,,,,,,,,
,,,,15,1487,,1778809667.247959,828.963051168,44,0.9486047029495239,0.3393024802207947,0.8572097420692444,0.849999189376831,0.14999987185001373,,,,
0.9661988019943237,0.8728123903274536,0.8500000238418579,0.15000000596046448,16,1499,0.34362292289733887,1778809673.7945156,835.509576534,45,,,,,,,,,
0.9624658823013306,0.8705988526344299,0.8500000238418579,0.15000000596046448,16,1549,0.3500188887119293,1778809700.5483253,862.263529936,46,,,,,,,,,
,,,,16,1580,,1778809719.0498981,880.765010038,47,0.9416637420654297,0.35070428252220154,0.8530200719833374,0.849999189376831,0.14999987185001373,,,,
0.9308067560195923,0.8424034118652344,0.8500000238418579,0.15000000596046448,17,1599,0.3414512574672699,1778809729.1859732,890.900978623,48,,,,,,,,,
0.8823596835136414,0.7965424656867981,0.8500000238418579,0.15000000596046448,17,1649,0.31024467945098877,1778809756.0567954,917.771919231,49,,,,,,,,,
,,,,17,1673,,1778809770.6585393,932.373670394,50,0.9328599572181702,0.3475624918937683,0.8450654745101929,0.849999189376831,0.14999987185001373,,,,
0.9405571222305298,0.853603720664978,0.8500000238418579,0.15000000596046448,18,1699,0.36086758971214294,1778809784.5985522,946.313567904,51,,,,,,,,,
0.9688876867294312,0.874538242816925,0.8500000238418579,0.15000000596046448,18,1749,0.33989107608795166,1778809811.419094,973.134288859,52,,,,,,,,,
,,,,18,1766,,1778809822.3505726,984.065791004,53,0.9304402470588684,0.3524474799633026,0.843741238117218,0.849999189376831,0.14999987185001373,,,,
0.9187659025192261,0.836398720741272,0.8500000238418579,0.15000000596046448,19,1799,0.3696514964103699,1778809840.1646235,1001.879654087,54,,,,,,,,,
0.9021240472793579,0.8183386921882629,0.8500000238418579,0.15000000596046448,19,1849,0.3435547351837158,1778809867.1080441,1028.823241662,55,,,,,,,,,
,,,,19,1859,,1778809874.5015445,1036.216657973,56,0.9203445911407471,0.3535442650318146,0.8353245258331299,0.849999189376831,0.14999987185001373,,,,
0.8289893865585327,0.750390350818634,0.8500000238418579,0.15000000596046448,20,1899,0.30499571561813354,1778809896.2199893,1057.93503793,57,,,,,,,,,
0.9333536028862,0.8494845032691956,0.8500000238418579,0.15000000596046448,20,1949,0.37422627210617065,1778809922.9913013,1084.706557507,58,,,,,,,,,
,,,,20,1952,,1778809926.3812306,1088.096398861,59,0.8998541831970215,0.3564950227737427,0.818350613117218,0.849999189376831,0.14999987185001373,,,,
0.9078788757324219,0.8258475661277771,0.8500000238418579,0.15000000596046448,21,1999,0.36100348830223083,1778809951.649834,1113.364851337,60,,,,,,,,,
,,,,21,2045,,1778809978.035415,1139.750544409,61,0.8979097008705139,0.36236706376075745,0.8175783753395081,0.849999189376831,0.14999987185001373,,,,
0.8508400917053223,0.776233434677124,0.8500000238418579,0.15000000596046448,22,2049,0.3534623682498932,1778809980.349743,1142.064765265,62,,,,,,,,,
0.9074791669845581,0.825695812702179,0.8500000238418579,0.15000000596046448,22,2099,0.36225685477256775,1778810007.0445251,1168.759681779,63,,,,,,,,,
,,,,22,2138,,1778810029.5416179,1191.256771234,64,0.8886880278587341,0.3613234758377075,0.8095835447311401,0.849999189376831,0.14999987185001373,,,,
0.8618165254592896,0.7878580689430237,0.8500000238418579,0.15000000596046448,23,2149,0.3687601685523987,1778810035.4648871,1197.179906519,65,,,,,,,,,
0.8652655482292175,0.7913602590560913,0.8500000238418579,0.15000000596046448,23,2199,0.3725636601448059,1778810062.1654508,1223.880652374,66,,,,,,,,,
,,,,23,2231,,1778810081.0576432,1242.772839578,67,0.8759944438934326,0.36693519353866577,0.7996352910995483,0.849999189376831,0.14999987185001373,,,,
0.8782424926757812,0.8007986545562744,0.8500000238418579,0.15000000596046448,24,2249,0.3619501292705536,1778810090.8205342,1252.53564808,68,,,,,,,,,
0.8415433168411255,0.7708430886268616,0.8500000238418579,0.15000000596046448,24,2299,0.3702085614204407,1778810117.837765,1279.552944704,69,,,,,,,,,
,,,,24,2324,,1778810133.1280122,1294.843092306,70,0.8547544479370117,0.36323046684265137,0.7810259461402893,0.849999189376831,0.14999987185001373,,,,
0.8245248198509216,0.756268322467804,0.8500000238418579,0.15000000596046448,25,2349,0.3694813847541809,1778810146.434769,1308.149800272,71,,,,,,,,,
0.821763277053833,0.7548205852508545,0.8500000238418579,0.15000000596046448,25,2399,0.37547874450683594,1778810173.4757338,1335.190949881,72,,,,,,,,,
,,,,25,2417,,1778810184.8305418,1346.545667155,73,0.8527295589447021,0.375530481338501,0.781149685382843,0.849999189376831,0.14999987185001373,,,,
0.8616690635681152,0.7875444889068604,0.8500000238418579,0.15000000596046448,26,2449,0.3675050139427185,1778810202.1781964,1363.893256044,74,,,,,,,,,
0.821129560470581,0.7569665312767029,0.8500000238418579,0.15000000596046448,26,2499,0.39337578415870667,1778810228.9398675,1390.655083596,75,,,,,,,,,
,,,,26,2510,,1778810236.7465334,1398.461645437,76,0.8424559831619263,0.37461763620376587,0.772280216217041,0.849999189376831,0.14999987185001373,,,,
0.8411674499511719,0.7714279890060425,0.8500000238418579,0.15000000596046448,27,2549,0.3762376308441162,1778810257.672832,1419.387915059,77,,,,,,,,,
0.8808000087738037,0.8110744953155518,0.8500000238418579,0.15000000596046448,27,2599,0.41596293449401855,1778810284.4069471,1446.122023509,78,,,,,,,,,
,,,,27,2603,,1778810288.3161232,1450.031297206,79,0.834176242351532,0.3811357915401459,0.7662203311920166,0.849999189376831,0.14999987185001373,,,,
0.7681776285171509,0.7077493071556091,0.8500000238418579,0.15000000596046448,28,2649,0.3653220236301422,1778810312.8858488,1474.601026545,80,,,,,,,,,
,,,,28,2696,,1778810339.8315935,1501.546837049,81,0.8257880806922913,0.3824857473373413,0.7592928409576416,0.849999189376831,0.14999987185001373,,,,
0.8626718521118164,0.7883999943733215,0.8500000238418579,0.15000000596046448,29,2699,0.3675258457660675,1778810341.444097,1503.159169985,82,,,,,,,,,
0.808488130569458,0.7431768178939819,0.8500000238418579,0.15000000596046448,29,2749,0.3730793595314026,1778810368.3855827,1530.100738981,83,,,,,,,,,
,,,,29,2789,,1778810391.5626922,1553.277803062,84,0.8124127984046936,0.3893340229988098,0.748951256275177,0.849999189376831,0.14999987185001373,,,,
0.7899842858314514,0.7327015399932861,0.8500000238418579,0.15000000596046448,30,2799,0.4080989956855774,1778810396.7698052,1558.484850503,85,,,,,,,,,
0.8091515302658081,0.7473953366279602,0.8500000238418579,0.15000000596046448,30,2849,0.3974432647228241,1778810424.0360792,1585.75140568,86,,,,,,,,,
,,,,30,2882,,1778810443.2873352,1605.0023709,87,0.7989177107810974,0.39343127608299255,0.7380948066711426,0.849999189376831,0.14999987185001373,,,,
0.8339373469352722,0.7687367796897888,0.8500000238418579,0.15000000596046448,31,2899,0.3992668390274048,1778810452.456651,1614.171681718,88,,,,,,,,,
0.7616317272186279,0.7078000903129578,0.8500000238418579,0.15000000596046448,31,2949,0.40275412797927856,1778810479.3509927,1641.06614151,89,,,,,,,,,
,,,,31,2975,,1778810495.0320005,1656.747094609,90,0.7874588370323181,0.3935289680957794,0.7283692955970764,0.849999189376831,0.14999987185001373,,,,
0.7806052565574646,0.7203788161277771,0.8500000238418579,0.15000000596046448,32,2999,0.37909531593322754,1778810508.2138188,1669.928807805,91,,,,,,,,,
0.773628830909729,0.7177097797393799,0.8500000238418579,0.15000000596046448,32,3049,0.40083473920822144,1778810534.8965948,1696.611885836,92,,,,,,,,,
,,,,32,3068,,1778810547.0695822,1708.784772815,93,0.7745130062103271,0.3948274552822113,0.7175602316856384,0.849999189376831,0.14999987185001373,,,,
0.7530890703201294,0.6991803050041199,0.8500000238418579,0.15000000596046448,33,3099,0.39369696378707886,1778810563.8440392,1725.559073754,94,,,,,,,,,
0.8404085636138916,0.7745847702026367,0.8500000238418579,0.15000000596046448,33,3149,0.40158310532569885,1778810590.70442,1752.419457403,95,,,,,,,,,
,,,,33,3161,,1778810598.7055395,1760.421185949,96,0.7723015546798706,0.39976173639297485,0.716420590877533,0.849999189376831,0.14999987185001373,,,,
0.7889962196350098,0.7273838520050049,0.8500000238418579,0.15000000596046448,34,3199,0.37824690341949463,1778810619.2141979,1780.929298191,97,,,,,,,,,
0.7809547781944275,0.7261826395988464,0.8500000238418579,0.15000000596046448,34,3249,0.4158072769641876,1778810645.8520622,1807.567164948,98,,,,,,,,,
,,,,34,3254,,1778810650.4629838,1812.178048923,99,0.7587426900863647,0.40504640340805054,0.7056882977485657,0.849999189376831,0.14999987185001373,,,,
0.7350174188613892,0.691015362739563,0.8500000238418579,0.15000000596046448,35,3299,0.44167059659957886,1778810674.7908103,1836.505878861,100,,,,,,,,,
,,,,35,3347,,1778810702.362155,1864.077200966,101,0.7475536465644836,0.40500739216804504,0.696171760559082,0.849999189376831,0.14999987185001373,,,,
0.7971319556236267,0.7392548322677612,0.8500000238418579,0.15000000596046448,36,3349,0.4112843871116638,1778810703.4146945,1865.12973361,102,,,,,,,,,
0.7512306571006775,0.7021639347076416,0.8500000238418579,0.15000000596046448,36,3399,0.42411932349205017,1778810730.376375,1892.09155161,103,,,,,,,,,
,,,,36,3440,,1778810754.269468,1915.984675109,104,0.74128258228302,0.4098244905471802,0.6915637850761414,0.849999189376831,0.14999987185001373,,,,
0.7534566521644592,0.7007588148117065,0.8500000238418579,0.15000000596046448,37,3449,0.4021373391151428,1778810758.9730868,1920.688124192,105,,,,,,,,,
0.6993435621261597,0.6534855961799622,0.8500000238418579,0.15000000596046448,37,3499,0.393623411655426,1778810786.0009525,1947.716272729,106,,,,,,,,,
,,,,37,3533,,1778810805.8534324,1967.568599664,107,0.72271329164505,0.39724382758140564,0.6738927364349365,0.849999189376831,0.14999987185001373,,,,
0.7426051497459412,0.6919233202934265,0.8500000238418579,0.15000000596046448,38,3549,0.4047260880470276,1778810814.418324,1976.133374324,108,,,,,,,,,
0.7228803038597107,0.6781221628189087,0.8500000238418579,0.15000000596046448,38,3599,0.4244927167892456,1778810841.246861,2002.96193495,109,,,,,,,,,
,,,,38,3626,,1778810857.45995,2019.175145757,110,0.7147428393363953,0.40126198530197144,0.6677208542823792,0.849999189376831,0.14999987185001373,,,,
0.7124310731887817,0.6628196239471436,0.8500000238418579,0.15000000596046448,39,3649,0.3816877007484436,1778810869.6270552,2031.342054281,111,,,,,,,,,
0.7122781276702881,0.6667911410331726,0.8500000238418579,0.15000000596046448,39,3699,0.4090311825275421,1778810896.228505,2057.943608854,112,,,,,,,,,
,,,,39,3719,,1778810908.7791343,2070.494380424,113,0.7091023325920105,0.40036410093307495,0.6627915501594543,0.849999189376831,0.14999987185001373,,,,
0.6956472992897034,0.6501080989837646,0.8500000238418579,0.15000000596046448,40,3749,0.39205241203308105,1778810924.890927,2086.605964546,114,,,,,,,,,
0.7201414704322815,0.6743941307067871,0.8500000238418579,0.15000000596046448,40,3799,0.4151592254638672,1778810951.4086518,2113.123685975,115,,,,,,,,,
,,,,40,3812,,1778810960.2177064,2121.932888841,116,0.6952285766601562,0.4002429246902466,0.6509807705879211,0.849999189376831,0.14999987185001373,,,,
0.7318196296691895,0.6813538074493408,0.8500000238418579,0.15000000596046448,41,3849,0.3953806757926941,1778810980.1676874,2141.882811311,117,,,,,,,,,
0.6843897700309753,0.6435741186141968,0.8500000238418579,0.15000000596046448,41,3899,0.4122854769229889,1778811007.033061,2168.748108293,118,,,,,,,,,
,,,,41,3905,,1778811012.0081546,2173.723333657,119,0.6892732381820679,0.3997341990470886,0.6458423733711243,0.849999189376831,0.14999987185001373,,,,
0.6787874698638916,0.6348204016685486,0.8500000238418579,0.15000000596046448,42,3949,0.385673463344574,1778811035.7845592,2197.499751628,120,,,,,,,,,
,,,,42,3998,,1778811063.6819098,2225.397013456,121,0.6782206296920776,0.3996144235134125,0.6364296078681946,0.849999189376831,0.14999987185001373,,,,
0.7101154923439026,0.6629431843757629,0.8500000238418579,0.15000000596046448,43,3999,0.3956335484981537,1778811064.229044,2225.944064162,122,,,,,,,,,
0.6918004751205444,0.65042644739151,0.8500000238418579,0.15000000596046448,43,4049,0.4159736931324005,1778811090.9856505,2252.700871463,123,,,,,,,,,
,,,,43,4091,,1778811115.305082,2277.020355288,124,0.671169638633728,0.3983745872974396,0.6302503943443298,0.849999189376831,0.14999987185001373,,,,
0.6361950635910034,0.6017831563949585,0.8500000238418579,0.15000000596046448,44,4099,0.40678203105926514,1778811119.6920981,2281.407202749,125,,,,,,,,,
0.6336464881896973,0.5973728895187378,0.8500000238418579,0.15000000596046448,44,4149,0.39182209968566895,1778811146.4783247,2308.193374074,126,,,,,,,,,
,,,,44,4184,,1778811167.2085197,2328.923711786,127,0.6678460836410522,0.39991289377212524,0.6276562809944153,0.849999189376831,0.14999987185001373,,,,
0.6650692224502563,0.6230887770652771,0.8500000238418579,0.15000000596046448,45,4199,0.38519948720932007,1778811175.2823777,2336.997452986,128,,,,,,,,,
0.5718596577644348,0.5398494005203247,0.8500000238418579,0.15000000596046448,45,4249,0.3584577739238739,1778811202.371162,2364.086160726,129,,,,,,,,,
,,,,45,4277,,1778811219.0911398,2380.806390266,130,0.6499598622322083,0.3871157169342041,0.6105332374572754,0.849999189376831,0.14999987185001373,,,,
0.6049507260322571,0.5705190300941467,0.8500000238418579,0.15000000596046448,46,4299,0.37540602684020996,1778811230.9923663,2392.707387567,131,,,,,,,,,
0.6181166172027588,0.5837975144386292,0.8500000238418579,0.15000000596046448,46,4349,0.3893224596977234,1778811257.7921453,2419.50733012,132,,,,,,,,,
,,,,46,4370,,1778811270.9901059,2432.705205941,133,0.64290851354599,0.38627493381500244,0.6044133305549622,0.849999189376831,0.14999987185001373,,,,
0.695588231086731,0.6508041024208069,0.8500000238418579,0.15000000596046448,47,4399,0.3970273733139038,1778811286.6154919,2448.330601497,134,,,,,,,,,
0.6504790782928467,0.6117371916770935,0.8500000238418579,0.15000000596046448,47,4449,0.3921997547149658,1778811313.1002069,2474.815218851,135,,,,,,,,,
,,,,47,4463,,1778811322.4594443,2484.174539978,136,0.6425620317459106,0.3941040337085724,0.605293333530426,0.849999189376831,0.14999987185001373,,,,
0.6295801997184753,0.5915366411209106,0.8500000238418579,0.15000000596046448,48,4499,0.3759564161300659,1778811341.9804862,2503.695806755,137,,,,,,,,,
0.5616834163665771,0.5313906669616699,0.8500000238418579,0.15000000596046448,48,4549,0.35973167419433594,1778811368.4181376,2530.13320126,138,,,,,,,,,
,,,,48,4556,,1778811374.186657,2535.901762645,139,0.6299013495445251,0.38619425892829895,0.5933455228805542,0.849999189376831,0.14999987185001373,,,,
0.6066770553588867,0.5760564208030701,0.8500000238418579,0.15000000596046448,49,4599,0.40253937244415283,1778811397.321508,2559.036679031,140,,,,,,,,,
0.5774157047271729,0.5500169992446899,0.8500000238418579,0.15000000596046448,49,4649,0.39475762844085693,1778811424.0406182,2585.755715164,141,,,,,,,,,
,,,,49,4649,,1778811426.002703,2587.717882996,142,0.6190916299819946,0.3849778473377228,0.5839747190475464,0.849999189376831,0.14999987185001373,,,,
0.6401208639144897,0.6036101579666138,0.8500000238418579,0.15000000596046448,50,4699,0.39671629667282104,1778811452.7550042,2614.470018545,143,,,,,,,,,
,,,,50,4742,,1778811477.53152,2639.246738689,144,0.6164537668228149,0.39043959975242615,0.5825517177581787,0.849999189376831,0.14999987185001373,,,,
0.623393177986145,0.590233325958252,0.8500000238418579,0.15000000596046448,51,4749,0.40232717990875244,1778811481.2182229,2642.933357695,145,,,,,,,,,
0.5707401037216187,0.5424675345420837,0.8500000238418579,0.15000000596046448,51,4799,0.38225629925727844,1778811508.1461701,2669.861260211,146,,,,,,,,,
,,,,51,4835,,1778811529.1562333,2690.871498383,147,0.6164868474006653,0.3935057520866394,0.5830398201942444,0.849999189376831,0.14999987185001373,,,,
0.5681806206703186,0.5367176532745361,0.8500000238418579,0.15000000596046448,52,4849,0.3584271967411041,1778811536.6891754,2698.404239942,148,,,,,,,,,
0.6297937631607056,0.5902861952781677,0.8500000238418579,0.15000000596046448,52,4899,0.36640995740890503,1778811563.7990854,2725.514058371,149,,,,,,,,,
,,,,52,4928,,1778811581.1455007,2742.860978336,150,0.6098338961601257,0.38687679171562195,0.5763903856277466,0.849999189376831,0.14999987185001373,,,,
0.6188918352127075,0.5871344208717346,0.8500000238418579,0.15000000596046448,53,4949,0.4071757197380066,1778811592.4224064,2754.137460544,151,,,,,,,,,
0.541501522064209,0.5123921036720276,0.8500000238418579,0.15000000596046448,53,4999,0.3474385440349579,1778811619.1592395,2780.874331309,152,,,,,,,,,
,,,,53,5021,,1778811632.7829592,2794.498093842,153,0.5973981618881226,0.38465258479118347,0.565486490726471,0.849999189376831,0.14999987185001373,,,,
0.5358920097351074,0.5111913681030273,0.8500000238418579,0.15000000596046448,54,5049,0.3712209463119507,1778811647.7526898,2809.46790892,154,,,,,,,,,
0.6395695209503174,0.6075431108474731,0.8500000238418579,0.15000000596046448,54,5099,0.4260600805282593,1778811674.5628989,2836.277920713,155,,,,,,,,,
,,,,54,5114,,1778811684.5849543,2846.300104681,156,0.5970174670219421,0.38704830408096313,0.5655220746994019,0.849999189376831,0.14999987185001373,,,,
0.6127934455871582,0.5799452662467957,0.8500000238418579,0.15000000596046448,55,5149,0.3938053846359253,1778811703.4079945,2865.123117641,157,,,,,,,,,
0.6349186897277832,0.5994843244552612,0.8500000238418579,0.15000000596046448,55,5199,0.3986895680427551,1778811730.2799313,2891.995031455,158,,,,,,,,,
,,,,55,5207,,1778811736.2633271,2897.97853297,159,0.5757344365119934,0.37728890776634216,0.545967698097229,0.849999189376831,0.14999987185001373,,,,
0.5279719829559326,0.5007222890853882,0.8500000238418579,0.15000000596046448,56,5249,0.3463074564933777,1778811758.9173014,2920.632348874,160,,,,,,,,,
0.5404278635978699,0.5147393941879272,0.8500000238418579,0.15000000596046448,56,5299,0.3691710829734802,1778811785.5610998,2947.276296806,161,,,,,,,,,
,,,,56,5300,,1778811787.9339707,2949.649117916,162,0.5698115825653076,0.37412577867507935,0.5404586791992188,0.849999189376831,0.14999987185001373,,,,
0.5968669056892395,0.5674667358398438,0.8500000238418579,0.15000000596046448,57,5349,0.4008658230304718,1778811814.1833775,2975.898377826,163,,,,,,,,,
,,,,57,5393,,1778811839.8651152,3001.580406162,164,0.5738241672515869,0.38184085488319397,0.5450267195701599,0.849999189376831,0.14999987185001373,,,,
0.5528462529182434,0.525896430015564,0.8500000238418579,0.15000000596046448,58,5399,0.3731805086135864,1778811843.2668605,3004.981855277,165,,,,,,,,,
0.5604836344718933,0.533351480960846,0.8500000238418579,0.15000000596046448,58,5449,0.3796025216579437,1778811870.3534427,3032.068503863,166,,,,,,,,,
,,,,58,5486,,1778811892.0973728,3053.81281315,167,0.5613350868225098,0.3722292482852936,0.532969057559967,0.849999189376831,0.14999987185001373,,,,
0.5647181272506714,0.5350622534751892,0.8500000238418579,0.15000000596046448,59,5499,0.36701226234436035,1778811899.0701919,3060.785251886,168,,,,,,,,,
0.5358463525772095,0.5099111795425415,0.8500000238418579,0.15000000596046448,59,5549,0.3629450798034668,1778811925.9861777,3087.701273441,169,,,,,,,,,
,,,,59,5579,,1778811944.0387068,3105.753938587,170,0.5547099113464355,0.36932265758514404,0.5269019603729248,0.849999189376831,0.14999987185001373,,,,
0.5468969941139221,0.5193809270858765,0.8500000238418579,0.15000000596046448,60,5599,0.3634563684463501,1778811954.6525092,3116.367760863,171,,,,,,,,,
0.5231509208679199,0.4992734491825104,0.8500000238418579,0.15000000596046448,60,5649,0.3639676570892334,1778811981.5453382,3143.260425436,172,,,,,,,,,
,,,,60,5672,,1778811995.7722886,3157.487415982,173,0.5461041331291199,0.3627864122390747,0.5186065435409546,0.849999189376831,0.14999987185001373,,,,
0.4909629225730896,0.47092628479003906,0.8500000238418579,0.15000000596046448,61,5699,0.35738515853881836,1778812010.4644408,3172.17961595,174,,,,,,,,,
0.5745736360549927,0.546987771987915,0.8500000238418579,0.15000000596046448,61,5749,0.39066749811172485,1778812037.0957723,3198.810819536,175,,,,,,,,,
,,,,61,5765,,1778812047.4981406,3209.213340202,176,0.5354502201080322,0.36197715997695923,0.5094293355941772,0.849999189376831,0.14999987185001373,,,,
0.5292196273803711,0.5068832039833069,0.8500000238418579,0.15000000596046448,62,5799,0.3803098797798157,1778812066.3291476,3228.044156602,177,,,,,,,,,
0.5864414572715759,0.5548129677772522,0.8500000238418579,0.15000000596046448,62,5849,0.3755848705768585,1778812092.901224,3254.616493053,178,,,,,,,,,
,,,,62,5858,,1778812099.5803819,3261.295532887,179,0.5517779588699341,0.37991777062416077,0.5259990692138672,0.849999189376831,0.14999987185001373,,,,
0.5353714227676392,0.5106688141822815,0.8500000238418579,0.15000000596046448,63,5899,0.3706872761249542,1778812121.7194314,3283.434518332,180,,,,,,,,,
0.5470655560493469,0.522067666053772,0.8500000238418579,0.15000000596046448,63,5949,0.3804128170013428,1778812148.2218697,3309.936970703,181,,,,,,,,,
,,,,63,5951,,1778812151.1651804,3312.880308125,182,0.5428273677825928,0.372290700674057,0.5172470808029175,0.849999189376831,0.14999987185001373,,,,
0.5152236819267273,0.49154868721961975,0.8500000238418579,0.15000000596046448,64,5999,0.35739028453826904,1778812177.0741832,3338.789281809,183,,,,,,,,,
,,,,64,6044,,1778812202.8752217,3364.590451622,184,0.5319648385047913,0.3710354268550873,0.5078254342079163,0.849999189376831,0.14999987185001373,,,,
0.537401556968689,0.5135902166366577,0.8500000238418579,0.15000000596046448,65,6049,0.3786591589450836,1778812205.478952,3367.193976352,185,,,,,,,,,
0.4777653217315674,0.457486629486084,0.8500000238418579,0.15000000596046448,65,6099,0.34257394075393677,1778812232.6435013,3394.358584679,186,,,,,,,,,
,,,,65,6137,,1778812254.612165,3416.327987617,187,0.5338264107704163,0.3698015511035919,0.5092226266860962,0.849999189376831,0.14999987185001373,,,,
0.5431900024414062,0.5174456834793091,0.8500000238418579,0.15000000596046448,66,6149,0.371561199426651,1778812261.0988472,3422.813889863,188,,,,,,,,,
0.5321921110153198,0.5064396858215332,0.8500000238418579,0.15000000596046448,66,6199,0.3605089485645294,1778812287.9175808,3449.632623431,189,,,,,,,,,
,,,,66,6230,,1778812306.4583826,3468.17350454,190,0.5283164978027344,0.3678644299507141,0.5042486190795898,0.849999189376831,0.14999987185001373,,,,
0.5869208574295044,0.5599820613861084,0.8500000238418579,0.15000000596046448,67,6249,0.40732884407043457,1778812316.6088212,3478.324082657,191,,,,,,,,,
0.51801598072052,0.4914674758911133,0.8500000238418579,0.15000000596046448,67,6299,0.34102582931518555,1778812343.5066953,3505.221754036,192,,,,,,,,,
,,,,67,6323,,1778812357.9186006,3519.633720726,193,0.5263477563858032,0.3732154965400696,0.5033779144287109,0.849999189376831,0.14999987185001373,,,,
0.571624755859375,0.5471552610397339,0.8500000238418579,0.15000000596046448,68,6349,0.4084945321083069,1778812371.945698,3533.660711307,194,,,,,,,,,
0.5362735986709595,0.5070027709007263,0.8500000238418579,0.15000000596046448,68,6399,0.3411347270011902,1778812398.7358634,3560.451037935,195,,,,,,,,,
,,,,68,6416,,1778812409.5103045,3571.225484829,196,0.527778148651123,0.3694201707839966,0.5040244460105896,0.849999189376831,0.14999987185001373,,,,
0.4887523651123047,0.4657813310623169,0.8500000238418579,0.15000000596046448,69,6449,0.3356121778488159,1778812427.2325037,3588.947563291,197,,,,,,,,,
0.5038763880729675,0.4817207455635071,0.8500000238418579,0.15000000596046448,69,6499,0.3561719059944153,1778812453.99595,3615.711142577,198,,,,,,,,,
,,,,69,6509,,1778812461.362402,3623.077514082,199,0.5129815340042114,0.36500635743141174,0.4907850921154022,0.849999189376831,0.14999987185001373,,,,
0.46630850434303284,0.44649264216423035,0.8500000238418579,0.15000000596046448,70,6549,0.3342026472091675,1778812482.914523,3644.629575111,200,,,,,,,,,
0.4841517210006714,0.46477630734443665,0.8500000238418579,0.15000000596046448,70,6599,0.3549821376800537,1778812509.8250978,3671.540335183,201,,,,,,,,,
,,,,70,6602,,1778812513.2105045,3674.925609639,202,0.5087758302688599,0.361670583486557,0.48671016097068787,0.849999189376831,0.14999987185001373,,,,
0.5527709126472473,0.5272098183631897,0.8500000238418579,0.15000000596046448,71,6649,0.38236361742019653,1778812538.7303116,3700.445368481,203,,,,,,,,,
,,,,71,6695,,1778812565.1186419,3726.833942187,204,0.5018669366836548,0.35709574818611145,0.4801512360572815,0.849999189376831,0.14999987185001373,,,,
0.5282455682754517,0.5063954591751099,0.8500000238418579,0.15000000596046448,72,6699,0.38257819414138794,1778812567.4403386,3729.155424283,205,,,,,,,,,
0.48090678453445435,0.4605637192726135,0.8500000238418579,0.15000000596046448,72,6749,0.34528636932373047,1778812594.3230636,3756.038132583,206,,,,,,,,,
,,,,72,6788,,1778812617.2416518,3778.956791229,207,0.5027612447738647,0.3624114990234375,0.48170870542526245,0.849999189376831,0.14999987185001373,,,,
0.5339953899383545,0.5083416700363159,0.8500000238418579,0.15000000596046448,73,6799,0.3629705607891083,1778812623.2345624,3784.950034037,208,,,,,,,,,
0.4619985520839691,0.45014655590057373,0.8500000238418579,0.15000000596046448,73,6849,0.38298511505126953,1778812649.9102807,3811.625349805,209,,,,,,,,,
,,,,73,6881,,1778812668.8852682,3830.600423337,210,0.49798017740249634,0.36271339654922485,0.4776900112628937,0.849999189376831,0.14999987185001373,,,,
0.49190181493759155,0.4714391231536865,0.8500000238418579,0.15000000596046448,74,6899,0.35548388957977295,1778812678.7006376,3840.415674071,211,,,,,,,,,
0.4938759505748749,0.4741474688053131,0.8500000238418579,0.15000000596046448,74,6949,0.36235278844833374,1778812705.298142,3867.013285045,212,,,,,,,,,
,,,,74,6974,,1778812720.5014324,3882.21655695,213,0.4873051047325134,0.35702013969421387,0.467762291431427,0.849999189376831,0.14999987185001373,,,,
0.5529477596282959,0.5245877504348755,0.8500000238418579,0.15000000596046448,75,6999,0.36388087272644043,1778812733.9648113,3895.679841389,214,,,,,,,,,
0.47131553292274475,0.4543827474117279,0.8500000238418579,0.15000000596046448,75,7049,0.3584301471710205,1778812760.6888816,3922.40401811,215,,,,,,,,,
,,,,75,7067,,1778812772.0356104,3933.750745128,216,0.4906262755393982,0.36343589425086975,0.47154784202575684,0.849999189376831,0.14999987185001373,,,,
0.523624062538147,0.5040022134780884,0.8500000238418579,0.15000000596046448,76,7099,0.3928115963935852,1778812789.2769926,3950.992024368,217,,,,,,,,,
0.5005760192871094,0.48165255784988403,0.8500000238418579,0.15000000596046448,76,7149,0.37441951036453247,1778812816.1683788,3977.88355142,218,,,,,,,,,
,,,,76,7160,,1778812823.8953059,3985.610447153,219,0.47385770082473755,0.3510686755180359,0.4554395377635956,0.849999189376831,0.14999987185001373,,,,
0.4651663899421692,0.4463999271392822,0.8500000238418579,0.15000000596046448,77,7199,0.3400565981864929,1778812845.0631413,4006.778134048,220,,,,,,,,,
0.5103350877761841,0.4880353808403015,0.8500000238418579,0.15000000596046448,77,7249,0.36167025566101074,1778812871.9362,4033.651428183,221,,,,,,,,,
,,,,77,7253,,1778812876.0248737,4037.739943781,222,0.4875038266181946,0.3581421971321106,0.46809956431388855,0.849999189376831,0.14999987185001373,,,,
0.4687478542327881,0.451627254486084,0.8500000238418579,0.15000000596046448,78,7299,0.354610413312912,1778812901.0730388,4062.788065096,223,,,,,,,,,
,,,,78,7346,,1778812928.2395468,4089.954747555,224,0.478161096572876,0.3544873893260956,0.4596102237701416,0.849999189376831,0.14999987185001373,,,,
0.46973705291748047,0.4537206292152405,0.8500000238418579,0.15000000596046448,79,7349,0.3629608154296875,1778812929.8144841,4091.529537516,225,,,,,,,,,
0.4491426646709442,0.4311419427394867,0.8500000238418579,0.15000000596046448,79,7399,0.32913777232170105,1778812957.0130677,4118.728218974,226,,,,,,,,,
,,,,79,7439,,1778812980.2362425,4141.951449448,227,0.47807759046554565,0.36083751916885376,0.4604915976524353,0.849999189376831,0.14999987185001373,,,,
0.46903765201568604,0.45158788561820984,0.8500000238418579,0.15000000596046448,80,7449,0.35270562767982483,1778812985.502274,4147.217296226,228,,,,,,,,,
0.4647669196128845,0.4500541687011719,0.8500000238418579,0.15000000596046448,80,7499,0.36668169498443604,1778813012.7410898,4174.456304888,229,,,,,,,,,
,,,,80,7532,,1778813032.2715938,4193.986751036,230,0.4706752300262451,0.3544788062572479,0.45324572920799255,0.849999189376831,0.14999987185001373,,,,
0.4489126205444336,0.43227314949035645,0.8500000238418579,0.15000000596046448,81,7549,0.3379828631877899,1778813041.3558328,4203.070967837,231,,,,,,,,,
0.43568116426467896,0.42012834548950195,0.8500000238418579,0.15000000596046448,81,7599,0.33199572563171387,1778813068.250013,4229.965083905,232,,,,,,,,,
,,,,81,7625,,1778813083.5775547,4245.29272091,233,0.45857465267181396,0.34872952103614807,0.442097932100296,0.849999189376831,0.14999987185001373,,,,
0.4799438714981079,0.46438053250312805,0.8500000238418579,0.15000000596046448,82,7649,0.376188188791275,1778813096.4942307,4258.209277376,234,,,,,,,,,
0.4914228320121765,0.47308677434921265,0.8500000238418579,0.15000000596046448,82,7699,0.3691824972629547,1778813123.195974,4284.911179239,235,,,,,,,,,
,,,,82,7718,,1778813135.2905076,4297.005692118,236,0.46456247568130493,0.35591161251068115,0.4482648968696594,0.849999189376831,0.14999987185001373,,,,
0.5026305913925171,0.4806361198425293,0.8500000238418579,0.15000000596046448,83,7749,0.3560006320476532,1778813152.2875926,4314.002644971,237,,,,,,,,,
0.47965291142463684,0.4605618715286255,0.8500000238418579,0.15000000596046448,83,7799,0.3523792624473572,1778813179.2016158,4340.916842903,238,,,,,,,,,
,,,,83,7811,,1778813187.360419,4349.075610114,239,0.4595218896865845,0.3515584468841553,0.4433273375034332,0.849999189376831,0.14999987185001373,,,,
0.5003639459609985,0.4805119037628174,0.8500000238418579,0.15000000596046448,84,7849,0.3680169880390167,1778813207.8124788,4369.527557654,240,,,,,,,,,
0.4678365886211395,0.45102232694625854,0.8500000238418579,0.15000000596046448,84,7899,0.3557414710521698,1778813234.389209,4396.104214591,241,,,,,,,,,
,,,,84,7904,,1778813239.1179912,4400.83345495,242,0.452976793050766,0.3485698401927948,0.4373158812522888,0.849999189376831,0.14999987185001373,,,,
0.4270506203174591,0.41434380412101746,0.8500000238418579,0.15000000596046448,85,7949,0.3423384130001068,1778813263.3896387,4425.104644591,243,,,,,,,,,
,,,,85,7997,,1778813290.64617,4452.361316545,244,0.45564523339271545,0.35314661264419556,0.44027048349380493,0.849999189376831,0.14999987185001373,,,,
0.4522104859352112,0.43642210960388184,0.8500000238418579,0.15000000596046448,86,7999,0.34695473313331604,1778813291.768848,4453.483868116,245,,,,,,,,,
0.48981142044067383,0.4716208577156067,0.8500000238418579,0.15000000596046448,86,8049,0.36854088306427,1778813318.6482978,4480.363407531,246,,,,,,,,,
,,,,86,8090,,1778813342.4740658,4504.189183175,247,0.4558461606502533,0.35586017370224,0.44084832072257996,0.849999189376831,0.14999987185001373,,,,
0.47805148363113403,0.45772701501846313,0.8500000238418579,0.15000000596046448,87,8099,0.34255504608154297,1778813347.2435198,4508.958555698,248,,,,,,,,,
0.4017752408981323,0.3918091654777527,0.8500000238418579,0.15000000596046448,87,8149,0.33533480763435364,1778813374.1282165,4535.843359011,249,,,,,,,,,
,,,,87,8183,,1778813393.949261,4555.664488463,250,0.4435240626335144,0.34624746441841125,0.4289326071739197,0.849999189376831,0.14999987185001373,,,,
0.48170584440231323,0.46363526582717896,0.8500000238418579,0.15000000596046448,88,8199,0.3612353801727295,1778813402.5339043,4564.249003597,251,,,,,,,,,
0.4428408443927765,0.4287347197532654,0.8500000238418579,0.15000000596046448,88,8249,0.34880006313323975,1778813429.4886498,4591.203781005,252,,,,,,,,,
,,,,88,8276,,1778813445.6629698,4607.378041637,253,0.4347360134124756,0.3356682062149048,0.4198758006095886,0.849999189376831,0.14999987185001373,,,,
0.4328359067440033,0.4188128113746643,0.8500000238418579,0.15000000596046448,89,8299,0.3393484055995941,1778813458.1555502,4619.870556665,254,,,,,,,,,
0.47070425748825073,0.4529484808444977,0.8500000238418579,0.15000000596046448,89,8349,0.35233229398727417,1778813485.154933,4646.870346314,255,,,,,,,,,
,,,,89,8369,,1778813497.8331974,4659.548425923,256,0.43463170528411865,0.33997511863708496,0.42043328285217285,0.849999189376831,0.14999987185001373,,,,
0.4335574805736542,0.4210711121559143,0.8500000238418579,0.15000000596046448,90,8399,0.3503149151802063,1778813513.902431,4675.617548459,257,,,,,,,,,
0.3785153031349182,0.3676564693450928,0.8500000238418579,0.15000000596046448,90,8449,0.3061230182647705,1778813540.5334008,4702.248466353,258,,,,,,,,,
,,,,90,8462,,1778813549.3733604,4711.088737488,259,0.4366484582424164,0.3471500873565674,0.4232236444950104,0.849999189376831,0.14999987185001373,,,,
0.4170483350753784,0.40582290291786194,0.8500000238418579,0.15000000596046448,91,8499,0.34221211075782776,1778813569.3262212,4731.041274558,260,,,,,,,,,
0.38953739404678345,0.3818604052066803,0.8500000238418579,0.15000000596046448,91,8549,0.3383573889732361,1778813596.1282098,4757.843307663,261,,,,,,,,,
,,,,91,8555,,1778813601.1678262,4762.882924663,262,0.42932528257369995,0.3406423032283783,0.41602280735969543,0.849999189376831,0.14999987185001373,,,,
0.43096020817756653,0.41987234354019165,0.8500000238418579,0.15000000596046448,92,8599,0.3570409119129181,1778813625.0399375,4786.755113818,263,,,,,,,,,
,,,,92,8648,,1778813653.014516,4814.729687616,264,0.4375031292438507,0.3497661352157593,0.4243427813053131,0.849999189376831,0.14999987185001373,,,,
0.4558534026145935,0.43957996368408203,0.8500000238418579,0.15000000596046448,93,8649,0.34736377000808716,1778813653.552348,4815.267381281,265,,,,,,,,,
0.4233253002166748,0.4088141620159149,0.8500000238418579,0.15000000596046448,93,8699,0.3265843093395233,1778813680.447031,4842.1621402,266,,,,,,,,,
,,,,93,8741,,1778813704.6166518,4866.331814831,267,0.43006762862205505,0.34295982122421265,0.4170014560222626,0.849999189376831,0.14999987185001373,,,,
0.39385032653808594,0.3840543031692505,0.8500000238418579,0.15000000596046448,94,8749,0.32854345440864563,1778813709.04138,4870.756482851,268,,,,,,,,,
0.4286864697933197,0.41673800349235535,0.8500000238418579,0.15000000596046448,94,8799,0.34902989864349365,1778813735.865097,4897.580154026,269,,,,,,,,,
,,,,94,8834,,1778813756.3996694,4918.114794522,270,0.4218570291996002,0.33956781029701233,0.40951377153396606,0.849999189376831,0.14999987185001373,,,,
0.38032427430152893,0.3737284243106842,0.8500000238418579,0.15000000596046448,95,8849,0.3363517224788666,1778813764.427903,4926.142927207,271,,,,,,,,,
0.41961532831192017,0.4070529341697693,0.8500000238418579,0.15000000596046448,95,8899,0.33586597442626953,1778813791.159053,4952.874322121,272,,,,,,,,,
,,,,95,8927,,1778813808.0746307,4969.789688018,273,0.4098851680755615,0.3299030065536499,0.39788782596588135,0.849999189376831,0.14999987185001373,,,,
0.4283905327320099,0.4163074195384979,0.8500000238418579,0.15000000596046448,96,8949,0.34783637523651123,1778813819.923368,4981.638409159,274,,,,,,,,,
0.4617106318473816,0.44775962829589844,0.8500000238418579,0.15000000596046448,96,8999,0.3687038719654083,1778813846.9623487,5008.677365328,275,,,,,,,,,
,,,,96,9020,,1778813860.1872761,5021.902581509,276,0.42529425024986267,0.3491308093070984,0.41386961936950684,0.849999189376831,0.14999987185001373,,,,
0.43078547716140747,0.41733402013778687,0.8500000238418579,0.15000000596046448,97,9049,0.341109037399292,1778813875.860715,5037.575685652,277,,,,,,,,,
0.3900253176689148,0.38000595569610596,0.8500000238418579,0.15000000596046448,97,9099,0.3232293128967285,1778813902.416947,5064.132005925,278,,,,,,,,,
,,,,97,9113,,1778813911.7844777,5073.499589455,279,0.4191048741340637,0.33667904138565063,0.40674102306365967,0.849999189376831,0.14999987185001373,,,,
0.397758424282074,0.3872072696685791,0.8500000238418579,0.15000000596046448,98,9149,0.3274173438549042,1778813931.290211,5093.005451566,280,,,,,,,,,
0.4191663861274719,0.40812352299690247,0.8500000238418579,0.15000000596046448,98,9199,0.34554722905158997,1778813957.6881304,5119.403138599,281,,,,,,,,,
,,,,98,9206,,1778813963.4064958,5125.121568257,282,0.4116840064525604,0.33490505814552307,0.4001670777797699,0.849999189376831,0.14999987185001373,,,,
0.41003793478012085,0.39716261625289917,0.8500000238418579,0.15000000596046448,99,9249,0.32420241832733154,1778813986.4536881,5148.168816332,283,,,,,,,,,
0.4137955605983734,0.4041663110256195,0.8500000238418579,0.15000000596046448,99,9299,0.3496004641056061,1778814013.2839596,5174.999053762,284,,,,,,,,,
,,,,99,9299,,1778814015.1056292,5176.820790589,285,0.41312089562416077,0.3424011468887329,0.4025130271911621,0.849999189376831,0.14999987185001373,,,,
0.40304097533226013,0.3972368836402893,0.8500000238418579,0.15000000596046448,100,9349,0.364346981048584,1778814041.8411055,5203.556589633,286,,,,,,,,,
,,,,100,9392,,1778814066.70384,5228.418992844,287,0.42297056317329407,0.3495556116104126,0.4119583070278168,0.849999189376831,0.14999987185001373,,,,
0.39772409200668335,0.3861774206161499,0.8500000238418579,0.15000000596046448,101,9399,0.3207462430000305,1778814070.3813648,5232.096355798,288,,,,,,,,,
0.41251009702682495,0.40249860286712646,0.8500000238418579,0.15000000596046448,101,9449,0.3457667827606201,1778814097.3308864,5259.046005447,289,,,,,,,,,
,,,,101,9485,,1778814118.2322373,5279.947406471,290,0.40567639470100403,0.33834540843963623,0.3955767750740051,0.849999189376831,0.14999987185001373,,,,
0.4047001004219055,0.39296722412109375,0.8500000238418579,0.15000000596046448,102,9499,0.32648077607154846,1778814125.6810455,5287.396143965,291,,,,,,,,,
0.4168144762516022,0.4062834084033966,0.8500000238418579,0.15000000596046448,102,9549,0.34660735726356506,1778814152.6769228,5314.391941856,292,,,,,,,,,
,,,,102,9578,,1778814170.1443834,5331.859650666,293,0.4048305153846741,0.3340210020542145,0.394209086894989,0.849999189376831,0.14999987185001373,,,,
0.42469048500061035,0.41318774223327637,0.8500000238418579,0.15000000596046448,103,9599,0.34800541400909424,1778814181.3632433,5343.078302652,294,,,,,,,,,
0.3934122920036316,0.3832750618457794,0.8500000238418579,0.15000000596046448,103,9649,0.3258307874202728,1778814208.1254795,5369.840462216,295,,,,,,,,,
,,,,103,9671,,1778814221.6767347,5383.392005204,296,0.4008527398109436,0.3325755000114441,0.3906111419200897,0.849999189376831,0.14999987185001373,,,,
0.3786777853965759,0.37265992164611816,0.8500000238418579,0.15000000596046448,104,9699,0.3385586440563202,1778814236.8057747,5398.520853605,297,,,,,,,,,
0.43286222219467163,0.42126476764678955,0.8500000238418579,0.15000000596046448,104,9749,0.3555458188056946,1778814263.468624,5425.183713708,298,,,,,,,,,
,,,,104,9764,,1778814273.2306557,5434.945809447,299,0.4085301160812378,0.34293225407600403,0.39869067072868347,0.849999189376831,0.14999987185001373,,,,
0.41287267208099365,0.4039718210697174,0.8500000238418579,0.15000000596046448,105,9799,0.35353362560272217,1778814292.3592446,5454.074403617,300,,,,,,,,,
0.3690551519393921,0.36230790615081787,0.8500000238418579,0.15000000596046448,105,9849,0.3240733742713928,1778814319.0359442,5480.750958253,301,,,,,,,,,
,,,,105,9857,,1778814325.2174768,5486.932604315,302,0.4008152186870575,0.3361315131187439,0.39111262559890747,0.849999189376831,0.14999987185001373,,,,
0.37026265263557434,0.35878461599349976,0.8500000238418579,0.15000000596046448,106,9899,0.293742299079895,1778814348.0737712,5509.788910785,303,,,,,,,,,
0.373624712228775,0.36518579721450806,0.8500000238418579,0.15000000596046448,106,9949,0.31736505031585693,1778814374.8867786,5536.601848309,304,,,,,,,,,
,,,,106,9950,,1778814377.2470982,5538.96224927,305,0.3881177306175232,0.32108670473098755,0.37806302309036255,0.849999189376831,0.14999987185001373,,,,
0.3912092447280884,0.37968239188194275,0.8500000238418579,0.15000000596046448,107,9999,0.31436336040496826,1778814403.5568762,5565.27193734,306,,,,,,,,,
,,,,107,10043,,1778814428.8808653,5590.596171884,307,0.38379648327827454,0.3213708996772766,0.37443259358406067,0.849999189376831,0.14999987185001373,,,,
0.4082685112953186,0.3985033929347992,0.8500000238418579,0.15000000596046448,108,10049,0.34316763281822205,1778814432.2644892,5593.979551665,308,,,,,,,,,
0.3683985769748688,0.3616129159927368,0.8500000238418579,0.15000000596046448,108,10099,0.32316064834594727,1778814459.0394738,5620.754545384,309,,,,,,,,,
,,,,108,10136,,1778814480.7368767,5642.452194309,310,0.38783887028694153,0.32788899540901184,0.3788464069366455,0.849999189376831,0.14999987185001373,,,,
0.3427984118461609,0.33898910880088806,0.8500000238418579,0.15000000596046448,109,10149,0.3174031376838684,1778814487.7020621,5649.417040584,311,,,,,,,,,
0.3719668984413147,0.36323848366737366,0.8500000238418579,0.15000000596046448,109,10199,0.3137773275375366,1778814514.4949448,5676.209947332,312,,,,,,,,,
,,,,109,10229,,1778814532.51569,5694.231006043,313,0.38945767283439636,0.33394619822502136,0.38113105297088623,0.849999189376831,0.14999987185001373,,,,
0.3837273120880127,0.37465694546699524,0.8500000238418579,0.15000000596046448,110,10249,0.32325810194015503,1778814543.0126076,5704.727601703,314,,,,,,,,,
0.4362609088420868,0.4194655418395996,0.8500000238418579,0.15000000596046448,110,10299,0.32429182529449463,1778814569.869629,5731.58467489,315,,,,,,,,,
,,,,110,10322,,1778814583.8473856,5745.562511409,316,0.38912996649742126,0.3300530016422272,0.3802684545516968,0.849999189376831,0.14999987185001373,,,,
0.39374029636383057,0.3839729428291321,0.8500000238418579,0.15000000596046448,111,10349,0.3286244571208954,1778814598.3851166,5760.100258994,317,,,,,,,,,
0.36943262815475464,0.36274585127830505,0.8500000238418579,0.15000000596046448,111,10399,0.3248540759086609,1778814625.1814075,5786.896477052,318,,,,,,,,,
,,,,111,10415,,1778814635.630138,5797.345304468,319,0.3815305233001709,0.3222771883010864,0.37264254689216614,0.849999189376831,0.14999987185001373,,,,
0.40965548157691956,0.39886072278022766,0.8500000238418579,0.15000000596046448,112,10449,0.3376903533935547,1778814654.2522213,5815.967656447,320,,,,,,,,,
0.4112187922000885,0.3981889486312866,0.8500000238418579,0.15000000596046448,112,10499,0.3243531882762909,1778814681.0117528,5842.726757997,321,,,,,,,,,
,,,,112,10508,,1778814687.8802238,5849.595410154,322,0.38893160223960876,0.3353394865989685,0.3808927536010742,0.849999189376831,0.14999987185001373,,,,
0.37977054715156555,0.3735257387161255,0.8500000238418579,0.15000000596046448,113,10549,0.3381383717060089,1778814709.9417021,5871.656763896,323,,,,,,,,,
0.40928274393081665,0.3994184732437134,0.8500000238418579,0.15000000596046448,113,10599,0.34352076053619385,1778814736.5626228,5898.277712245,324,,,,,,,,,
,,,,113,10601,,1778814739.4296114,5901.144748853,325,0.3903783857822418,0.33819276094436646,0.3825507164001465,0.849999189376831,0.14999987185001373,,,,
0.3744480311870575,0.3672352433204651,0.8500000238418579,0.15000000596046448,114,10649,0.3263627290725708,1778814765.354148,5927.069166199,326,,,,,,,,,
,,,,114,10694,,1778814791.3405416,5953.055755884,327,0.3892592489719391,0.33894824981689453,0.38171258568763733,0.849999189376831,0.14999987185001373,,,,
0.41568735241889954,0.406186044216156,0.8500000238418579,0.15000000596046448,115,10699,0.35234519839286804,1778814793.9654737,5955.680487443,328,,,,,,,,,
0.3753502368927002,0.37128517031669617,0.8500000238418579,0.15000000596046448,115,10749,0.34824973344802856,1778814820.8568656,5982.571930012,329,,,,,,,,,
,,,,115,10787,,1778814842.802936,6004.518201411,330,0.3828742802143097,0.330640971660614,0.37503933906555176,0.849999189376831,0.14999987185001373,,,,
0.36819887161254883,0.363526850938797,0.8500000238418579,0.15000000596046448,116,10799,0.33705198764801025,1778814849.2591124,6010.974146073,331,,,,,,,,,
0.3792937397956848,0.36986327171325684,0.8500000238418579,0.15000000596046448,116,10849,0.3164238929748535,1778814875.8315158,6037.546613348,332,,,,,,,,,
,,,,116,10880,,1778814894.3834035,6056.098561564,333,0.3763897120952606,0.3264392018318176,0.36889714002609253,0.849999189376831,0.14999987185001373,,,,
0.36086294054985046,0.35510560870170593,0.8500000238418579,0.15000000596046448,117,10899,0.32248055934906006,1778814904.4666407,6066.181801092,334,,,,,,,,,
0.34873783588409424,0.344995379447937,0.8500000238418579,0.15000000596046448,117,10949,0.323788046836853,1778814931.6046062,6093.319618864,335,,,,,,,,,
,,,,117,10973,,1778814946.3080492,6108.023246629,336,0.37001797556877136,0.32309868931770325,0.3629799783229828,0.849999189376831,0.14999987185001373,,,,
0.375338613986969,0.36673086881637573,0.8500000238418579,0.15000000596046448,118,10999,0.31795358657836914,1778814960.326001,6122.041262465,337,,,,,,,,,
0.38152366876602173,0.37143465876579285,0.8500000238418579,0.15000000596046448,118,11049,0.31426340341567993,1778814987.048203,6148.763255282,338,,,,,,,,,
,,,,118,11066,,1778814997.8416142,6159.556763085,339,0.37679848074913025,0.32694491744041443,0.3693206012248993,0.849999189376831,0.14999987185001373,,,,
0.33886879682540894,0.3343186676502228,0.8500000238418579,0.15000000596046448,119,11099,0.3085344433784485,1778815015.4444036,6177.159446471,340,,,,,,,,,
0.35492008924484253,0.3482436537742615,0.8500000238418579,0.15000000596046448,119,11149,0.31041038036346436,1778815042.0403526,6203.755441103,341,,,,,,,,,
,,,,119,11159,,1778815049.279966,6210.995049714,342,0.37727609276771545,0.33055537939071655,0.37026795744895935,0.849999189376831,0.14999987185001373,,,,
0.3790584206581116,0.36935800313949585,0.8500000238418579,0.15000000596046448,120,11199,0.3143887519836426,1778815070.6594868,6232.37450185,343,,,,,,,,,
0.3968331217765808,0.3857748508453369,0.8500000238418579,0.15000000596046448,120,11249,0.32311129570007324,1778815097.5665069,6259.281704736,344,,,,,,,,,
,,,,120,11252,,1778815101.0749066,6262.790044003,345,0.37506020069122314,0.3311772048473358,0.36847782135009766,0.849999189376831,0.14999987185001373,,,,
0.3517099618911743,0.3466837406158447,0.8500000238418579,0.15000000596046448,121,11299,0.31820178031921387,1778815126.1114817,6287.826532162,346,,,,,,,,,
,,,,121,11345,,1778815152.5883093,6314.303643325,347,0.37322670221328735,0.3326539993286133,0.3671407103538513,0.849999189376831,0.14999987185001373,,,,
0.3658590316772461,0.36222895979881287,0.8500000238418579,0.15000000596046448,122,11349,0.3416585624217987,1778815154.899046,6316.614110002,348,,,,,,,,,
0.3873850107192993,0.378915011882782,0.8500000238418579,0.15000000596046448,122,11399,0.33091819286346436,1778815181.5854366,6343.300481234,349,,,,,,,,,
,,,,122,11438,,1778815204.3422444,6366.05798214,350,0.3717697858810425,0.32880091667175293,0.3653244078159332,0.849999189376831,0.14999987185001373,,,,
0.36119866371154785,0.35628974437713623,0.8500000238418579,0.15000000596046448,123,11449,0.328472375869751,1778815210.2801454,6371.995201576,351,,,,,,,,,
0.3385472893714905,0.33302199840545654,0.8500000238418579,0.15000000596046448,123,11499,0.3017120063304901,1778815237.4212277,6399.136276248,352,,,,,,,,,
,,,,123,11531,,1778815256.2422924,6417.957448108,353,0.34799742698669434,0.30986565351486206,0.3422776162624359,0.849999189376831,0.14999987185001373,,,,
0.395651638507843,0.3860349655151367,0.8500000238418579,0.15000000596046448,124,11549,0.33154040575027466,1778815266.0094032,6427.724723873,354,,,,,,,,,
0.36712324619293213,0.35973602533340454,0.8500000238418579,0.15000000596046448,124,11599,0.3178751468658447,1778815293.0453258,6454.760422284,355,,,,,,,,,
,,,,124,11624,,1778815308.287837,6470.002974673,356,0.35484063625335693,0.3153074085712433,0.3489106595516205,0.849999189376831,0.14999987185001373,,,,
0.3464112877845764,0.3429581820964813,0.8500000238418579,0.15000000596046448,125,11649,0.32339057326316833,1778815321.478601,6483.193664941,357,,,,,,,,,
0.3674626350402832,0.3624449372291565,0.8500000238418579,0.15000000596046448,125,11699,0.3340113162994385,1778815348.4263675,6510.141547922,358,,,,,,,,,
,,,,125,11717,,1778815359.924498,6521.639640023,359,0.3527899384498596,0.317324697971344,0.34747010469436646,0.849999189376831,0.14999987185001373,,,,
0.3615240454673767,0.3533869981765747,0.8500000238418579,0.15000000596046448,126,11749,0.30727705359458923,1778815377.0815144,6538.796558672,360,,,,,,,,,
0.3569234013557434,0.35294824838638306,0.8500000238418579,0.15000000596046448,126,11799,0.33042240142822266,1778815403.8636484,6565.578886787,361,,,,,,,,,
,,,,126,11810,,1778815411.684063,6573.39919357,362,0.352255254983902,0.3142801821231842,0.34655892848968506,0.849999189376831,0.14999987185001373,,,,
0.3393878936767578,0.3372476100921631,0.8500000238418579,0.15000000596046448,127,11849,0.3251192271709442,1778815432.6182952,6594.333337114,363,,,,,,,,,
0.3444247245788574,0.33994370698928833,0.8500000238418579,0.15000000596046448,127,11899,0.3145511746406555,1778815459.3901315,6621.10526087,364,,,,,,,,,
,,,,127,11903,,1778815463.3066692,6625.021812725,365,0.35806533694267273,0.3210338056087494,0.35251060128211975,0.849999189376831,0.14999987185001373,,,,
0.3079184591770172,0.30531859397888184,0.8500000238418579,0.15000000596046448,128,11949,0.2905859649181366,1778815487.821354,6649.536401646,366,,,,,,,,,
,,,,128,11996,,1778815514.8984873,6676.613716778,367,0.3432531952857971,0.3085916042327881,0.3380539119243622,0.849999189376831,0.14999987185001373,,,,
0.32460635900497437,0.3192231059074402,0.8500000238418579,0.15000000596046448,129,11999,0.28871792554855347,1778815516.4749541,6678.189974829,368,,,,,,,,,
0.3635127544403076,0.3589986562728882,0.8500000238418579,0.15000000596046448,129,12049,0.33341869711875916,1778815543.47889,6705.193933593,369,,,,,,,,,
,,,,129,12089,,1778815566.6810694,6728.396453585,370,0.34536734223365784,0.3121013641357422,0.3403775095939636,0.849999189376831,0.14999987185001373,,,,
0.35611492395401,0.3503335416316986,0.8500000238418579,0.15000000596046448,130,12099,0.31757235527038574,1778815571.8798342,6733.594822562,371,,,,,,,,,
0.34392255544662476,0.33875492215156555,0.8500000238418579,0.15000000596046448,130,12149,0.3094717562198639,1778815598.9008474,6760.616017506,372,,,,,,,,,
,,,,130,12182,,1778815618.20367,6779.91891373,373,0.3471660017967224,0.311134934425354,0.34176135063171387,0.849999189376831,0.14999987185001373,,,,
0.33067750930786133,0.3295050859451294,0.8500000238418579,0.15000000596046448,131,12199,0.32286131381988525,1778815627.3523023,6789.067408124,374,,,,,,,,,
0.3330526053905487,0.3284302353858948,0.8500000238418579,0.15000000596046448,131,12249,0.30223673582077026,1778815654.520478,6816.235582856,375,,,,,,,,,
,,,,131,12275,,1778815670.028983,6831.744057379,376,0.3469430208206177,0.3143331706523895,0.34205150604248047,0.849999189376831,0.14999987185001373,,,,
0.3306261897087097,0.32819923758506775,0.8500000238418579,0.15000000596046448,132,12299,0.3144465386867523,1778815683.0530062,6844.768034952,377,,,,,,,,,
0.355480432510376,0.34662309288978577,0.8500000238418579,0.15000000596046448,132,12349,0.29643139243125916,1778815709.8483145,6871.563503458,378,,,,,,,,,
,,,,132,12368,,1778815722.0342064,6883.749316031,379,0.34360870718955994,0.3107445240020752,0.3386791944503784,0.849999189376831,0.14999987185001373,,,,
0.34736108779907227,0.34174644947052,0.8500000238418579,0.15000000596046448,133,12399,0.30993014574050903,1778815738.7119489,6900.426969905,380,,,,,,,,,
0.37899714708328247,0.37238121032714844,0.8500000238418579,0.15000000596046448,133,12449,0.3348909020423889,1778815765.5570693,6927.27232517,381,,,,,,,,,
,,,,133,12461,,1778815773.5357175,6935.250913121,382,0.3519936800003052,0.3224802613258362,0.3475666344165802,0.849999189376831,0.14999987185001373,,,,
0.32571542263031006,0.3215996026992798,0.8500000238418579,0.15000000596046448,134,12499,0.2982766032218933,1778815794.2205205,6955.935589578,383,,,,,,,,,
0.3541618585586548,0.3515093922615051,0.8500000238418579,0.15000000596046448,134,12549,0.33647871017456055,1778815820.908098,6982.623562817,384,,,,,,,,,
,,,,134,12554,,1778815825.5636349,6987.278780418,385,0.34661218523979187,0.3175400495529175,0.3422512710094452,0.849999189376831,0.14999987185001373,,,,
0.33114004135131836,0.32708603143692017,0.8500000238418579,0.15000000596046448,135,12599,0.30411332845687866,1778815849.6542835,7011.36929704,386,,,,,,,,,
,,,,135,12647,,1778815877.0184817,7038.733588989,387,0.34472164511680603,0.3147648274898529,0.3402281701564789,0.849999189376831,0.14999987185001373,,,,
0.3569067418575287,0.35125401616096497,0.8500000238418579,0.15000000596046448,136,12649,0.3192217946052551,1778815878.0903687,7039.805478695,388,,,,,,,,,
0.343975692987442,0.3414734899997711,0.8500000238418579,0.15000000596046448,136,12699,0.32729417085647583,1778815904.9241042,7066.639274844,389,,,,,,,,,
,,,,136,12740,,1778815928.7778482,7090.492997015,390,0.3401980698108673,0.3120800852775574,0.3359804153442383,0.849999189376831,0.14999987185001373,,,,
0.34059634804725647,0.3340138792991638,0.8500000238418579,0.15000000596046448,137,12749,0.2967129945755005,1778815933.4986222,7095.213763287,391,,,,,,,,,
0.34167805314064026,0.33792686462402344,0.8500000238418579,0.15000000596046448,137,12799,0.31667008996009827,1778815960.2987676,7122.013892248,392,,,,,,,,,
,,,,137,12833,,1778815980.1500623,7141.865191805,393,0.3444221317768097,0.3181094229221344,0.34047529101371765,0.849999189376831,0.14999987185001373,,,,
0.3409394919872284,0.33678480982780457,0.8500000238418579,0.15000000596046448,138,12849,0.31324154138565063,1778815988.710859,7150.425916188,394,,,,,,,,,
0.3369188904762268,0.3356536030769348,0.8500000238418579,0.15000000596046448,138,12899,0.328483521938324,1778816015.599933,7177.315177639,395,,,,,,,,,
,,,,138,12926,,1778816031.9686317,7193.683732897,396,0.3435976505279541,0.31762346625328064,0.3397015631198883,0.849999189376831,0.14999987185001373,,,,
0.34727537631988525,0.3415309190750122,0.8500000238418579,0.15000000596046448,139,12949,0.3089788556098938,1778816044.2886198,7206.003764841,397,,,,,,,,,
0.30140358209609985,0.2982262670993805,0.8500000238418579,0.15000000596046448,139,12999,0.28022152185440063,1778816071.1931095,7232.908241113,398,,,,,,,,,
,,,,139,13019,,1778816083.7359908,7245.451139369,399,0.3291585445404053,0.30357930064201355,0.32532164454460144,0.849999189376831,0.14999987185001373,,,,
0.33958005905151367,0.3347393572330475,0.8500000238418579,0.15000000596046448,140,13049,0.3073086142539978,1778816099.9061203,7261.621173807,400,,,,,,,,,
0.3514445424079895,0.34691673517227173,0.8500000238418579,0.15000000596046448,140,13099,0.3212590217590332,1778816126.5249949,7288.240291061,401,,,,,,,,,
,,,,140,13112,,1778816135.44983,7297.165071441,402,0.3377389907836914,0.31558850407600403,0.3344164490699768,0.849999189376831,0.14999987185001373,,,,
0.3387293219566345,0.33254897594451904,0.8500000238418579,0.15000000596046448,141,13149,0.2975268065929413,1778816155.3916461,7317.106667983,403,,,,,,,,,
0.31597262620925903,0.312488317489624,0.8500000238418579,0.15000000596046448,141,13199,0.2927439212799072,1778816182.350533,7344.065654555,404,,,,,,,,,
,,,,141,13205,,1778816187.312923,7349.028328085,405,0.3367534279823303,0.31285059452056885,0.3331681191921234,0.849999189376831,0.14999987185001373,,,,
0.3326979875564575,0.32947874069213867,0.8500000238418579,0.15000000596046448,142,13249,0.31123632192611694,1778816211.4328656,7373.147868772,406,,,,,,,,,
,,,,142,13298,,1778816239.4879704,7401.203019183,407,0.3316875398159027,0.30735740065574646,0.32803797721862793,0.849999189376831,0.14999987185001373,,,,
0.36091500520706177,0.35477086901664734,0.8500000238418579,0.15000000596046448,143,13299,0.31995391845703125,1778816240.0350184,7401.750052846,408,,,,,,,,,
0.3494938611984253,0.3439255654811859,0.8500000238418579,0.15000000596046448,143,13349,0.3123718500137329,1778816266.6846797,7428.399905549,409,,,,,,,,,
,,,,143,13391,,1778816290.817734,7452.532963304,410,0.3223109543323517,0.2993921637535095,0.3188730478286743,0.849999189376831,0.14999987185001373,,,,
0.32172682881355286,0.31872692704200745,0.8500000238418579,0.15000000596046448,144,13399,0.3017274737358093,1778816295.2116067,7456.926613847,411,,,,,,,,,
0.3121848702430725,0.3062461316585541,0.8500000238418579,0.15000000596046448,144,13449,0.27259328961372375,1778816321.8217094,7483.537124017,412,,,,,,,,,
,,,,144,13484,,1778816342.4507039,7504.165802222,413,0.32079699635505676,0.29955601692199707,0.31761085987091064,0.849999189376831,0.14999987185001373,,,,
0.32983526587486267,0.3259322941303253,0.8500000238418579,0.15000000596046448,145,13499,0.30381539463996887,1778816350.4035478,7512.118639514,414,,,,,,,,,
0.3220926821231842,0.3179943263530731,0.8500000238418579,0.15000000596046448,145,13549,0.294770210981369,1778816376.9940088,7538.709246403,415,,,,,,,,,
,,,,145,13577,,1778816393.6836798,7555.398794528,416,0.3234511613845825,0.30165839195251465,0.3201821744441986,0.849999189376831,0.14999987185001373,,,,
0.32683342695236206,0.32485565543174744,0.8500000238418579,0.15000000596046448,146,13599,0.31364813446998596,1778816405.5661545,7567.281216125,417,,,,,,,,,
0.31244003772735596,0.3101685047149658,0.8500000238418579,0.15000000596046448,146,13649,0.2972964942455292,1778816432.4977536,7594.213179616,418,,,,,,,,,
,,,,146,13670,,1778816445.5557678,7607.27087263,419,0.31598323583602905,0.2959294319152832,0.3129752278327942,0.849999189376831,0.14999987185001373,,,,
0.3329346179962158,0.3314681351184845,0.8500000238418579,0.15000000596046448,147,13699,0.3231581449508667,1778816461.2702398,7622.985277411,420,,,,,,,,,
0.30768391489982605,0.305624783039093,0.8500000238418579,0.15000000596046448,147,13749,0.293956458568573,1778816487.9415607,7649.656602307,421,,,,,,,,,
,,,,147,13763,,1778816497.2492561,7658.964606828,422,0.3293766975402832,0.31056368350982666,0.32655468583106995,0.849999189376831,0.14999987185001373,,,,
0.3256049156188965,0.32263973355293274,0.8500000238418579,0.15000000596046448,148,13799,0.30583706498146057,1778816516.867136,7678.582166729,423,,,,,,,,,
0.31169986724853516,0.31141936779022217,0.8500000238418579,0.15000000596046448,148,13849,0.3098299503326416,1778816543.4918172,7705.206871626,424,,,,,,,,,
,,,,148,13856,,1778816549.163079,7710.878265581,425,0.32024621963500977,0.299983412027359,0.31720679998397827,0.849999189376831,0.14999987185001373,,,,
0.32257646322250366,0.31565430760383606,0.8500000238418579,0.15000000596046448,149,13899,0.27642861008644104,1778816572.4475765,7734.162741525,426,,,,,,,,,
0.3259912133216858,0.3218469023704529,0.8500000238418579,0.15000000596046448,149,13949,0.2983624339103699,1778816598.9536107,7760.668656625,427,,,,,,,,,
,,,,149,13949,,1778816600.7783232,7762.493498702,428,0.32306137681007385,0.30487531423568726,0.3203335106372833,0.849999189376831,0.14999987185001373,,,,
0.3403068780899048,0.338882714509964,0.8500000238418579,0.15000000596046448,150,13999,0.3308123052120209,1778816627.5869482,7789.302013046,429,,,,,,,,,
,,,,150,14042,,1778816652.4418218,7814.156952924,430,0.3252078890800476,0.30895891785621643,0.32277071475982666,0.849999189376831,0.14999987185001373,,,,
0.2992912530899048,0.2988561987876892,0.8500000238418579,0.15000000596046448,151,14049,0.2963907718658447,1778816656.070069,7817.785106804,431,,,,,,,,,
0.36715734004974365,0.3636026382446289,0.8500000238418579,0.15000000596046448,151,14099,0.34345924854278564,1778816683.0212972,7844.736526734,432,,,,,,,,,
,,,,151,14135,,1778816703.93754,7865.652659913,433,0.3153092861175537,0.29795563220977783,0.3127061426639557,0.849999189376831,0.14999987185001373,,,,
0.32077184319496155,0.31832432746887207,0.8500000238418579,0.15000000596046448,152,14149,0.3044549226760864,1778816711.429004,7873.144043398,434,,,,,,,,,
0.3018367290496826,0.29986461997032166,0.8500000238418579,0.15000000596046448,152,14199,0.28868937492370605,1778816738.2072213,7899.92226635,435,,,,,,,,,
,,,,152,14228,,1778816755.5788324,7917.294034181,436,0.32062166929244995,0.3069349527359009,0.31856873631477356,0.849999189376831,0.14999987185001373,,,,
0.3095216751098633,0.30950236320495605,0.8500000238418579,0.15000000596046448,153,14249,0.3093927502632141,1778816766.7782474,7928.4933634,437,,,,,,,,,
0.31796592473983765,0.31576061248779297,0.8500000238418579,0.15000000596046448,153,14299,0.303263783454895,1778816793.889508,7955.604575154,438,,,,,,,,,
,,,,153,14321,,1778816807.3858972,7969.101083047,439,0.31346961855888367,0.297078937292099,0.31101104617118835,0.849999189376831,0.14999987185001373,,,,
0.32496556639671326,0.32320475578308105,0.8500000238418579,0.15000000596046448,154,14349,0.31322675943374634,1778816822.4482477,7984.16327401,440,,,,,,,,,
0.3143572211265564,0.31533282995224,0.8500000238418579,0.15000000596046448,154,14399,0.32086122035980225,1778816849.359859,8011.074852488,441,,,,,,,,,
,,,,154,14414,,1778816859.368558,8021.083659141,442,0.3332129120826721,0.3161032199859619,0.33064642548561096,0.849999189376831,0.14999987185001373,,,,
,,,,155,14415,,1778816877.171833,8038.88691065,443,,,,,,13.20983600616455,0.7818814516067505,1.1477867364883423,10.276147842407227
