w_accuracy_step,w_stability_step,trainer/global_step,_runtime,tloss_a_step,tloss_s_step,tloss_step,epoch,_timestamp,_step,tloss_a_epoch,tloss_s_epoch,tloss_epoch,w_accuracy_epoch,w_stability_epoch,RMSSE,sMAPE,RMSSC,sMAPC
0.8500000238418579,0.15000000596046448,49,30.165372668,1.2813224792480469,0.28750622272491455,1.1322500705718994,0,1778788813.7092297,0,,,,,,,,,
,,92,55.991343762,,,,0,1778788839.5353005,1,1.3366947174072266,0.3676512837409973,1.1913381814956665,0.849999189376831,0.14999987185001373,,,,
0.8500000238418579,0.15000000596046448,99,60.255576128,1.0983211994171143,0.31326618790626526,0.9805629849433899,1,1778788843.7996342,2,,,,,,,,,
0.8500000238418579,0.15000000596046448,149,89.127513161,1.0884462594985962,0.3260685205459595,0.9740896224975586,1,1778788872.6714754,3,,,,,,,,,
,,185,111.017959929,,,,1,1778788894.5619075,4,1.1137003898620605,0.31039467453956604,0.9932044148445129,0.849999189376831,0.14999987185001373,,,,
0.8500000238418579,0.15000000596046448,199,119.134584591,1.105163812637329,0.3068600296974182,0.9854183197021484,2,1778788902.6786478,5,,,,,,,,,
0.8500000238418579,0.15000000596046448,249,147.686224262,1.0444926023483276,0.32840991020202637,0.9370802640914917,2,1778788931.2300572,6,,,,,,,,,
,,278,165.433398583,,,,2,1778788948.9772406,7,1.0702797174453735,0.3091939091682434,0.9561166167259216,0.849999189376831,0.14999987185001373,,,,
0.8500000238418579,0.15000000596046448,299,177.9000104,1.0798996686935425,0.28425055742263794,0.9605523347854614,3,1778788961.4441378,8,,,,,,,,,
0.8500000238418579,0.15000000596046448,349,206.778661313,1.0927348136901855,0.32270994782447815,0.9772310853004456,3,1778788990.322489,9,,,,,,,,,
,,371,220.704324674,,,,3,1778789004.2482665,10,1.0501700639724731,0.30565160512924194,0.9384926557540894,0.849999189376831,0.14999987185001373,,,,
0.8500000238418579,0.15000000596046448,399,236.911451555,1.046668291091919,0.33787477016448975,0.940349280834198,4,1778789020.4555013,11,,,,,,,,,
0.8500000238418579,0.15000000596046448,449,265.412662875,0.9654067754745483,0.2975848913192749,0.8652335405349731,4,1778789048.956594,12,,,,,,,,,
,,464,275.218764041,,,,4,1778789058.7626696,13,1.0357002019882202,0.3113091289997101,0.927041232585907,0.849999189376831,0.14999987185001373,,,,
0.8500000238418579,0.15000000596046448,499,295.562819282,1.0146961212158203,0.3083806335926056,0.9087488055229187,5,1778789079.1069598,14,,,,,,,,,
0.8500000238418579,0.15000000596046448,549,324.150206164,0.994991660118103,0.2814444899559021,0.8879595994949341,5,1778789107.6941822,15,,,,,,,,,
,,557,329.939987858,,,,5,1778789113.4839678,16,1.0143496990203857,0.3099672198295593,0.9086925387382507,0.849999189376831,0.14999987185001373,,,,
0.8500000238418579,0.15000000596046448,599,354.273666589,0.9376220703125,0.2988416254520416,0.8418050408363342,6,1778789137.817799,17,,,,,,,,,
0.8500000238418579,0.15000000596046448,649,383.267285646,1.0558912754058838,0.317618727684021,0.9451504349708557,6,1778789166.8112576,18,,,,,,,,,
,,650,384.978282701,,,,6,1778789168.5222723,19,0.9911133050918579,0.31682512164115906,0.8899702429771423,0.849999189376831,0.14999987185001373,,,,
0.8500000238418579,0.15000000596046448,699,413.661773626,1.0109127759933472,0.3418445587158203,0.9105525612831116,7,1778789197.2058814,20,,,,,,,,,
,,743,439.789900001,,,,7,1778789223.3338056,21,0.9817341566085815,0.3235391080379486,0.8830050230026245,0.849999189376831,0.14999987185001373,,,,
0.8500000238418579,0.15000000596046448,749,443.155404284,0.9773505926132202,0.31305208802223206,0.8777058124542236,8,1778789226.699412,22,,,,,,,,,
0.8500000238418579,0.15000000596046448,799,471.986058138,0.9651073813438416,0.30011898279190063,0.8653591275215149,8,1778789255.5301893,23,,,,,,,,,
,,836,494.175632014,,,,8,1778789277.7189806,24,0.9625415802001953,0.32331418991088867,0.8666577339172363,0.849999189376831,0.14999987185001373,,,,
0.8500000238418579,0.15000000596046448,849,501.793001617,0.9194912314414978,0.32111477851867676,0.8297348022460938,9,1778789285.3369825,25,,,,,,,,,
0.8500000238418579,0.15000000596046448,899,530.717564702,0.951866626739502,0.3390456438064575,0.8599435091018677,9,1778789314.2616856,26,,,,,,,,,
,,929,549.152411549,,,,9,1778789332.6963024,27,0.9485588669776917,0.3432249128818512,0.8577588796615601,0.849999189376831,0.14999987185001373,,,,
0.8500000238418579,0.15000000596046448,949,560.617816159,0.940967321395874,0.3610585927963257,0.853981077671051,10,1778789344.1616366,28,,,,,,,,,
0.8500000238418579,0.15000000596046448,999,589.583228945,0.9384009838104248,0.34147948026657104,0.8488627672195435,10,1778789373.1273134,29,,,,,,,,,
,,1022,603.8027864,,,,10,1778789387.346648,30,0.9288837909698486,0.34234338998794556,0.8409027457237244,0.849999189376831,0.14999987185001373,,,,
0.8500000238418579,0.15000000596046448,1049,619.420355322,0.9698653221130371,0.35150009393692017,0.8771105408668518,11,1778789402.964131,31,,,,,,,,,
0.8500000238418579,0.15000000596046448,1099,648.374679275,0.920445442199707,0.35946017503738403,0.8362976908683777,11,1778789431.9187274,32,,,,,,,,,
,,1115,658.730634928,,,,11,1778789442.2745056,33,0.9116542935371399,0.3516463041305542,0.8276532292366028,0.849999189376831,0.14999987185001373,,,,
0.8500000238418579,0.15000000596046448,1149,678.436576097,0.9294241070747375,0.35697418451309204,0.8435566425323486,12,1778789461.9804003,34,,,,,,,,,
0.8500000238418579,0.15000000596046448,1199,707.18041914,0.8858308792114258,0.3429138958454132,0.8043933510780334,12,1778789490.7244928,35,,,,,,,,,
,,1208,713.624447442,,,,12,1778789497.1683874,36,0.9083144664764404,0.35736626386642456,0.8256722688674927,0.849999189376831,0.14999987185001373,,,,
0.8500000238418579,0.15000000596046448,1249,737.491417489,0.9385206699371338,0.40642112493515015,0.8587057590484619,13,1778789521.0354934,37,,,,,,,,,
0.8500000238418579,0.15000000596046448,1299,766.318233648,0.8926208019256592,0.3709943890571594,0.8143768906593323,13,1778789549.862095,38,,,,,,,,,
,,1301,768.635541607,,,,13,1778789552.179399,39,0.875857949256897,0.36544421315193176,0.7992958426475525,0.849999189376831,0.14999987185001373,,,,
0.8500000238418579,0.15000000596046448,1349,796.153238519,0.8035100698471069,0.3705759048461914,0.738569974899292,14,1778789579.6973178,40,,,,,,,,,
,,1394,823.169075959,,,,14,1778789606.7129939,41,0.8450887799263,0.3703654706478119,0.7738803625106812,0.849999189376831,0.14999987185001373,,,,
0.8500000238418579,0.15000000596046448,1399,826.009741055,0.8237189054489136,0.3842713534832001,0.7578018307685852,15,1778789609.5538356,42,,,,,,,,,
0.8500000238418579,0.15000000596046448,1449,855.101585932,0.7931366562843323,0.3549993634223938,0.7274160981178284,15,1778789638.645622,43,,,,,,,,,
,,1487,878.140761733,,,,15,1778789661.6844952,44,0.8303939700126648,0.384822279214859,0.7635580897331238,0.849999189376831,0.14999987185001373,,,,
0.8500000238418579,0.15000000596046448,1499,885.157523704,0.8490678668022156,0.36280354857444763,0.7761282324790955,16,1778789668.7016428,45,,,,,,,,,
0.8500000238418579,0.15000000596046448,1549,913.801949802,0.791677713394165,0.3762969970703125,0.7293705940246582,16,1778789697.3459895,46,,,,,,,,,
,,1580,932.724352057,,,,16,1778789716.2681143,47,0.8066539168357849,0.3852265477180481,0.7434400320053101,0.849999189376831,0.14999987185001373,,,,
0.8500000238418579,0.15000000596046448,1599,943.707028591,0.8937214612960815,0.40017247200012207,0.819689154624939,17,1778789727.251125,48,,,,,,,,,
0.8500000238418579,0.15000000596046448,1649,972.579278427,0.7819166779518127,0.3756786584854126,0.7209810018539429,17,1778789756.123288,49,,,,,,,,,
,,1673,987.469753638,,,,17,1778789771.0134416,50,0.7948628067970276,0.39093297719955444,0.7342734932899475,0.849999189376831,0.14999987185001373,,,,
0.8500000238418579,0.15000000596046448,1699,1002.62327347,0.7573593854904175,0.38967305421829224,0.7022064328193665,18,1778789786.16729,51,,,,,,,,,
0.8500000238418579,0.15000000596046448,1749,1031.338236015,0.7721785306930542,0.37231341004371643,0.7121987342834473,18,1778789814.8822339,52,,,,,,,,,
,,1766,1042.321844939,,,,18,1778789825.8658164,53,0.7779421806335449,0.38460931181907654,0.7189422845840454,0.849999189376831,0.14999987185001373,,,,
0.8500000238418579,0.15000000596046448,1799,1061.477761106,0.7398514151573181,0.3666236698627472,0.6838672757148743,19,1778789845.0218263,54,,,,,,,,,
0.8500000238418579,0.15000000596046448,1849,1090.250037243,0.7236858010292053,0.40536773204803467,0.675938069820404,19,1778789873.7940416,55,,,,,,,,,
,,1859,1097.273439118,,,,19,1778789880.817332,56,0.7551203370094299,0.3854418098926544,0.699668288230896,0.849999189376831,0.14999987185001373,,,,
0.8500000238418579,0.15000000596046448,1899,1120.55484028,0.7453038096427917,0.38787344098091125,0.6916892528533936,20,1778789904.0988407,57,,,,,,,,,
0.8500000238418579,0.15000000596046448,1949,1149.660893717,0.7485150098800659,0.37471532821655273,0.6924450993537903,20,1778789933.2050369,58,,,,,,,,,
,,1952,1152.497667968,,,,20,1778789936.0416312,59,0.7453633546829224,0.39426952600479126,0.6926993727684021,0.849999189376831,0.14999987185001373,,,,
0.8500000238418579,0.15000000596046448,1999,1179.758881423,0.7496728897094727,0.37671124935150146,0.6937286853790283,21,1778789963.3027637,60,,,,,,,,,
,,2045,1207.573175546,,,,21,1778789991.117023,61,0.7243275046348572,0.3961610794067383,0.675102710723877,0.849999189376831,0.14999987185001373,,,,
0.8500000238418579,0.15000000596046448,2049,1209.847402246,0.6905716061592102,0.37999284267425537,0.6439847946166992,22,1778789993.391473,62,,,,,,,,,
0.8500000238418579,0.15000000596046448,2099,1238.794470297,0.6912760138511658,0.35356655716896057,0.6406195759773254,22,1778790022.3384933,63,,,,,,,,,
,,2138,1262.214502827,,,,22,1778790045.7584321,64,0.7133751511573792,0.38893574476242065,0.6647095084190369,0.849999189376831,0.14999987185001373,,,,
0.8500000238418579,0.15000000596046448,2149,1268.666642496,0.7083621025085449,0.3803730905056,0.659163773059845,23,1778790052.2107656,65,,,,,,,,,
0.8500000238418579,0.15000000596046448,2199,1297.557741115,0.7338404655456543,0.3847118616104126,0.6814711689949036,23,1778790081.1013885,66,,,,,,,,,
,,2231,1317.137727655,,,,23,1778790100.681694,67,0.7038487792015076,0.39256951212882996,0.6571570634841919,0.849999189376831,0.14999987185001373,,,,
0.8500000238418579,0.15000000596046448,2249,1327.514109845,0.6390509605407715,0.35272276401519775,0.5961017608642578,24,1778790111.0581508,68,,,,,,,,,
0.8500000238418579,0.15000000596046448,2299,1356.210803033,0.7432954907417297,0.45263224840164185,0.6996960043907166,24,1778790139.7544835,69,,,,,,,,,
,,2324,1371.705624812,,,,24,1778790155.2496011,70,0.6938216686248779,0.38704726099967957,0.647805392742157,0.849999189376831,0.14999987185001373,,,,
0.8500000238418579,0.15000000596046448,2349,1386.267133494,0.6612348556518555,0.3918609023094177,0.6208287477493286,25,1778790169.811173,71,,,,,,,,,
0.8500000238418579,0.15000000596046448,2399,1414.824377673,0.7361767888069153,0.3891344964504242,0.6841204762458801,25,1778790198.3682544,72,,,,,,,,,
,,2417,1426.462829982,,,,25,1778790210.0068161,73,0.6823360919952393,0.38630348443984985,0.6379312872886658,0.849999189376831,0.14999987185001373,,,,
0.8500000238418579,0.15000000596046448,2449,1444.872484114,0.6626168489456177,0.37247025966644287,0.6190948486328125,26,1778790228.4165735,74,,,,,,,,,
0.8500000238418579,0.15000000596046448,2499,1473.590697243,0.6565499305725098,0.36886581778526306,0.6133973002433777,26,1778790257.1346822,75,,,,,,,,,
,,2510,1481.195510521,,,,26,1778790264.7393074,76,0.6666261553764343,0.3888978362083435,0.6249666810035706,0.849999189376831,0.14999987185001373,,,,
0.8500000238418579,0.15000000596046448,2549,1503.909711044,0.6052120923995972,0.36840301752090454,0.5696907639503479,27,1778790287.4538276,77,,,,,,,,,
0.8500000238418579,0.15000000596046448,2599,1532.697990414,0.5930271148681641,0.36166733503341675,0.5583232045173645,27,1778790316.2420964,78,,,,,,,,,
,,2603,1536.085629912,,,,27,1778790319.6295671,79,0.6467366814613342,0.38357093930244446,0.6072617173194885,0.849999189376831,0.14999987185001373,,,,
0.8500000238418579,0.15000000596046448,2649,1562.629941119,0.6262271404266357,0.3552161753177643,0.585575520992279,28,1778790346.1738513,80,,,,,,,,,
,,2696,1590.662633826,,,,28,1778790374.2066073,81,0.632546603679657,0.3817046880722046,0.5949203372001648,0.849999189376831,0.14999987185001373,,,,
0.8500000238418579,0.15000000596046448,2699,1592.349408257,0.5866510272026062,0.3938317894935608,0.5577281713485718,29,1778790375.8934553,82,,,,,,,,,
0.8500000238418579,0.15000000596046448,2749,1621.278683167,0.6132532954216003,0.3690534234046936,0.5766233205795288,29,1778790404.8226626,83,,,,,,,,,
,,2789,1645.368572204,,,,29,1778790428.9124966,84,0.6196354031562805,0.3794037699699402,0.583600640296936,0.849999189376831,0.14999987185001373,,,,
0.8500000238418579,0.15000000596046448,2799,1651.274855769,0.5517966747283936,0.37558773159980774,0.5253653526306152,30,1778790434.818933,85,,,,,,,,,
0.8500000238418579,0.15000000596046448,2849,1680.017644201,0.5693622827529907,0.36960262060165405,0.5393983125686646,30,1778790463.5617063,86,,,,,,,,,
,,2882,1700.031644286,,,,30,1778790483.5755227,87,0.6033662557601929,0.3720369338989258,0.5686667561531067,0.849999189376831,0.14999987185001373,,,,
0.8500000238418579,0.15000000596046448,2899,1709.781941681,0.6199144124984741,0.4051787853240967,0.5877041220664978,31,1778790493.3260689,88,,,,,,,,,
0.8500000238418579,0.15000000596046448,2949,1738.784390545,0.6088333129882812,0.3697237968444824,0.5729668736457825,31,1778790522.328341,89,,,,,,,,,
,,2975,1754.96704887,,,,31,1778790538.511067,90,0.6034802794456482,0.38208937644958496,0.5702717900276184,0.849999189376831,0.14999987185001373,,,,
0.8500000238418579,0.15000000596046448,2999,1768.898512808,0.6180991530418396,0.3838885724544525,0.5829675793647766,32,1778790552.4426293,91,,,,,,,,,
0.8500000238418579,0.15000000596046448,3049,1797.428249778,0.6274831295013428,0.36887457966804504,0.5886918306350708,32,1778790580.9722493,92,,,,,,,,,
,,3068,1809.367411085,,,,32,1778790592.911246,93,0.5862032771110535,0.3747660219669342,0.5544877648353577,0.849999189376831,0.14999987185001373,,,,
0.8500000238418579,0.15000000596046448,3099,1827.366865433,0.5999515056610107,0.3947587013244629,0.5691726207733154,33,1778790610.9109557,94,,,,,,,,,
0.8500000238418579,0.15000000596046448,3149,1856.123458279,0.586341381072998,0.3550959825515747,0.551654577255249,33,1778790639.6674535,95,,,,,,,,,
,,3161,1864.245756658,,,,33,1778790647.7896872,96,0.59278404712677,0.3788510262966156,0.56069415807724,0.849999189376831,0.14999987185001373,,,,
0.8500000238418579,0.15000000596046448,3199,1886.202766254,0.6075882315635681,0.3869061768054962,0.5744858980178833,34,1778790669.746857,97,,,,,,,,,
0.8500000238418579,0.15000000596046448,3249,1914.931061004,0.584385097026825,0.37918907403945923,0.5536057353019714,34,1778790698.4748802,98,,,,,,,,,
,,3254,1918.912924747,,,,34,1778790702.4568672,99,0.5686875581741333,0.3702371120452881,0.5389198064804077,0.849999189376831,0.14999987185001373,,,,
0.8500000238418579,0.15000000596046448,3299,1944.90790222,0.5986590385437012,0.3878331184387207,0.5670351386070251,35,1778790728.4519975,100,,,,,,,,,
,,3347,1973.899177741,,,,35,1778790757.4426615,101,0.5641472339630127,0.37523260712623596,0.5358099341392517,0.849999189376831,0.14999987185001373,,,,
0.8500000238418579,0.15000000596046448,3349,1975.037246048,0.5709604024887085,0.3920014500617981,0.5441166162490845,36,1778790758.581334,102,,,,,,,,,
0.8500000238418579,0.15000000596046448,3399,2003.811316287,0.5568224787712097,0.3763108253479004,0.5297457575798035,36,1778790787.3553615,103,,,,,,,,,
,,3440,2028.724476629,,,,36,1778790812.2682724,104,0.5728467702865601,0.3825366497039795,0.5443001985549927,0.849999189376831,0.14999987185001373,,,,
0.8500000238418579,0.15000000596046448,3449,2034.02415404,0.5821875333786011,0.3567333221435547,0.5483694076538086,37,1778790817.56819,105,,,,,,,,,
0.8500000238418579,0.15000000596046448,3499,2062.641125755,0.5867071151733398,0.39591968059539795,0.558089017868042,37,1778790846.1851547,106,,,,,,,,,
,,3533,2083.477315344,,,,37,1778790867.0212767,107,0.5483294129371643,0.3676207661628723,0.5212231874465942,0.849999189376831,0.14999987185001373,,,,
0.8500000238418579,0.15000000596046448,3549,2092.651871929,0.5599671602249146,0.39126503467559814,0.5346618294715881,38,1778790876.1957207,108,,,,,,,,,
0.8500000238418579,0.15000000596046448,3599,2121.182080636,0.5534875988960266,0.3672253489494324,0.5255482792854309,38,1778790904.7262137,109,,,,,,,,,
,,3626,2138.012294479,,,,38,1778790921.5561767,110,0.5505231618881226,0.3680538833141327,0.5231526494026184,0.849999189376831,0.14999987185001373,,,,
0.8500000238418579,0.15000000596046448,3649,2151.588090556,0.5213337540626526,0.35505351424217224,0.49639174342155457,39,1778790935.131986,111,,,,,,,,,
0.8500000238418579,0.15000000596046448,3699,2180.28954463,0.5051137208938599,0.3561284840106964,0.48276594281196594,39,1778790963.8335762,112,,,,,,,,,
,,3719,2193.234601825,,,,39,1778790976.778591,113,0.5167508125305176,0.3547512888908386,0.49245092272758484,0.849999189376831,0.14999987185001373,,,,
0.8500000238418579,0.15000000596046448,3749,2210.895144964,0.5241752862930298,0.35411661863327026,0.4986664950847626,40,1778790994.4392502,114,,,,,,,,,
0.8500000238418579,0.15000000596046448,3799,2239.657543055,0.5921573042869568,0.37956327199935913,0.560268223285675,40,1778791023.2015421,115,,,,,,,,,
,,3812,2248.237063227,,,,40,1778791031.7810335,116,0.5290699005126953,0.3706800043582916,0.5053114295005798,0.849999189376831,0.14999987185001373,,,,
0.8500000238418579,0.15000000596046448,3849,2269.789019483,0.49560022354125977,0.3489614427089691,0.4736044406890869,41,1778791053.3330848,117,,,,,,,,,
0.8500000238418579,0.15000000596046448,3899,2298.449563788,0.5103580355644226,0.3529365658760071,0.48674482107162476,41,1778791081.9935582,118,,,,,,,,,
,,3905,2303.12443946,,,,41,1778791086.6683736,119,0.5189810395240784,0.3608889877796173,0.49526745080947876,0.849999189376831,0.14999987185001373,,,,
0.8500000238418579,0.15000000596046448,3949,2328.699115866,0.5397886633872986,0.36519330739974976,0.5135993957519531,42,1778791112.2431486,120,,,,,,,,,
,,3998,2358.148055147,,,,42,1778791141.6918848,121,0.5076939463615417,0.3603852093219757,0.4855976998806,0.849999189376831,0.14999987185001373,,,,
0.8500000238418579,0.15000000596046448,3999,2358.739695544,0.5115045309066772,0.3463641405105591,0.48673349618911743,43,1778791142.2837381,122,,,,,,,,,
0.8500000238418579,0.15000000596046448,4049,2388.06874442,0.526650071144104,0.36369043588638306,0.5022061467170715,43,1778791171.6128616,123,,,,,,,,,
,,4091,2413.307728259,,,,43,1778791196.851577,124,0.49393346905708313,0.35553449392318726,0.4731735289096832,0.849999189376831,0.14999987185001373,,,,
0.8500000238418579,0.15000000596046448,4099,2418.105264736,0.5256974697113037,0.37670260667800903,0.5033482313156128,44,1778791201.6493354,125,,,,,,,,,
0.8500000238418579,0.15000000596046448,4149,2447.163362594,0.4531923830509186,0.33644792437553406,0.43568071722984314,44,1778791230.7074625,126,,,,,,,,,
,,4184,2468.317582613,,,,44,1778791251.8613727,127,0.4844210743904114,0.35157960653305054,0.4644949734210968,0.849999189376831,0.14999987185001373,,,,
0.8500000238418579,0.15000000596046448,4199,2476.943146366,0.45521068572998047,0.34213852882385254,0.4382498860359192,45,1778791260.4872406,128,,,,,,,,,
0.8500000238418579,0.15000000596046448,4249,2505.961293825,0.49590229988098145,0.3475859463214874,0.4736548364162445,45,1778791289.5053506,129,,,,,,,,,
,,4277,2523.124628147,,,,45,1778791306.6682599,130,0.47364872694015503,0.34782227873802185,0.4547749161720276,0.849999189376831,0.14999987185001373,,,,
0.8500000238418579,0.15000000596046448,4299,2535.747495997,0.49459418654441833,0.33340802788734436,0.47041627764701843,46,1778791319.291574,131,,,,,,,,,
0.8500000238418579,0.15000000596046448,4349,2564.90286926,0.4822576344013214,0.34583598375320435,0.4617944061756134,46,1778791348.4469242,132,,,,,,,,,
,,4370,2578.146388035,,,,46,1778791361.690287,133,0.4695165157318115,0.3484298586845398,0.45135366916656494,0.849999189376831,0.14999987185001373,,,,
0.8500000238418579,0.15000000596046448,4399,2595.239888971,0.5006648302078247,0.3558545708656311,0.4789433181285858,47,1778791378.7838633,134,,,,,,,,,
0.8500000238418579,0.15000000596046448,4449,2624.272963149,0.43108704686164856,0.3347242772579193,0.41663265228271484,47,1778791407.8170905,135,,,,,,,,,
,,4463,2633.489347343,,,,47,1778791417.0332973,136,0.47740933299064636,0.3554975986480713,0.4591224789619446,0.849999189376831,0.14999987185001373,,,,
0.8500000238418579,0.15000000596046448,4499,2654.273627681,0.48253703117370605,0.393438458442688,0.46917226910591125,48,1778791437.817553,137,,,,,,,,,
0.8500000238418579,0.15000000596046448,4549,2683.081986139,0.4643316864967346,0.3460919260978699,0.4465957283973694,48,1778791466.6260855,138,,,,,,,,,
,,4556,2688.094919372,,,,48,1778791471.638878,139,0.4637029469013214,0.3528502285480499,0.447075217962265,0.849999189376831,0.14999987185001373,,,,
0.8500000238418579,0.15000000596046448,4599,2713.071670069,0.46645498275756836,0.3372010588645935,0.44706693291664124,49,1778791496.615624,140,,,,,,,,,
0.8500000238418579,0.15000000596046448,4649,2742.0846699,0.4335758686065674,0.3479704260826111,0.42073509097099304,49,1778791525.6287966,141,,,,,,,,,
,,4649,2743.253546546,,,,49,1778791526.7974536,142,0.4552529454231262,0.3428381085395813,0.4383908212184906,0.849999189376831,0.14999987185001373,,,,
0.8500000238418579,0.15000000596046448,4699,2772.084814523,0.4614686965942383,0.37441837787628174,0.44841116666793823,50,1778791555.628635,143,,,,,,,,,
,,4742,2797.954757648,,,,50,1778791581.498549,144,0.45339909195899963,0.3547809422016144,0.43860626220703125,0.849999189376831,0.14999987185001373,,,,
0.8500000238418579,0.15000000596046448,4749,2802.139367493,0.4603906571865082,0.35475945472717285,0.4445459842681885,51,1778791585.6834807,145,,,,,,,,,
0.8500000238418579,0.15000000596046448,4799,2830.847618609,0.4680410623550415,0.32552120089530945,0.44666311144828796,51,1778791614.3914585,146,,,,,,,,,
,,4835,2852.872235622,,,,51,1778791636.416196,147,0.4433475136756897,0.3437308967113495,0.4284050762653351,0.849999189376831,0.14999987185001373,,,,
0.8500000238418579,0.15000000596046448,4849,2860.898368882,0.41169100999832153,0.3194636106491089,0.3978569209575653,52,1778791644.4424274,148,,,,,,,,,
0.8500000238418579,0.15000000596046448,4899,2890.077466652,0.4129219651222229,0.3226009011268616,0.3993738293647766,52,1778791673.6209354,149,,,,,,,,,
,,4928,2907.881217779,,,,52,1778791691.4251497,150,0.4224042296409607,0.3283436596393585,0.4082951843738556,0.849999189376831,0.14999987185001373,,,,
0.8500000238418579,0.15000000596046448,4949,2920.135003129,0.4081290662288666,0.3148711919784546,0.3941403925418854,53,1778791703.6791089,151,,,,,,,,,
0.8500000238418579,0.15000000596046448,4999,2948.889324145,0.43219006061553955,0.3334861099720001,0.4173845052719116,53,1778791732.4333594,152,,,,,,,,,
,,5021,2962.897865332,,,,53,1778791746.4416265,153,0.4204307794570923,0.33377406001091003,0.40743234753608704,0.849999189376831,0.14999987185001373,,,,
0.8500000238418579,0.15000000596046448,5049,2979.528407351,0.4559406638145447,0.3603372573852539,0.44160017371177673,54,1778791763.0724957,154,,,,,,,,,
0.8500000238418579,0.15000000596046448,5099,3008.099706506,0.4325600266456604,0.3469363749027252,0.419716477394104,54,1778791791.6437583,155,,,,,,,,,
,,5114,3017.825683097,,,,54,1778791801.3695061,156,0.4311641454696655,0.34692075848579407,0.4185276925563812,0.849999189376831,0.14999987185001373,,,,
0.8500000238418579,0.15000000596046448,5149,3038.157839349,0.4272785186767578,0.3491206169128418,0.41555485129356384,55,1778791821.7018712,157,,,,,,,,,
0.8500000238418579,0.15000000596046448,5199,3066.999075777,0.43186813592910767,0.34407350420951843,0.4186989665031433,55,1778791850.5431519,158,,,,,,,,,
,,5207,3072.780693058,,,,55,1778791856.324667,159,0.423353374004364,0.3372820317745209,0.4104425311088562,0.849999189376831,0.14999987185001373,,,,
0.8500000238418579,0.15000000596046448,5249,3096.985469852,0.43456560373306274,0.3374868333339691,0.4200038015842438,56,1778791880.529349,160,,,,,,,,,
0.8500000238418579,0.15000000596046448,5299,3125.475196078,0.3607577085494995,0.30100059509277344,0.35179415345191956,56,1778791909.0192385,161,,,,,,,,,
,,5300,3127.185429608,,,,56,1778791910.7294016,162,0.41675546765327454,0.33594727516174316,0.4046343266963959,0.849999189376831,0.14999987185001373,,,,
0.8500000238418579,0.15000000596046448,5349,3155.27795575,0.41945964097976685,0.32654422521591187,0.40552234649658203,57,1778791938.8220081,163,,,,,,,,,
,,5393,3181.814507158,,,,57,1778791965.3584132,164,0.39772307872772217,0.32665249705314636,0.38706251978874207,0.849999189376831,0.14999987185001373,,,,
0.8500000238418579,0.15000000596046448,5399,3185.521424225,0.4153459668159485,0.32469412684440613,0.4017482101917267,58,1778791969.0654922,165,,,,,,,,,
0.8500000238418579,0.15000000596046448,5449,3215.844356844,0.42834722995758057,0.32767942547798157,0.41324707865715027,58,1778791999.3883703,166,,,,,,,,,
,,5486,3238.529470488,,,,58,1778792022.073318,167,0.3984861373901367,0.326871782541275,0.38774406909942627,0.849999189376831,0.14999987185001373,,,,
0.8500000238418579,0.15000000596046448,5499,3246.139073434,0.3953135013580322,0.29902324080467224,0.38086995482444763,59,1778792029.683127,168,,,,,,,,,
0.8500000238418579,0.15000000596046448,5549,3274.958213331,0.3844465911388397,0.3128519058227539,0.3737073838710785,59,1778792058.5021627,169,,,,,,,,,
,,5579,3293.54930366,,,,59,1778792077.09325,170,0.38787710666656494,0.319413423538208,0.37760764360427856,0.849999189376831,0.14999987185001373,,,,
0.8500000238418579,0.15000000596046448,5599,3305.049371332,0.3676068186759949,0.3246757984161377,0.36116719245910645,60,1778792088.593489,171,,,,,,,,,
0.8500000238418579,0.15000000596046448,5649,3333.960695793,0.36039334535598755,0.31518709659576416,0.35361242294311523,60,1778792117.5047417,172,,,,,,,,,
,,5672,3348.368972091,,,,60,1778792131.9128647,173,0.39302828907966614,0.33072927594184875,0.3836834728717804,0.849999189376831,0.14999987185001373,,,,
0.8500000238418579,0.15000000596046448,5699,3364.185614682,0.42803478240966797,0.34329017996788025,0.4153231084346771,61,1778792147.7296505,174,,,,,,,,,
0.8500000238418579,0.15000000596046448,5749,3393.157224963,0.3872308135032654,0.32086795568466187,0.37727639079093933,61,1778792176.7012093,175,,,,,,,,,
,,5765,3403.555564272,,,,61,1778792187.099503,176,0.3938899338245392,0.32891467213630676,0.3841436505317688,0.849999189376831,0.14999987185001373,,,,
0.8500000238418579,0.15000000596046448,5799,3423.631885883,0.3750622272491455,0.31714963912963867,0.3663753271102905,62,1778792207.1758423,177,,,,,,,,,
0.8500000238418579,0.15000000596046448,5849,3453.47724534,0.397581547498703,0.32627660036087036,0.3868858218193054,62,1778792237.0211363,178,,,,,,,,,
,,5858,3459.978357103,,,,62,1778792243.5223193,179,0.3795962631702423,0.3211667537689209,0.37083184719085693,0.849999189376831,0.14999987185001373,,,,
0.8500000238418579,0.15000000596046448,5899,3484.080763335,0.37076589465141296,0.3091678321361542,0.3615261912345886,63,1778792267.624758,180,,,,,,,,,
0.8500000238418579,0.15000000596046448,5949,3513.057313367,0.3941338062286377,0.34602588415145874,0.3869176208972931,63,1778792296.6011915,181,,,,,,,,,
,,5951,3515.366165687,,,,63,1778792298.9101532,182,0.38068103790283203,0.32391053438186646,0.37216535210609436,0.849999189376831,0.14999987185001373,,,,
0.8500000238418579,0.15000000596046448,5999,3543.322636238,0.3531322479248047,0.3122408986091614,0.34699854254722595,64,1778792326.8666809,183,,,,,,,,,
,,6044,3570.684269244,,,,64,1778792354.2280405,184,0.37370166182518005,0.3164573907852173,0.3651149272918701,0.849999189376831,0.14999987185001373,,,,
0.8500000238418579,0.15000000596046448,6049,3573.49920078,0.35773730278015137,0.3099506199359894,0.35056930780410767,65,1778792357.0432744,185,,,,,,,,,
0.8500000238418579,0.15000000596046448,6099,3602.738731629,0.3418753743171692,0.31347134709358215,0.3376147747039795,65,1778792386.2826629,186,,,,,,,,,
,,6137,3625.920322044,,,,65,1778792409.4638507,187,0.3664504885673523,0.3178045153617859,0.3591535687446594,0.849999189376831,0.14999987185001373,,,,
0.8500000238418579,0.15000000596046448,6149,3632.919307017,0.40790826082229614,0.3300964832305908,0.39623650908470154,66,1778792416.463318,188,,,,,,,,,
0.8500000238418579,0.15000000596046448,6199,3661.835049244,0.3704013228416443,0.3283376097679138,0.36409175395965576,66,1778792445.3791611,189,,,,,,,,,
,,6230,3680.981256585,,,,66,1778792464.5251858,190,0.3767346739768982,0.3233550190925598,0.3687276542186737,0.849999189376831,0.14999987185001373,,,,
0.8500000238418579,0.15000000596046448,6249,3691.997136031,0.3520260751247406,0.32930293679237366,0.3486176133155823,67,1778792475.541005,191,,,,,,,,,
0.8500000238418579,0.15000000596046448,6299,3721.180275486,0.34973469376564026,0.31537872552871704,0.3445813059806824,67,1778792504.7243314,192,,,,,,,,,
,,6323,3736.401542702,,,,67,1778792519.9454372,193,0.36493006348609924,0.3197244107723236,0.35814908146858215,0.849999189376831,0.14999987185001373,,,,
0.8500000238418579,0.15000000596046448,6349,3751.589611861,0.31336480379104614,0.30041301250457764,0.31142204999923706,68,1778792535.1335132,194,,,,,,,,,
0.8500000238418579,0.15000000596046448,6399,3780.220944262,0.3826361894607544,0.34077686071395874,0.3763572871685028,68,1778792563.7650013,195,,,,,,,,,
,,6416,3791.097222201,,,,68,1778792574.6411886,196,0.3615263104438782,0.32020777463912964,0.3553285002708435,0.849999189376831,0.14999987185001373,,,,
0.8500000238418579,0.15000000596046448,6449,3810.249672914,0.3346031606197357,0.31484586000442505,0.3316395580768585,69,1778792593.7931092,197,,,,,,,,,
0.8500000238418579,0.15000000596046448,6499,3839.337965545,0.33671051263809204,0.3107775151729584,0.3328205943107605,69,1778792622.8820536,198,,,,,,,,,
,,6509,3846.368527524,,,,69,1778792629.9123893,199,0.3463628590106964,0.3074701428413391,0.3405289053916931,0.849999189376831,0.14999987185001373,,,,
0.8500000238418579,0.15000000596046448,6549,3869.346945345,0.37373119592666626,0.3078073263168335,0.363842636346817,70,1778792652.8910384,200,,,,,,,,,
0.8500000238418579,0.15000000596046448,6599,3898.247046595,0.3555692434310913,0.33341968059539795,0.35224682092666626,70,1778792681.791047,201,,,,,,,,,
,,6602,3901.174546224,,,,70,1778792684.7184846,202,0.35402414202690125,0.3142046630382538,0.3480510413646698,0.849999189376831,0.14999987185001373,,,,
0.8500000238418579,0.15000000596046448,6649,3928.260672198,0.36204561591148376,0.33464425802230835,0.35793542861938477,71,1778792711.8047664,203,,,,,,,,,
,,6695,3956.299111376,,,,71,1778792739.842956,204,0.3462563753128052,0.31263676285743713,0.3412134647369385,0.849999189376831,0.14999987185001373,,,,
0.8500000238418579,0.15000000596046448,6699,3958.592648294,0.3758872151374817,0.3163033425807953,0.3669496476650238,72,1778792742.1367564,205,,,,,,,,,
0.8500000238418579,0.15000000596046448,6749,3987.225977444,0.3462938070297241,0.31186312437057495,0.3411291837692261,72,1778792770.77003,206,,,,,,,,,
,,6788,4010.580060525,,,,72,1778792794.1239529,207,0.34541982412338257,0.3095286190509796,0.3400360941886902,0.849999189376831,0.14999987185001373,,,,
0.8500000238418579,0.15000000596046448,6799,4016.941950519,0.3513231575489044,0.31689462065696716,0.346158891916275,73,1778792800.4860601,208,,,,,,,,,
0.8500000238418579,0.15000000596046448,6849,4045.611353998,0.33737045526504517,0.2916297912597656,0.33050936460494995,73,1778792829.1554487,209,,,,,,,,,
,,6881,4065.37125611,,,,73,1778792848.915124,210,0.34284108877182007,0.3088099956512451,0.3377365469932556,0.849999189376831,0.14999987185001373,,,,
0.8500000238418579,0.15000000596046448,6899,4075.754928112,0.33468034863471985,0.3113095760345459,0.33117473125457764,74,1778792859.2989721,211,,,,,,,,,
0.8500000238418579,0.15000000596046448,6949,4104.645378419,0.37048426270484924,0.3334876596927643,0.3649347722530365,74,1778792888.1893787,212,,,,,,,,,
,,6974,4120.131730184,,,,74,1778792903.6754959,213,0.34292909502983093,0.31376099586486816,0.338553786277771,0.849999189376831,0.14999987185001373,,,,
0.8500000238418579,0.15000000596046448,6999,4134.773472807,0.35730281472206116,0.344201922416687,0.3553376793861389,75,1778792918.3175886,214,,,,,,,,,
0.8500000238418579,0.15000000596046448,7049,4163.3616423,0.323209285736084,0.3028564453125,0.32015639543533325,75,1778792946.9057295,215,,,,,,,,,
,,7067,4175.039823986,,,,75,1778792958.5837593,216,0.34707874059677124,0.3192743957042694,0.34290817379951477,0.849999189376831,0.14999987185001373,,,,
0.8500000238418579,0.15000000596046448,7099,4193.699278246,0.3487364649772644,0.33392131328582764,0.34651419520378113,76,1778792977.2433016,217,,,,,,,,,
0.8500000238418579,0.15000000596046448,7149,4223.32974986,0.33579856157302856,0.2866925597190857,0.32843267917633057,76,1778793006.8737504,218,,,,,,,,,
,,7160,4230.94504291,,,,76,1778793014.488988,219,0.3340359628200531,0.3015361428260803,0.32916098833084106,0.849999189376831,0.14999987185001373,,,,
0.8500000238418579,0.15000000596046448,7199,4253.607531369,0.33021920919418335,0.32046350836753845,0.3287558853626251,77,1778793037.151482,220,,,,,,,,,
0.8500000238418579,0.15000000596046448,7249,4282.372154467,0.31559810042381287,0.29323893785476685,0.3122442364692688,77,1778793065.9161997,221,,,,,,,,,
,,7253,4285.815243837,,,,77,1778793069.3592138,222,0.3363005816936493,0.3076820969581604,0.3320079445838928,0.849999189376831,0.14999987185001373,,,,
0.8500000238418579,0.15000000596046448,7299,4312.346325322,0.31596025824546814,0.308321088552475,0.31481438875198364,78,1778793095.890315,223,,,,,,,,,
,,7346,4340.508496846,,,,78,1778793124.0524185,224,0.3221534490585327,0.3016630709171295,0.3190799653530121,0.849999189376831,0.14999987185001373,,,,
0.8500000238418579,0.15000000596046448,7349,4342.216624784,0.3194273114204407,0.30625590682029724,0.3174515962600708,79,1778793125.76069,225,,,,,,,,,
0.8500000238418579,0.15000000596046448,7399,4371.141887973,0.29824942350387573,0.28035521507263184,0.29556530714035034,79,1778793154.6858625,226,,,,,,,,,
,,7439,4395.374056746,,,,79,1778793178.9179897,227,0.3134050667285919,0.29336464405059814,0.31039905548095703,0.849999189376831,0.14999987185001373,,,,
0.8500000238418579,0.15000000596046448,7449,4401.135837039,0.3160543441772461,0.28362318873405457,0.3111896812915802,80,1778793184.6799502,228,,,,,,,,,
0.8500000238418579,0.15000000596046448,7499,4429.510324595,0.3396400809288025,0.3291318416595459,0.3380638659000397,80,1778793213.054336,229,,,,,,,,,
,,7532,4449.448537188,,,,80,1778793232.9923518,230,0.3226568102836609,0.30248916149139404,0.31963181495666504,0.849999189376831,0.14999987185001373,,,,
0.8500000238418579,0.15000000596046448,7549,4459.335464866,0.3328186869621277,0.2988939881324768,0.3277300000190735,81,1778793242.879573,231,,,,,,,,,
0.8500000238418579,0.15000000596046448,7599,4488.214772529,0.30132487416267395,0.29187148809432983,0.299906849861145,81,1778793271.758521,232,,,,,,,,,
,,7625,4504.369366162,,,,81,1778793287.913266,233,0.3184366226196289,0.29548752307891846,0.31499433517456055,0.849999189376831,0.14999987185001373,,,,
0.8500000238418579,0.15000000596046448,7649,4518.298663037,0.3191775679588318,0.2811709940433502,0.3134765923023224,82,1778793301.8426292,234,,,,,,,,,
0.8500000238418579,0.15000000596046448,7699,4546.88621745,0.31536030769348145,0.3078007102012634,0.3142263889312744,82,1778793330.4302464,235,,,,,,,,,
,,7718,4558.882004144,,,,82,1778793342.4258049,236,0.31625843048095703,0.29955852031707764,0.31375351548194885,0.849999189376831,0.14999987185001373,,,,
0.8500000238418579,0.15000000596046448,7749,4576.800632053,0.32188141345977783,0.29971665143966675,0.31855669617652893,83,1778793360.3446648,237,,,,,,,,,
0.8500000238418579,0.15000000596046448,7799,4605.57580157,0.29503756761550903,0.29199546575546265,0.29458126425743103,83,1778793389.119899,238,,,,,,,,,
,,7811,4613.681158793,,,,83,1778793397.2249224,239,0.32386207580566406,0.30358076095581055,0.3208198547363281,0.849999189376831,0.14999987185001373,,,,
0.8500000238418579,0.15000000596046448,7849,4635.430711051,0.3118179440498352,0.29437655210494995,0.30920174717903137,84,1778793418.9747944,240,,,,,,,,,
0.8500000238418579,0.15000000596046448,7899,4664.209602761,0.2762971818447113,0.2667791247367859,0.27486947178840637,84,1778793447.7536438,241,,,,,,,,,
,,7904,4668.201513612,,,,84,1778793451.745427,242,0.3059590756893158,0.2893553376197815,0.30346840620040894,0.849999189376831,0.14999987185001373,,,,
0.8500000238418579,0.15000000596046448,7949,4694.063478913,0.3016861379146576,0.26197782158851624,0.2957299053668976,85,1778793477.6074567,243,,,,,,,,,
,,7997,4722.709504243,,,,85,1778793506.2534802,244,0.2958209812641144,0.2796443998813629,0.2933945059776306,0.849999189376831,0.14999987185001373,,,,
0.8500000238418579,0.15000000596046448,7999,4723.853551944,0.3018604516983032,0.28119000792503357,0.29875990748405457,86,1778793507.397665,245,,,,,,,,,
0.8500000238418579,0.15000000596046448,8049,4752.607070089,0.3306005597114563,0.31229496002197266,0.327854722738266,86,1778793536.151046,246,,,,,,,,,
,,8090,4777.457604736,,,,86,1778793561.0015504,247,0.31656116247177124,0.3002212643623352,0.3141101002693176,0.849999189376831,0.14999987185001373,,,,
0.8500000238418579,0.15000000596046448,8099,4782.721435452,0.3577001094818115,0.3156839609146118,0.35139769315719604,87,1778793566.265468,248,,,,,,,,,
0.8500000238418579,0.15000000596046448,8149,4811.621662597,0.335975706577301,0.3107563257217407,0.3321928083896637,87,1778793595.1654377,249,,,,,,,,,
,,8183,4832.558262207,,,,87,1778793616.102128,250,0.3073256015777588,0.29655763506889343,0.3057103753089905,0.849999189376831,0.14999987185001373,,,,
0.8500000238418579,0.15000000596046448,8199,4842.082230456,0.35583287477493286,0.31048864126205444,0.3490312695503235,88,1778793625.6262226,251,,,,,,,,,
0.8500000238418579,0.15000000596046448,8249,4871.059112661,0.27229025959968567,0.2737683057785034,0.27251195907592773,88,1778793654.6030006,252,,,,,,,,,
,,8276,4887.695048428,,,,88,1778793671.238911,253,0.30799806118011475,0.29437515139579773,0.3059546649456024,0.849999189376831,0.14999987185001373,,,,
0.8500000238418579,0.15000000596046448,8299,4901.080591555,0.30437859892845154,0.27312856912612915,0.2996911108493805,89,1778793684.6247241,254,,,,,,,,,
0.8500000238418579,0.15000000596046448,8349,4929.749278389,0.33439090847969055,0.2872173488140106,0.3273148834705353,89,1778793713.293111,255,,,,,,,,,
,,8369,4942.622792573,,,,89,1778793726.1667361,256,0.299442321062088,0.28804826736450195,0.29773327708244324,0.849999189376831,0.14999987185001373,,,,
0.8500000238418579,0.15000000596046448,8399,4960.031965461,0.3025464117527008,0.27146440744400024,0.29788410663604736,90,1778793743.5760791,257,,,,,,,,,
0.8500000238418579,0.15000000596046448,8449,4988.624273942,0.27491602301597595,0.2536325454711914,0.27172350883483887,90,1778793772.168216,258,,,,,,,,,
,,8462,4997.363590367,,,,90,1778793780.907585,259,0.28485068678855896,0.2754524350166321,0.2834409773349762,0.849999189376831,0.14999987185001373,,,,
0.8500000238418579,0.15000000596046448,8499,5018.911467146,0.2834574282169342,0.26598620414733887,0.2808367609977722,91,1778793802.4555655,260,,,,,,,,,
0.8500000238418579,0.15000000596046448,8549,5047.511522338,0.260809987783432,0.2623184323310852,0.2610362768173218,91,1778793831.055504,261,,,,,,,,,
,,8555,5052.246248037,,,,91,1778793835.7902129,262,0.2803937494754791,0.2699180543422699,0.27882230281829834,0.849999189376831,0.14999987185001373,,,,
0.8500000238418579,0.15000000596046448,8599,5077.651238789,0.29963821172714233,0.2999756336212158,0.29968884587287903,92,1778793861.195272,263,,,,,,,,,
,,8648,5106.974192753,,,,92,1778793890.5177748,264,0.2915385365486145,0.2854340672492981,0.29062288999557495,0.849999189376831,0.14999987185001373,,,,
0.8500000238418579,0.15000000596046448,8649,5107.560529912,0.2757142186164856,0.2688019573688507,0.2746773958206177,93,1778793891.1046364,265,,,,,,,,,
0.8500000238418579,0.15000000596046448,8699,5136.488178633,0.2881581783294678,0.2952668070793152,0.2892244756221771,93,1778793920.0322394,266,,,,,,,,,
,,8741,5161.953586229,,,,93,1778793945.4971948,267,0.2883499562740326,0.2852821350097656,0.2878897786140442,0.849999189376831,0.14999987185001373,,,,
0.8500000238418579,0.15000000596046448,8749,5166.716381677,0.27263182401657104,0.26692724227905273,0.27177613973617554,94,1778793950.2604232,268,,,,,,,,,
0.8500000238418579,0.15000000596046448,8799,5195.412871118,0.29055291414260864,0.27380555868148804,0.28804081678390503,94,1778793978.9569256,269,,,,,,,,,
,,8834,5216.658201644,,,,94,1778794000.2021413,270,0.2847130596637726,0.27980244159698486,0.2839765250682831,0.849999189376831,0.14999987185001373,,,,
0.8500000238418579,0.15000000596046448,8849,5225.317541193,0.27382028102874756,0.2865304946899414,0.2757268249988556,95,1778794008.861341,271,,,,,,,,,
0.8500000238418579,0.15000000596046448,8899,5254.088853216,0.2799898386001587,0.2784976363182068,0.2797660231590271,95,1778794037.6329343,272,,,,,,,,,
,,8927,5271.380674812,,,,95,1778794054.9245775,273,0.276743084192276,0.273004949092865,0.2761824131011963,0.849999189376831,0.14999987185001373,,,,
0.8500000238418579,0.15000000596046448,8949,5284.203163087,0.2902648150920868,0.26566535234451294,0.2865749001502991,96,1778794067.7471547,274,,,,,,,,,
0.8500000238418579,0.15000000596046448,8999,5313.017889793,0.2754371464252472,0.2680741548538208,0.2743327021598816,96,1778794096.5618567,275,,,,,,,,,
,,9020,5326.169047478,,,,96,1778794109.7130067,276,0.2759804427623749,0.26634758710861206,0.27453553676605225,0.849999189376831,0.14999987185001373,,,,
0.8500000238418579,0.15000000596046448,9049,5342.912073534,0.26401418447494507,0.25009244680404663,0.26192593574523926,97,1778794126.4561858,277,,,,,,,,,
0.8500000238418579,0.15000000596046448,9099,5371.682525536,0.27859437465667725,0.2760081887245178,0.278206467628479,97,1778794155.2265534,278,,,,,,,,,
,,9113,5380.887011009,,,,97,1778794164.4309583,279,0.2774942219257355,0.2743256986141205,0.2770189046859741,0.849999189376831,0.14999987185001373,,,,
0.8500000238418579,0.15000000596046448,9149,5401.711420632,0.29748237133026123,0.279072642326355,0.29472091794013977,98,1778794185.255506,280,,,,,,,,,
0.8500000238418579,0.15000000596046448,9199,5430.589886344,0.267339825630188,0.2601272761821747,0.2662579417228699,98,1778794214.1338444,281,,,,,,,,,
,,9206,5435.705066174,,,,98,1778794219.2490509,282,0.27923858165740967,0.2778438925743103,0.27902933955192566,0.849999189376831,0.14999987185001373,,,,
0.8500000238418579,0.15000000596046448,9249,5460.854304812,0.2686467170715332,0.2771371304988861,0.269920289516449,99,1778794244.3984065,283,,,,,,,,,
0.8500000238418579,0.15000000596046448,9299,5489.778081356,0.30972209572792053,0.3178268074989319,0.3109378218650818,99,1778794273.3220785,284,,,,,,,,,
,,9299,5490.962383689,,,,99,1778794274.5062952,285,0.2733479142189026,0.2744322419166565,0.27351057529449463,0.849999189376831,0.14999987185001373,,,,
0.8500000238418579,0.15000000596046448,9349,5519.774522485,0.293928861618042,0.30214160680770874,0.29516077041625977,100,1778794303.3186412,286,,,,,,,,,
,,9392,5545.693329449,,,,100,1778794329.2371898,287,0.2862583100795746,0.28896352648735046,0.28666406869888306,0.849999189376831,0.14999987185001373,,,,
0.8500000238418579,0.15000000596046448,9399,5549.846427137,0.2849441468715668,0.2969275712966919,0.2867416739463806,101,1778794333.3904893,288,,,,,,,,,
0.8500000238418579,0.15000000596046448,9449,5578.666549711,0.2974913716316223,0.2908545136451721,0.29649585485458374,101,1778794362.2106223,289,,,,,,,,,
,,9485,5600.608829097,,,,101,1778794384.1525874,290,0.2807157039642334,0.28353020548820496,0.2811379134654999,0.849999189376831,0.14999987185001373,,,,
0.8500000238418579,0.15000000596046448,9499,5608.734168956,0.259948194026947,0.2704778015613556,0.2615276277065277,102,1778794392.2782788,291,,,,,,,,,
0.8500000238418579,0.15000000596046448,9549,5637.627260272,0.26057949662208557,0.27223628759384155,0.26232802867889404,102,1778794421.171272,292,,,,,,,,,
,,9578,5655.471756882,,,,102,1778794439.0155513,293,0.2605647146701813,0.2640971839427948,0.2610945701599121,0.849999189376831,0.14999987185001373,,,,
0.8500000238418579,0.15000000596046448,9599,5667.854477159,0.26988404989242554,0.2605651617050171,0.26848623156547546,103,1778794451.3985004,294,,,,,,,,,
0.8500000238418579,0.15000000596046448,9649,5696.924740439,0.26772308349609375,0.29411059617996216,0.2716812193393707,103,1778794480.4688382,295,,,,,,,,,
,,9671,5710.892529381,,,,103,1778794494.4364264,296,0.26629260182380676,0.26733407378196716,0.26644888520240784,0.849999189376831,0.14999987185001373,,,,
0.8500000238418579,0.15000000596046448,9699,5727.06956371,0.2738133370876312,0.2860429584980011,0.2756477892398834,104,1778794510.613592,297,,,,,,,,,
0.8500000238418579,0.15000000596046448,9749,5755.742243798,0.25864729285240173,0.2889965772628784,0.26319968700408936,104,1778794539.286331,298,,,,,,,,,
,,9764,5765.561039899,,,,104,1778794549.1049829,299,0.27173158526420593,0.27514350414276123,0.2722434103488922,0.849999189376831,0.14999987185001373,,,,
0.8500000238418579,0.15000000596046448,9799,5785.979377621,0.2558167278766632,0.27094537019729614,0.25808602571487427,105,1778794569.523236,300,,,,,,,,,
0.8500000238418579,0.15000000596046448,9849,5814.732301644,0.2549765706062317,0.26449304819107056,0.2564040422439575,105,1778794598.2763584,301,,,,,,,,,
,,9857,5820.676637035,,,,105,1778794604.220608,302,0.26820313930511475,0.26990699768066406,0.2684587240219116,0.849999189376831,0.14999987185001373,,,,
0.8500000238418579,0.15000000596046448,9899,5845.032226167,0.25934427976608276,0.27764350175857544,0.26208916306495667,106,1778794628.5761664,303,,,,,,,,,
0.8500000238418579,0.15000000596046448,9949,5873.51247409,0.25496768951416016,0.26752951741218567,0.2568519711494446,106,1778794657.0565646,304,,,,,,,,,
,,9950,5875.273545232,,,,106,1778794658.8174753,305,0.2686910629272461,0.2726511061191559,0.26928505301475525,0.849999189376831,0.14999987185001373,,,,
0.8500000238418579,0.15000000596046448,9999,5903.807772195,0.2537989616394043,0.2569740414619446,0.25427523255348206,107,1778794687.3515549,306,,,,,,,,,
,,10043,5930.214858644,,,,107,1778794713.7588563,307,0.2701549232006073,0.27699992060661316,0.27118173241615295,0.849999189376831,0.14999987185001373,,,,
0.8500000238418579,0.15000000596046448,10049,5933.604850103,0.2498505562543869,0.27446937561035156,0.2535433769226074,108,1778794717.14889,308,,,,,,,,,
0.8500000238418579,0.15000000596046448,10099,5962.641261356,0.2684744596481323,0.2707471549510956,0.26881536841392517,108,1778794746.1851466,309,,,,,,,,,
,,10136,5985.098137831,,,,108,1778794768.6421506,310,0.26130905747413635,0.2675773501396179,0.2622493505477905,0.849999189376831,0.14999987185001373,,,,
0.8500000238418579,0.15000000596046448,10149,5992.654839123,0.24790601432323456,0.2571393847465515,0.24929103255271912,109,1778794776.19888,311,,,,,,,,,
0.8500000238418579,0.15000000596046448,10199,6021.870632467,0.23239865899085999,0.2669018507003784,0.23757414519786835,109,1778794805.4147177,312,,,,,,,,,
,,10229,6040.202132077,,,,109,1778794823.7460084,313,0.2647610306739807,0.27091148495674133,0.26568368077278137,0.849999189376831,0.14999987185001373,,,,
0.8500000238418579,0.15000000596046448,10249,6051.575243354,0.2779099643230438,0.2527408003807068,0.2741346061229706,110,1778794835.1193252,314,,,,,,,,,
0.8500000238418579,0.15000000596046448,10299,6080.680061761,0.24259071052074432,0.24469587206840515,0.24290648102760315,110,1778794864.2241335,315,,,,,,,,,
,,10322,6094.899566146,,,,110,1778794878.443459,316,0.24370652437210083,0.2529527246952057,0.2450934201478958,0.849999189376831,0.14999987185001373,,,,
0.8500000238418579,0.15000000596046448,10349,6110.65799057,0.26220354437828064,0.2820150852203369,0.2651752829551697,111,1778794894.2020557,317,,,,,,,,,
0.8500000238418579,0.15000000596046448,10399,6139.545677566,0.2522013187408447,0.24286526441574097,0.2508009076118469,111,1778794923.089668,318,,,,,,,,,
,,10415,6150.013911559,,,,111,1778794933.5579271,319,0.2494552582502365,0.2546895146369934,0.25024038553237915,0.849999189376831,0.14999987185001373,,,,
0.8500000238418579,0.15000000596046448,10449,6169.604684587,0.23340898752212524,0.2536740303039551,0.2364487648010254,112,1778794953.1487992,320,,,,,,,,,
0.8500000238418579,0.15000000596046448,10499,6198.006013395,0.22484585642814636,0.25511467456817627,0.22938618063926697,112,1778794981.5501611,321,,,,,,,,,
,,10508,6204.424707739,,,,112,1778794987.9686065,322,0.2481294870376587,0.2562257647514343,0.2493438720703125,0.849999189376831,0.14999987185001373,,,,
0.8500000238418579,0.15000000596046448,10549,6228.089329359,0.2577228844165802,0.28583869338035583,0.26194027066230774,113,1778795011.633136,323,,,,,,,,,
0.8500000238418579,0.15000000596046448,10599,6256.930073082,0.25714999437332153,0.2621762156486511,0.25790393352508545,113,1778795040.4740927,324,,,,,,,,,
,,10601,6259.283825997,,,,113,1778795042.827698,325,0.2569884955883026,0.26427701115608215,0.2580817937850952,0.849999189376831,0.14999987185001373,,,,
0.8500000238418579,0.15000000596046448,10649,6286.920487944,0.2426827847957611,0.25540316104888916,0.2445908486843109,114,1778795070.4644232,326,,,,,,,,,
,,10694,6314.018922451,,,,114,1778795097.5628936,327,0.25701630115509033,0.2663436233997345,0.2584154009819031,0.849999189376831,0.14999987185001373,,,,
0.8500000238418579,0.15000000596046448,10699,6316.789682773,0.27925780415534973,0.2890651524066925,0.28072890639305115,115,1778795100.333764,328,,,,,,,,,
0.8500000238418579,0.15000000596046448,10749,6345.817640251,0.21757322549819946,0.24771133065223694,0.22209395468235016,115,1778795129.3616376,329,,,,,,,,,
,,10787,6369.152803669,,,,115,1778795152.6966798,330,0.2613390386104584,0.2722738981246948,0.26297926902770996,0.849999189376831,0.14999987185001373,,,,
0.8500000238418579,0.15000000596046448,10799,6376.188289716,0.26493459939956665,0.27726197242736816,0.2667837142944336,116,1778795159.732348,331,,,,,,,,,
0.8500000238418579,0.15000000596046448,10849,6404.859834962,0.2642746865749359,0.2565878629684448,0.26312166452407837,116,1778795188.4037304,332,,,,,,,,,
,,10880,6423.936258346,,,,116,1778795207.4802,333,0.2586894631385803,0.26600000262260437,0.2597860097885132,0.849999189376831,0.14999987185001373,,,,
0.8500000238418579,0.15000000596046448,10899,6434.809429789,0.24184545874595642,0.26646947860717773,0.24553906917572021,117,1778795218.353412,334,,,,,,,,,
0.8500000238418579,0.15000000596046448,10949,6463.728270453,0.25761595368385315,0.26872068643569946,0.2592816650867462,117,1778795247.272158,335,,,,,,,,,
,,10973,6478.831014112,,,,117,1778795262.375007,336,0.25507721304893494,0.2666906416416168,0.25681930780410767,0.849999189376831,0.14999987185001373,,,,
0.8500000238418579,0.15000000596046448,10999,6493.94362541,0.2549564838409424,0.2722076177597046,0.2575441598892212,118,1778795277.4876626,337,,,,,,,,,
0.8500000238418579,0.15000000596046448,11049,6522.330419167,0.25966691970825195,0.2735699415206909,0.2617523968219757,118,1778795305.8743541,338,,,,,,,,,
,,11066,6533.220180487,,,,118,1778795316.7641447,339,0.26528048515319824,0.27764013409614563,0.26713451743125916,0.849999189376831,0.14999987185001373,,,,
0.8500000238418579,0.15000000596046448,11099,6552.248739322,0.2538710832595825,0.24470864236354828,0.25249671936035156,119,1778795335.7928019,340,,,,,,,,,
0.8500000238418579,0.15000000596046448,11149,6581.083435992,0.24228748679161072,0.2444484680891037,0.24261164665222168,119,1778795364.627392,341,,,,,,,,,
,,11159,6588.075414639,,,,119,1778795371.6193829,342,0.2472538948059082,0.25730904936790466,0.24876227974891663,0.849999189376831,0.14999987185001373,,,,
0.8500000238418579,0.15000000596046448,11199,6611.040429013,0.25955328345298767,0.2610093653202057,0.2597717046737671,120,1778795394.5844927,343,,,,,,,,,
0.8500000238418579,0.15000000596046448,11249,6639.831756291,0.24463427066802979,0.258242666721344,0.2466755360364914,120,1778795423.3756306,344,,,,,,,,,
,,11252,6642.721375701,,,,120,1778795426.2652936,345,0.24563847482204437,0.2581712603569031,0.247518390417099,0.849999189376831,0.14999987185001373,,,,
0.8500000238418579,0.15000000596046448,11299,6669.802794619,0.2671527564525604,0.26072579622268677,0.26618874073028564,121,1778795453.3468575,346,,,,,,,,,
,,11345,6697.633544633,,,,121,1778795481.1773977,347,0.24349015951156616,0.25379419326782227,0.2450358122587204,0.849999189376831,0.14999987185001373,,,,
0.8500000238418579,0.15000000596046448,11349,6699.911875851,0.22160972654819489,0.24566569924354553,0.22521813213825226,122,1778795483.4557753,348,,,,,,,,,
0.8500000238418579,0.15000000596046448,11399,6728.87622784,0.25890588760375977,0.2635294795036316,0.2595994174480438,122,1778795512.4202454,349,,,,,,,,,
,,11438,6752.524665097,,,,122,1778795536.0685942,350,0.2429916262626648,0.2528468370437622,0.24446992576122284,0.849999189376831,0.14999987185001373,,,,
0.8500000238418579,0.15000000596046448,11449,6758.941730853,0.25813284516334534,0.2570287585258484,0.2579672336578369,123,1778795542.4857993,351,,,,,,,,,
0.8500000238418579,0.15000000596046448,11499,6787.547062085,0.2619032859802246,0.2630772590637207,0.2620793879032135,123,1778795571.0909274,352,,,,,,,,,
,,11531,6807.288452017,,,,123,1778795590.8322954,353,0.2534387707710266,0.2656470537185669,0.2552700638771057,0.849999189376831,0.14999987185001373,,,,
0.8500000238418579,0.15000000596046448,11549,6817.677658881,0.22301417589187622,0.2351456582546234,0.2248339056968689,124,1778795601.2216794,354,,,,,,,,,
0.8500000238418579,0.15000000596046448,11599,6846.379603415,0.26118236780166626,0.26848602294921875,0.2622779309749603,124,1778795629.923587,355,,,,,,,,,
,,11624,6862.012731951,,,,124,1778795645.5564907,356,0.2492203414440155,0.26063796877861023,0.25093305110931396,0.849999189376831,0.14999987185001373,,,,
0.8500000238418579,0.15000000596046448,11649,6876.678532611,0.23421715199947357,0.24808818101882935,0.2362978160381317,125,1778795660.2226324,357,,,,,,,,,
0.8500000238418579,0.15000000596046448,11699,6905.200437895,0.2645711898803711,0.26698923110961914,0.26493391394615173,125,1778795688.7443478,358,,,,,,,,,
,,11717,6916.827829,,,,125,1778795700.3717601,359,0.25011807680130005,0.2650620937347412,0.2523597478866577,0.849999189376831,0.14999987185001373,,,,
0.8500000238418579,0.15000000596046448,11749,6935.448009888,0.24085520207881927,0.23758146166801453,0.2403641641139984,126,1778795718.992076,360,,,,,,,,,
0.8500000238418579,0.15000000596046448,11799,6964.233472856,0.25396621227264404,0.24956072866916656,0.2533054053783417,126,1778795747.7774413,361,,,,,,,,,
,,11810,6971.921664056,,,,126,1778795755.4655926,362,0.24376504123210907,0.25648921728134155,0.24567371606826782,0.849999189376831,0.14999987185001373,,,,
0.8500000238418579,0.15000000596046448,11849,6994.663504804,0.2185569405555725,0.24214866757392883,0.22209569811820984,127,1778795778.2076159,363,,,,,,,,,
0.8500000238418579,0.15000000596046448,11899,7023.576360961,0.24256274104118347,0.25021278858184814,0.2437102496623993,127,1778795807.1203802,364,,,,,,,,,
,,11903,7027.041964774,,,,127,1778795810.5859296,365,0.2359880656003952,0.25355589389801025,0.23862309753894806,0.849999189376831,0.14999987185001373,,,,
0.8500000238418579,0.15000000596046448,11949,7053.770082164,0.24481818079948425,0.2538020610809326,0.24616576731204987,128,1778795837.3140996,366,,,,,,,,,
,,11996,7082.061234205,,,,128,1778795865.6051552,367,0.24763040244579315,0.261758953332901,0.24974960088729858,0.849999189376831,0.14999987185001373,,,,
0.8500000238418579,0.15000000596046448,11999,7083.789264285,0.2558073103427887,0.26656919717788696,0.257421612739563,129,1778795867.3333147,368,,,,,,,,,
0.8500000238418579,0.15000000596046448,12049,7112.71773829,0.22667071223258972,0.2433391511440277,0.22917097806930542,129,1778795896.261826,369,,,,,,,,,
,,12089,7137.055183333,,,,129,1778795920.5990088,370,0.23748184740543365,0.25550001859664917,0.24018457531929016,0.849999189376831,0.14999987185001373,,,,
0.8500000238418579,0.15000000596046448,12099,7142.906311535,0.24764034152030945,0.2708880603313446,0.2511275112628937,130,1778795926.4504085,371,,,,,,,,,
0.8500000238418579,0.15000000596046448,12149,7171.438973519,0.2323697805404663,0.24703073501586914,0.23456893861293793,130,1778795954.9830577,372,,,,,,,,,
,,12182,7191.537815127,,,,130,1778795975.0814588,373,0.2403804063796997,0.2571133077144623,0.24289031326770782,0.849999189376831,0.14999987185001373,,,,
0.8500000238418579,0.15000000596046448,12199,7201.336047166,0.22725942730903625,0.24436438083648682,0.22982516884803772,131,1778795984.8801615,374,,,,,,,,,
0.8500000238418579,0.15000000596046448,12249,7230.344157088,0.2745649814605713,0.27005207538604736,0.2738880515098572,131,1778796013.888192,375,,,,,,,,,
,,12275,7246.573086661,,,,131,1778796030.117085,376,0.2396647334098816,0.25672832131385803,0.24222427606582642,0.849999189376831,0.14999987185001373,,,,
0.8500000238418579,0.15000000596046448,12299,7260.597273764,0.25046098232269287,0.26727306842803955,0.2529827952384949,132,1778796044.141232,377,,,,,,,,,
0.8500000238418579,0.15000000596046448,12349,7289.170601726,0.22424080967903137,0.24801212549209595,0.22780650854110718,132,1778796072.7147236,378,,,,,,,,,
,,12368,7301.199205051,,,,132,1778796084.7431242,379,0.2417406439781189,0.25822141766548157,0.24421271681785583,0.849999189376831,0.14999987185001373,,,,
0.8500000238418579,0.15000000596046448,12399,7318.985884178,0.2339499294757843,0.25546523928642273,0.23717722296714783,133,1778796102.5297356,380,,,,,,,,,
0.8500000238418579,0.15000000596046448,12449,7347.795520881,0.24556183815002441,0.24958325922489166,0.24616506695747375,133,1778796131.3395586,381,,,,,,,,,
,,12461,7355.917392191,,,,133,1778796139.4613304,382,0.22519704699516296,0.2446739673614502,0.22811861336231232,0.849999189376831,0.14999987185001373,,,,
0.8500000238418579,0.15000000596046448,12499,7377.682753418,0.24301230907440186,0.254060834646225,0.2446695864200592,134,1778796161.2266028,383,,,,,,,,,
0.8500000238418579,0.15000000596046448,12549,7406.501236076,0.22479599714279175,0.24397477507591248,0.22767281532287598,134,1778796190.04532,384,,,,,,,,,
,,12554,7410.554203739,,,,134,1778796194.098113,385,0.23094558715820312,0.24900539219379425,0.23365457355976105,0.849999189376831,0.14999987185001373,,,,
0.8500000238418579,0.15000000596046448,12599,7436.368899241,0.20011550188064575,0.23418113589286804,0.20522534847259521,135,1778796219.9128253,386,,,,,,,,,
,,12647,7465.09031804,,,,135,1778796248.6342041,387,0.22688451409339905,0.24436995387077332,0.22950732707977295,0.849999189376831,0.14999987185001373,,,,
0.8500000238418579,0.15000000596046448,12649,7466.241454952,0.21423038840293884,0.23722876608371735,0.2176801562309265,136,1778796249.7854643,388,,,,,,,,,
0.8500000238418579,0.15000000596046448,12699,7494.854622221,0.20144666731357574,0.23807251453399658,0.20694056153297424,136,1778796278.3986907,389,,,,,,,,,
,,12740,7519.400501256,,,,136,1778796302.944291,390,0.22291862964630127,0.24164064228534698,0.22572696208953857,0.849999189376831,0.14999987185001373,,,,
0.8500000238418579,0.15000000596046448,12749,7524.69114917,0.19466570019721985,0.2428605556488037,0.20189493894577026,137,1778796308.235188,391,,,,,,,,,
0.8500000238418579,0.15000000596046448,12799,7553.433377281,0.2379811406135559,0.2479754388332367,0.23948028683662415,137,1778796336.9774156,392,,,,,,,,,
,,12833,7574.462507805,,,,137,1778796358.0064,393,0.22610445320606232,0.24338078498840332,0.22869591414928436,0.849999189376831,0.14999987185001373,,,,
0.8500000238418579,0.15000000596046448,12849,7583.687398513,0.22065387666225433,0.24960918724536896,0.22499719262123108,138,1778796367.2314348,394,,,,,,,,,
0.8500000238418579,0.15000000596046448,12899,7612.281815282,0.22365635633468628,0.23571977019309998,0.22546587884426117,138,1778796395.8259153,395,,,,,,,,,
,,12926,7628.898808315,,,,138,1778796412.442682,396,0.2260376363992691,0.2447323352098465,0.2288418710231781,0.849999189376831,0.14999987185001373,,,,
0.8500000238418579,0.15000000596046448,12949,7642.207318299,0.20775125920772552,0.23401591181755066,0.2116909623146057,139,1778796425.7513988,397,,,,,,,,,
0.8500000238418579,0.15000000596046448,12999,7671.015775994,0.2224886417388916,0.23600894212722778,0.22451668977737427,139,1778796454.559808,398,,,,,,,,,
,,13019,7683.827595655,,,,139,1778796467.3711658,399,0.21871642768383026,0.2367314100265503,0.22141869366168976,0.849999189376831,0.14999987185001373,,,,
0.8500000238418579,0.15000000596046448,13049,7701.092540292,0.1952810287475586,0.22557218372821808,0.19982470571994781,140,1778796484.6366146,400,,,,,,,,,
0.8500000238418579,0.15000000596046448,13099,7729.664805938,0.2191375494003296,0.23175522685050964,0.22103020548820496,140,1778796513.208882,401,,,,,,,,,
,,13112,7738.257620232,,,,140,1778796521.8016043,402,0.207997664809227,0.22647899389266968,0.2107698619365692,0.849999189376831,0.14999987185001373,,,,
0.8500000238418579,0.15000000596046448,13149,7759.646543202,0.20573653280735016,0.2314787358045578,0.2095978707075119,141,1778796543.1905196,403,,,,,,,,,
0.8500000238418579,0.15000000596046448,13199,7788.213296859,0.1988043189048767,0.23668864369392395,0.20448698103427887,141,1778796571.7574067,404,,,,,,,,,
,,13205,7792.986167023,,,,141,1778796576.5301497,405,0.2149968296289444,0.23424991965293884,0.21788477897644043,0.849999189376831,0.14999987185001373,,,,
0.8500000238418579,0.15000000596046448,13249,7818.277916906,0.2207222282886505,0.24261009693145752,0.22400541603565216,142,1778796601.8218527,406,,,,,,,,,
,,13298,7847.618437733,,,,142,1778796631.162258,407,0.22840264439582825,0.24718524515628815,0.2312200963497162,0.849999189376831,0.14999987185001373,,,,
0.8500000238418579,0.15000000596046448,13299,7848.237746401,0.25821453332901,0.26189130544662476,0.2587660551071167,143,1778796631.781843,408,,,,,,,,,
0.8500000238418579,0.15000000596046448,13349,7877.184089952,0.1980295181274414,0.23683539032936096,0.2038504034280777,143,1778796660.7280946,409,,,,,,,,,
,,13391,7902.421731579,,,,143,1778796685.9656312,410,0.2167910933494568,0.23687177896499634,0.21980318427085876,0.849999189376831,0.14999987185001373,,,,
0.8500000238418579,0.15000000596046448,13399,7907.104061439,0.2227507382631302,0.24101325869560242,0.22549012303352356,144,1778796690.6480093,411,,,,,,,,,
0.8500000238418579,0.15000000596046448,13449,7935.86240484,0.21375373005867004,0.21464979648590088,0.21388815343379974,144,1778796719.4063094,412,,,,,,,,,
,,13484,7957.056685044,,,,144,1778796740.600549,413,0.21458189189434052,0.2302972376346588,0.21693921089172363,0.849999189376831,0.14999987185001373,,,,
0.8500000238418579,0.15000000596046448,13499,7965.68473413,0.18594755232334137,0.2134232223033905,0.19006890058517456,145,1778796749.2288334,414,,,,,,,,,
0.8500000238418579,0.15000000596046448,13549,7994.508818871,0.21813037991523743,0.2404712736606598,0.22148151695728302,145,1778796778.052715,415,,,,,,,,,
,,13577,8011.864920156,,,,145,1778796795.4089398,416,0.21238216757774353,0.23067894577980042,0.21512669324874878,0.849999189376831,0.14999987185001373,,,,
0.8500000238418579,0.15000000596046448,13599,8024.482914446,0.22118476033210754,0.2575567364692688,0.22664056718349457,146,1778796808.027001,417,,,,,,,,,
0.8500000238418579,0.15000000596046448,13649,8053.388358692,0.2237025797367096,0.2459755539894104,0.2270435243844986,146,1778796836.932245,418,,,,,,,,,
,,13670,8066.546376943,,,,146,1778796850.0903475,419,0.22442354261875153,0.24932561814785004,0.2281588912010193,0.849999189376831,0.14999987185001373,,,,
0.8500000238418579,0.15000000596046448,13699,8083.504416117,0.22934898734092712,0.2583048939704895,0.23369237780570984,147,1778796867.0484717,420,,,,,,,,,
0.8500000238418579,0.15000000596046448,13749,8112.122896338,0.23188531398773193,0.26935887336730957,0.23750634491443634,147,1778796895.6667001,421,,,,,,,,,
,,13763,8121.295828887,,,,147,1778796904.8397412,422,0.2259553074836731,0.24736294150352478,0.2291664481163025,0.849999189376831,0.14999987185001373,,,,
0.8500000238418579,0.15000000596046448,13799,8142.024245648,0.23946408927440643,0.2476322501897812,0.24068932235240936,148,1778796925.5682793,423,,,,,,,,,
0.8500000238418579,0.15000000596046448,13849,8170.815566037,0.20793958008289337,0.2476477324962616,0.21389581263065338,148,1778796954.3596103,424,,,,,,,,,
,,13856,8175.940204617,,,,148,1778796959.484042,425,0.22226421535015106,0.2437768280506134,0.22549115121364594,0.849999189376831,0.14999987185001373,,,,
0.8500000238418579,0.15000000596046448,13899,8200.587967193,0.20849396288394928,0.22397154569625854,0.21081560850143433,149,1778796984.1320856,426,,,,,,,,,
0.8500000238418579,0.15000000596046448,13949,8229.277916166,0.21162618696689606,0.23553811013698578,0.21521297097206116,149,1778797012.8219926,427,,,,,,,,,
,,13949,8230.490422784,,,,149,1778797014.03437,428,0.21498751640319824,0.2335846871137619,0.21777702867984772,0.849999189376831,0.14999987185001373,,,,
0.8500000238418579,0.15000000596046448,13999,8259.20573865,0.2255120575428009,0.24944178760051727,0.2291015237569809,150,1778797042.749611,429,,,,,,,,,
,,14042,8285.142381432,,,,150,1778797068.68618,430,0.21229077875614166,0.23490756750106812,0.21568335592746735,0.849999189376831,0.14999987185001373,,,,
0.8500000238418579,0.15000000596046448,14049,8289.275246232,0.26109689474105835,0.2604680061340332,0.2610025703907013,151,1778797072.8193114,431,,,,,,,,,
0.8500000238418579,0.15000000596046448,14099,8318.041753598,0.23416657745838165,0.23232519626617432,0.2338903695344925,151,1778797101.5858169,432,,,,,,,,,
,,14135,8340.258510784,,,,151,1778797123.8024023,433,0.21669387817382812,0.23698201775550842,0.21973709762096405,0.849999189376831,0.14999987185001373,,,,
0.8500000238418579,0.15000000596046448,14149,8348.325321605,0.1941666454076767,0.22498632967472076,0.19878961145877838,152,1778797131.8693533,434,,,,,,,,,
0.8500000238418579,0.15000000596046448,14199,8376.942571334,0.21578970551490784,0.24202238023281097,0.2197246104478836,152,1778797160.4866238,435,,,,,,,,,
,,14228,8395.103592403,,,,152,1778797178.6475303,436,0.21911022067070007,0.24113334715366364,0.22241367399692535,0.849999189376831,0.14999987185001373,,,,
0.8500000238418579,0.15000000596046448,14249,8407.335698989,0.22966480255126953,0.24912375211715698,0.2325836569070816,153,1778797190.8797433,437,,,,,,,,,
0.8500000238418579,0.15000000596046448,14299,8435.930858263,0.22928854823112488,0.24319025874137878,0.23137381672859192,153,1778797219.4747674,438,,,,,,,,,
,,14321,8449.840512624,,,,153,1778797233.3844929,439,0.22044776380062103,0.24181419610977173,0.22365275025367737,0.849999189376831,0.14999987185001373,,,,
0.8500000238418579,0.15000000596046448,14349,8466.356732144,0.22267459332942963,0.24680942296981812,0.22629483044147491,154,1778797249.9007013,440,,,,,,,,,
0.8500000238418579,0.15000000596046448,14399,8495.06612895,0.23135855793952942,0.23539002239704132,0.23196329176425934,154,1778797278.6100981,441,,,,,,,,,
,,14414,8504.864012081,,,,154,1778797288.4079378,442,0.2215936779975891,0.24456056952476501,0.22503864765167236,0.849999189376831,0.14999987185001373,,,,
,,14415,8522.196532381,,,,155,1778797305.740604,443,,,,,,1.1087369918823242,12.363486289978027,0.6705191135406494,7.95625114440918
