tloss_s_step,w_accuracy_step,epoch,trainer/global_step,_runtime,_step,tloss_a_step,tloss_step,w_stability_step,_timestamp,w_accuracy_epoch,w_stability_epoch,tloss_a_epoch,tloss_s_epoch,tloss_epoch,sMAPE,RMSSC,sMAPC,RMSSE
0.38801851868629456,1.0,0,49,20.024278873,0,1.2223713397979736,1.2223713397979736,0.0,1778423075.1852114,,,,,,,,,
,,0,92,38.187592711,1,,,,1778423093.348543,1.0,0.0,1.3712102174758911,0.39928123354911804,1.3712102174758911,,,,
0.4187965989112854,1.0,1,99,40.859674426,2,1.2000025510787964,1.2000025510787964,0.0,1778423096.020742,,,,,,,,,
0.42709508538246155,1.0,1,149,60.369175245,3,1.16493558883667,1.16493558883667,0.0,1778423115.5303578,,,,,,,,,
,,1,185,75.839148,4,,,,1778423131.000243,1.0,0.0,1.161316990852356,0.4252224862575531,1.161316990852356,,,,
0.4492291510105133,1.0,2,199,81.296827515,5,1.0787302255630493,1.0787302255630493,0.0,1778423136.4578974,,,,,,,,,
0.4246639013290405,1.0,2,249,100.797749532,6,1.1282379627227783,1.1282379627227783,0.0,1778423155.9587538,,,,,,,,,
,,2,278,113.778664375,7,,,,1778423168.939539,1.0,0.0,1.108762502670288,0.43813323974609375,1.108762502670288,,,,
0.4352545142173767,1.0,3,299,121.931864392,8,1.0581331253051758,1.0581331253051758,0.0,1778423177.0926983,,,,,,,,,
0.4567565321922302,1.0,3,349,141.529677861,9,1.051274299621582,1.051274299621582,0.0,1778423196.6906807,,,,,,,,,
,,3,371,151.738270512,10,,,,1778423206.8993127,1.0,0.0,1.084244728088379,0.4431582987308502,1.084244728088379,,,,
0.46366697549819946,1.0,4,399,162.699880855,11,1.080256462097168,1.080256462097168,0.0,1778423217.8609736,,,,,,,,,
0.42147862911224365,1.0,4,449,182.28818962,12,0.9661920070648193,0.9661920070648193,0.0,1778423237.4492555,,,,,,,,,
,,4,464,189.789281359,13,,,,1778423244.9503207,1.0,0.0,1.043975591659546,0.44561767578125,1.043975591659546,,,,
0.4465429484844208,1.0,5,499,203.388081959,14,1.0614473819732666,1.0614473819732666,0.0,1778423258.5491962,,,,,,,,,
0.4614306688308716,1.0,5,549,222.959866971,15,0.985535740852356,0.985535740852356,0.0,1778423278.1209395,,,,,,,,,
,,5,557,227.641113539,16,,,,1778423282.802138,1.0,0.0,1.038803219795227,0.42965853214263916,1.038803219795227,,,,
0.45495492219924927,1.0,6,599,244.033289156,17,1.1044702529907227,1.1044702529907227,0.0,1778423299.1942577,,,,,,,,,
0.4061707854270935,1.0,6,649,263.584425302,18,0.9632507562637329,0.9632507562637329,0.0,1778423318.7455087,,,,,,,,,
,,6,650,265.614975467,19,,,,1778423320.7759411,1.0,0.0,1.0312803983688354,0.4333692193031311,1.0312803983688354,,,,
0.3746034502983093,1.0,7,699,284.730404511,20,0.9690721035003662,0.9690721035003662,0.0,1778423339.891514,,,,,,,,,
,,7,743,303.559871823,21,,,,1778423358.7208993,1.0,0.0,1.0126348733901978,0.4339214861392975,1.0126348733901978,,,,
0.4368082880973816,1.0,8,749,306.008298,22,0.9871260523796082,0.9871260523796082,0.0,1778423361.1694298,,,,,,,,,
0.4032753109931946,1.0,8,799,325.419985876,23,1.0491846799850464,1.0491846799850464,0.0,1778423380.5810103,,,,,,,,,
,,8,836,341.467652344,24,,,,1778423396.628743,1.0,0.0,0.9994077682495117,0.44681453704833984,0.9994077682495117,,,,
0.39182496070861816,1.0,9,849,346.582680341,25,0.9563775062561035,0.9563775062561035,0.0,1778423401.7438154,,,,,,,,,
0.417707622051239,1.0,9,899,365.984349751,26,1.0125082731246948,1.0125082731246948,0.0,1778423421.1453223,,,,,,,,,
,,9,929,379.366954573,27,,,,1778423434.5278137,1.0,0.0,0.9813871383666992,0.44132000207901,0.9813871383666992,,,,
0.4537573456764221,1.0,10,949,387.103049625,28,1.0057358741760254,1.0057358741760254,0.0,1778423442.2640917,,,,,,,,,
0.41995561122894287,1.0,10,999,406.625955756,29,0.9177548885345459,0.9177548885345459,0.0,1778423461.7869394,,,,,,,,,
,,10,1022,417.106457183,30,,,,1778423472.2674816,1.0,0.0,0.9704259037971497,0.44979867339134216,0.9704259037971497,,,,
0.45316702127456665,1.0,11,1049,427.540937542,31,1.0199862718582153,1.0199862718582153,0.0,1778423482.70207,,,,,,,,,
0.44568395614624023,1.0,11,1099,446.784652644,32,0.9696323275566101,0.9696323275566101,0.0,1778423501.9458241,,,,,,,,,
,,11,1115,454.612974934,33,,,,1778423509.7741191,1.0,0.0,0.97254478931427,0.45325085520744324,0.97254478931427,,,,
0.4665589928627014,1.0,12,1149,467.899666545,34,1.0234355926513672,1.0234355926513672,0.0,1778423523.0608814,,,,,,,,,
0.4889792799949646,1.0,12,1199,487.190631683,35,0.9143156409263611,0.9143156409263611,0.0,1778423542.351698,,,,,,,,,
,,12,1208,492.342146172,36,,,,1778423547.5031395,1.0,0.0,0.9533001184463501,0.46067479252815247,0.9533001184463501,,,,
0.45440950989723206,1.0,13,1249,508.292696351,37,0.9417192339897156,0.9417192339897156,0.0,1778423563.4537036,,,,,,,,,
0.4703117609024048,1.0,13,1299,527.622831231,38,0.9531888961791992,0.9531888961791992,0.0,1778423582.7839174,,,,,,,,,
,,13,1301,530.02607348,39,,,,1778423585.1871634,1.0,0.0,0.9418201446533203,0.4629553556442261,0.9418201446533203,,,,
0.4595526456832886,1.0,14,1349,548.73912538,40,0.9429815411567688,0.9429815411567688,0.0,1778423603.900152,,,,,,,,,
,,14,1394,567.785701803,41,,,,1778423622.9468248,1.0,0.0,0.933096706867218,0.4759531617164612,0.933096706867218,,,,
0.44574376940727234,1.0,15,1399,569.738750112,42,0.9380978941917419,0.9380978941917419,0.0,1778423624.899786,,,,,,,,,
0.5046757459640503,1.0,15,1449,589.345515602,43,0.9456933736801147,0.9456933736801147,0.0,1778423644.506567,,,,,,,,,
,,15,1487,605.715198192,44,,,,1778423660.8762424,1.0,0.0,0.9239027500152588,0.4849069118499756,0.9239027500152588,,,,
0.4594786763191223,1.0,16,1499,610.448264227,45,0.9113461971282959,0.9113461971282959,0.0,1778423665.6092978,,,,,,,,,
0.47870510816574097,1.0,16,1549,629.895045803,46,0.894804835319519,0.894804835319519,0.0,1778423685.0559955,,,,,,,,,
,,16,1580,643.739745722,47,,,,1778423698.9008746,1.0,0.0,0.9058948755264282,0.49045833945274353,0.9058948755264282,,,,
0.5021277666091919,1.0,17,1599,651.0560685,48,0.8874743580818176,0.8874743580818176,0.0,1778423706.2172506,,,,,,,,,
0.481289267539978,1.0,17,1649,670.433906474,49,0.850242018699646,0.850242018699646,0.0,1778423725.5949504,,,,,,,,,
,,17,1673,681.279160145,50,,,,1778423736.4402537,1.0,0.0,0.8877372145652771,0.4917565584182739,0.8877372145652771,,,,
0.47234395146369934,1.0,18,1699,691.391798486,51,0.8991212844848633,0.8991212844848633,0.0,1778423746.5530102,,,,,,,,,
0.5049930810928345,1.0,18,1749,710.822036989,52,0.8811562061309814,0.8811562061309814,0.0,1778423765.9832695,,,,,,,,,
,,18,1766,719.046112253,53,,,,1778423774.2070787,1.0,0.0,0.8703556060791016,0.4970439374446869,0.8703556060791016,,,,
0.5025376677513123,1.0,19,1799,731.801364884,54,0.8713376522064209,0.8713376522064209,0.0,1778423786.9623935,,,,,,,,,
0.48388779163360596,1.0,19,1849,751.278610827,55,0.8513263463973999,0.8513263463973999,0.0,1778423806.439644,,,,,,,,,
,,19,1859,756.837511882,56,,,,1778423811.9985342,1.0,0.0,0.8763584494590759,0.5107826590538025,0.8763584494590759,,,,
0.4474315643310547,1.0,20,1899,772.218042113,57,0.7456721067428589,0.7456721067428589,0.0,1778423827.3791366,,,,,,,,,
0.49772119522094727,1.0,20,1949,791.687728586,58,0.8782879114151001,0.8782879114151001,0.0,1778423846.8487842,,,,,,,,,
,,20,1952,794.479199513,59,,,,1778423849.6401622,1.0,0.0,0.8461247682571411,0.5082349181175232,0.8461247682571411,,,,
0.5130376219749451,1.0,21,1999,812.676592669,60,0.8510931730270386,0.8510931730270386,0.0,1778423867.8374999,,,,,,,,,
,,21,2045,832.068343387,61,,,,1778423887.2291772,1.0,0.0,0.8346511721611023,0.5050450563430786,0.8346511721611023,,,,
0.49993896484375,1.0,22,2049,833.767326346,62,0.8140132427215576,0.8140132427215576,0.0,1778423888.928417,,,,,,,,,
0.5187900066375732,1.0,22,2099,853.066312652,63,0.7934828996658325,0.7934828996658325,0.0,1778423908.2273881,,,,,,,,,
,,22,2138,869.797000817,64,,,,1778423924.9580796,1.0,0.0,0.8199788331985474,0.5104919075965881,0.8199788331985474,,,,
0.5370750427246094,1.0,23,2149,874.136599789,65,0.8154292702674866,0.8154292702674866,0.0,1778423929.2977002,,,,,,,,,
0.5152322053909302,1.0,23,2199,893.522372291,66,0.7846841216087341,0.7846841216087341,0.0,1778423948.68354,,,,,,,,,
,,23,2231,907.65801206,67,,,,1778423962.8190656,1.0,0.0,0.8022454977035522,0.5131263136863708,0.8022454977035522,,,,
0.4973764717578888,1.0,24,2249,914.868739422,68,0.8397412300109863,0.8397412300109863,0.0,1778423970.0296342,,,,,,,,,
0.49140262603759766,1.0,24,2299,934.20245713,69,0.7407257556915283,0.7407257556915283,0.0,1778423989.3634315,,,,,,,,,
,,24,2324,945.528080628,70,,,,1778424000.6890898,1.0,0.0,0.7928178906440735,0.5097744464874268,0.7928178906440735,,,,
0.4959188401699066,1.0,25,2349,955.078366474,71,0.7723579406738281,0.7723579406738281,0.0,1778424010.239296,,,,,,,,,
0.49642765522003174,1.0,25,2399,974.592350187,72,0.7251691818237305,0.7251691818237305,0.0,1778424029.7533884,,,,,,,,,
,,25,2417,983.234732941,73,,,,1778424038.395686,1.0,0.0,0.7690509557723999,0.5051860809326172,0.7690509557723999,,,,
0.49596017599105835,1.0,26,2449,995.709786846,74,0.7743241190910339,0.7743241190910339,0.0,1778424050.8708727,,,,,,,,,
0.5210105776786804,1.0,26,2499,1015.316593493,75,0.7440532445907593,0.7440532445907593,0.0,1778424070.4775667,,,,,,,,,
,,26,2510,1021.307628162,76,,,,1778424076.4686658,1.0,0.0,0.7588483095169067,0.49932315945625305,0.7588483095169067,,,,
0.5116026401519775,1.0,27,2549,1036.435628248,77,0.775431752204895,0.775431752204895,0.0,1778424091.5966744,,,,,,,,,
0.5394510626792908,1.0,27,2599,1055.98411289,78,0.7281869649887085,0.7281869649887085,0.0,1778424111.1452587,,,,,,,,,
,,27,2603,1059.161859963,79,,,,1778424114.322908,1.0,0.0,0.7524259090423584,0.5123307704925537,0.7524259090423584,,,,
0.47759750485420227,1.0,28,2649,1076.994153947,80,0.7516803741455078,0.7516803741455078,0.0,1778424132.155257,,,,,,,,,
,,28,2696,1096.85892594,81,,,,1778424152.0199106,1.0,0.0,0.746817946434021,0.5023171305656433,0.746817946434021,,,,
0.48540517687797546,1.0,29,2699,1098.022828144,82,0.7601151466369629,0.7601151466369629,0.0,1778424153.1840324,,,,,,,,,
0.4885791838169098,1.0,29,2749,1117.527643442,83,0.7177445888519287,0.7177445888519287,0.0,1778424172.688779,,,,,,,,,
,,29,2789,1134.773685616,84,,,,1778424189.9348032,1.0,0.0,0.7348758578300476,0.5087085962295532,0.7348758578300476,,,,
0.516211986541748,1.0,30,2799,1138.578419858,85,0.7047028541564941,0.7047028541564941,0.0,1778424193.739549,,,,,,,,,
0.49133533239364624,1.0,30,2849,1158.127247587,86,0.7385942339897156,0.7385942339897156,0.0,1778424213.288395,,,,,,,,,
,,30,2882,1172.567387842,87,,,,1778424227.728489,1.0,0.0,0.7211828827857971,0.5023834705352783,0.7211828827857971,,,,
0.49199146032333374,1.0,31,2899,1179.220323346,88,0.7171245217323303,0.7171245217323303,0.0,1778424234.3815234,,,,,,,,,
0.4909876585006714,1.0,31,2949,1198.632687429,89,0.6770957708358765,0.6770957708358765,0.0,1778424253.7935529,,,,,,,,,
,,31,2975,1210.217661854,90,,,,1778424265.378627,1.0,0.0,0.7131388783454895,0.5016334056854248,0.7131388783454895,,,,
0.5066063404083252,1.0,32,2999,1219.684333055,91,0.6992026567459106,0.6992026567459106,0.0,1778424274.8453615,,,,,,,,,
0.49750590324401855,1.0,32,3049,1239.227115177,92,0.685543417930603,0.685543417930603,0.0,1778424294.3882186,,,,,,,,,
,,32,3068,1248.360540794,93,,,,1778424303.5216045,1.0,0.0,0.7013586163520813,0.500000536441803,0.7013586163520813,,,,
0.49942392110824585,1.0,33,3099,1260.433075833,94,0.6982302069664001,0.6982302069664001,0.0,1778424315.5941696,,,,,,,,,
0.5097684860229492,1.0,33,3149,1279.967743133,95,0.7146639823913574,0.7146639823913574,0.0,1778424335.1288118,,,,,,,,,
,,33,3161,1286.218123541,96,,,,1778424341.3791096,1.0,0.0,0.6933937668800354,0.4980405867099762,0.6933937668800354,,,,
0.4794715642929077,1.0,34,3199,1301.033849724,97,0.7041192650794983,0.7041192650794983,0.0,1778424356.1948774,,,,,,,,,
0.5225668549537659,1.0,34,3249,1320.399514493,98,0.707776665687561,0.707776665687561,0.0,1778424375.5604644,,,,,,,,,
,,34,3254,1324.086611132,99,,,,1778424379.2476008,1.0,0.0,0.6875272989273071,0.4960050582885742,0.6875272989273071,,,,
0.4861951470375061,1.0,35,3299,1341.536981314,100,0.6491990089416504,0.6491990089416504,0.0,1778424396.698102,,,,,,,,,
,,35,3347,1361.540288162,101,,,,1778424416.7012255,1.0,0.0,0.6664093732833862,0.4874768853187561,0.6664093732833862,,,,
0.5188866853713989,1.0,36,3349,1362.312701939,102,0.7469408512115479,0.7469408512115479,0.0,1778424417.473802,,,,,,,,,
0.4703609347343445,1.0,36,3399,1381.991484938,103,0.6669976711273193,0.6669976711273193,0.0,1778424437.1525266,,,,,,,,,
,,36,3440,1399.671977939,104,,,,1778424454.832946,1.0,0.0,0.6723251938819885,0.49585461616516113,0.6723251938819885,,,,
0.49526435136795044,1.0,37,3449,1403.076924775,105,0.6694560647010803,0.6694560647010803,0.0,1778424458.2380393,,,,,,,,,
0.4656646251678467,1.0,37,3499,1422.502446735,106,0.6544233560562134,0.6544233560562134,0.0,1778424477.663521,,,,,,,,,
,,37,3533,1437.224499257,107,,,,1778424492.3854487,1.0,0.0,0.6695549488067627,0.5010084509849548,0.6695549488067627,,,,
0.5020143389701843,1.0,38,3549,1443.431991957,108,0.6690707206726074,0.6690707206726074,0.0,1778424498.5929463,,,,,,,,,
0.5259485244750977,1.0,38,3599,1462.842505098,109,0.6732526421546936,0.6732526421546936,0.0,1778424518.0036511,,,,,,,,,
,,38,3626,1475.057668293,110,,,,1778424530.2185988,1.0,0.0,0.6550204753875732,0.49048930406570435,0.6550204753875732,,,,
0.4765298068523407,1.0,39,3649,1483.858473909,111,0.643979549407959,0.643979549407959,0.0,1778424539.0195782,,,,,,,,,
0.4918471574783325,1.0,39,3699,1503.151825108,112,0.6631307601928711,0.6631307601928711,0.0,1778424558.3128107,,,,,,,,,
,,39,3719,1512.607011278,113,,,,1778424567.768091,1.0,0.0,0.6410382390022278,0.4876183867454529,0.6410382390022278,,,,
0.4978245496749878,1.0,40,3749,1524.121942596,114,0.5906347036361694,0.5906347036361694,0.0,1778424579.283083,,,,,,,,,
0.45112133026123047,1.0,40,3799,1543.244704326,115,0.6197830438613892,0.6197830438613892,0.0,1778424598.405772,,,,,,,,,
,,40,3812,1549.937033869,116,,,,1778424605.0978239,1.0,0.0,0.631862998008728,0.4724697470664978,0.631862998008728,,,,
0.5009630918502808,1.0,41,3849,1564.644477342,117,0.6659760475158691,0.6659760475158691,0.0,1778424619.8054042,,,,,,,,,
0.46654319763183594,1.0,41,3899,1584.690285098,118,0.6303800344467163,0.6303800344467163,0.0,1778424639.851321,,,,,,,,,
,,41,3905,1588.669851452,119,,,,1778424643.8307986,1.0,0.0,0.6310733556747437,0.4840695858001709,0.6310733556747437,,,,
0.49247851967811584,1.0,42,3949,1605.95462002,120,0.614257276058197,0.614257276058197,0.0,1778424661.1156688,,,,,,,,,
,,42,3998,1626.504969912,121,,,,1778424681.665997,1.0,0.0,0.6066828370094299,0.46966636180877686,0.6066828370094299,,,,
0.46501171588897705,1.0,43,3999,1626.903027168,122,0.6151229739189148,0.6151229739189148,0.0,1778424682.0642445,,,,,,,,,
0.4940577745437622,1.0,43,4049,1646.249842031,123,0.6211214065551758,0.6211214065551758,0.0,1778424701.4108834,,,,,,,,,
,,43,4091,1664.212544416,124,,,,1778424719.3736093,1.0,0.0,0.6051747798919678,0.4746783375740051,0.6051747798919678,,,,
0.4757189452648163,1.0,44,4099,1667.406430344,125,0.5916714668273926,0.5916714668273926,0.0,1778424722.5676196,,,,,,,,,
0.4195821285247803,1.0,44,4149,1686.834173472,126,0.560992956161499,0.560992956161499,0.0,1778424741.9953244,,,,,,,,,
,,44,4184,1702.244539775,127,,,,1778424757.4055629,1.0,0.0,0.6079025864601135,0.47962233424186707,0.6079025864601135,,,,
0.45683589577674866,1.0,45,4199,1708.096052579,128,0.5802650451660156,0.5802650451660156,0.0,1778424763.2572002,,,,,,,,,
0.4156772494316101,1.0,45,4249,1727.511849489,129,0.5256780385971069,0.5256780385971069,0.0,1778424782.6727822,,,,,,,,,
,,45,4277,1740.086877998,130,,,,1778424795.2479765,1.0,0.0,0.5974979400634766,0.46813496947288513,0.5974979400634766,,,,
0.46112269163131714,1.0,46,4299,1748.772242422,131,0.5540169477462769,0.5540169477462769,0.0,1778424803.9331412,,,,,,,,,
0.4588465690612793,1.0,46,4349,1768.157650226,132,0.5649974942207336,0.5649974942207336,0.0,1778424823.318745,,,,,,,,,
,,46,4370,1778.003890406,133,,,,1778424833.1649818,1.0,0.0,0.5826219320297241,0.4624254107475281,0.5826219320297241,,,,
0.43205416202545166,1.0,47,4399,1789.261234602,134,0.5896928310394287,0.5896928310394287,0.0,1778424844.4223588,,,,,,,,,
0.4531489312648773,1.0,47,4449,1808.638116095,135,0.559126079082489,0.559126079082489,0.0,1778424863.7992523,,,,,,,,,
,,47,4463,1815.71772044,136,,,,1778424870.8788047,1.0,0.0,0.586082935333252,0.4704858660697937,0.586082935333252,,,,
0.4384612441062927,1.0,48,4499,1829.82481689,137,0.5574353933334351,0.5574353933334351,0.0,1778424884.9859467,,,,,,,,,
0.46810412406921387,1.0,48,4549,1849.215407454,138,0.5299041271209717,0.5299041271209717,0.0,1778424904.3765779,,,,,,,,,
,,48,4556,1853.65546306,139,,,,1778424908.8165846,1.0,0.0,0.5832525491714478,0.4730707108974457,0.5832525491714478,,,,
0.4711499810218811,1.0,49,4599,1870.334791253,140,0.5480775833129883,0.5480775833129883,0.0,1778424925.4959717,,,,,,,,,
0.4460388720035553,1.0,49,4649,1889.732361915,141,0.531855583190918,0.531855583190918,0.0,1778424944.8935602,,,,,,,,,
,,49,4649,1891.354777984,142,,,,1778424946.5159354,1.0,0.0,0.5779445171356201,0.4698317050933838,0.5779445171356201,,,,
0.4544064402580261,1.0,50,4699,1910.8404142,143,0.5616487264633179,0.5616487264633179,0.0,1778424966.0016308,,,,,,,,,
,,50,4742,1929.279486995,144,,,,1778424984.4404948,1.0,0.0,0.5599321126937866,0.46341773867607117,0.5599321126937866,,,,
0.45578712224960327,1.0,51,4749,1931.966544199,145,0.5614596605300903,0.5614596605300903,0.0,1778424987.1277475,,,,,,,,,
0.4199071526527405,1.0,51,4799,1951.443863407,146,0.47916877269744873,0.47916877269744873,0.0,1778425006.6049554,,,,,,,,,
,,51,4835,1966.996673181,147,,,,1778425022.1577272,1.0,0.0,0.5558536648750305,0.4592893421649933,0.5558536648750305,,,,
0.46921586990356445,1.0,52,4849,1972.465672178,148,0.5466787219047546,0.5466787219047546,0.0,1778425027.626673,,,,,,,,,
0.48728442192077637,1.0,52,4899,1992.057635938,149,0.5663076043128967,0.5663076043128967,0.0,1778425047.218657,,,,,,,,,
,,52,4928,2005.053357673,150,,,,1778425060.2143633,1.0,0.0,0.5613162517547607,0.46472400426864624,0.5613162517547607,,,,
0.4521442651748657,1.0,53,4949,2013.235198247,151,0.5421348214149475,0.5421348214149475,0.0,1778425068.3960934,,,,,,,,,
0.43209290504455566,1.0,53,4999,2032.953733407,152,0.5203992128372192,0.5203992128372192,0.0,1778425088.1148963,,,,,,,,,
,,53,5021,2043.234841207,153,,,,1778425098.3957448,1.0,0.0,0.5572935342788696,0.4657426178455353,0.5572935342788696,,,,
0.46012964844703674,1.0,54,5049,2054.257978269,154,0.4853076934814453,0.4853076934814453,0.0,1778425109.4188845,,,,,,,,,
0.5093470811843872,1.0,54,5099,2073.735618343,155,0.5715179443359375,0.5715179443359375,0.0,1778425128.8967192,,,,,,,,,
,,54,5114,2081.112283353,156,,,,1778425136.2733145,1.0,0.0,0.5397508144378662,0.45614877343177795,0.5397508144378662,,,,
0.44955727458000183,1.0,55,5149,2094.916053717,157,0.5396676063537598,0.5396676063537598,0.0,1778425150.0769627,,,,,,,,,
0.46959415078163147,1.0,55,5199,2114.578422601,158,0.5557270646095276,0.5557270646095276,0.0,1778425169.7394626,,,,,,,,,
,,55,5207,2119.26246296,159,,,,1778425174.4234796,1.0,0.0,0.5390440225601196,0.4563295245170593,0.5390440225601196,,,,
0.42117810249328613,1.0,56,5249,2135.600594701,160,0.4957772493362427,0.4957772493362427,0.0,1778425190.761659,,,,,,,,,
0.432521253824234,1.0,56,5299,2155.071626587,161,0.48791220784187317,0.48791220784187317,0.0,1778425210.2326636,,,,,,,,,
,,56,5300,2157.074001642,162,,,,1778425212.2349892,1.0,0.0,0.5222830176353455,0.4457763731479645,0.5222830176353455,,,,
0.48638543486595154,1.0,57,5349,2176.063994135,163,0.5617311000823975,0.5617311000823975,0.0,1778425231.2250028,,,,,,,,,
,,57,5393,2194.736277793,164,,,,1778425249.897345,1.0,0.0,0.5228099226951599,0.4475274384021759,0.5228099226951599,,,,
0.4149630665779114,1.0,58,5399,2197.156963818,165,0.4853654205799103,0.4853654205799103,0.0,1778425252.3180175,,,,,,,,,
0.4366031289100647,1.0,58,5449,2216.426123058,166,0.5027817487716675,0.5027817487716675,0.0,1778425271.587219,,,,,,,,,
,,58,5486,2232.40823215,167,,,,1778425287.569302,1.0,0.0,0.5078045129776001,0.43449246883392334,0.5078045129776001,,,,
0.472179114818573,1.0,59,5499,2237.469110507,168,0.5527173280715942,0.5527173280715942,0.0,1778425292.6301334,,,,,,,,,
0.4544658660888672,1.0,59,5549,2256.737232303,169,0.5082724094390869,0.5082724094390869,0.0,1778425311.898303,,,,,,,,,
,,59,5579,2270.117663853,170,,,,1778425325.2787066,1.0,0.0,0.5243450999259949,0.4574408233165741,0.5243450999259949,,,,
0.4328661561012268,1.0,60,5599,2277.848465208,171,0.5150830745697021,0.5150830745697021,0.0,1778425333.0095823,,,,,,,,,
0.44048815965652466,1.0,60,5649,2297.29318171,172,0.4867786765098572,0.4867786765098572,0.0,1778425352.4542398,,,,,,,,,
,,60,5672,2307.864774603,173,,,,1778425363.0257432,1.0,0.0,0.5163869261741638,0.4524689018726349,0.5163869261741638,,,,
0.4540727138519287,1.0,61,5699,2318.42944555,174,0.5317784547805786,0.5317784547805786,0.0,1778425373.5904672,,,,,,,,,
0.4510493576526642,1.0,61,5749,2337.781477826,175,0.5133857727050781,0.5133857727050781,0.0,1778425392.942482,,,,,,,,,
,,61,5765,2345.644778606,176,,,,1778425400.8058581,1.0,0.0,0.5030386447906494,0.4374968707561493,0.5030386447906494,,,,
0.4425544738769531,1.0,62,5799,2359.141126135,177,0.48749840259552,0.48749840259552,0.0,1778425414.3020377,,,,,,,,,
0.4574849307537079,1.0,62,5849,2378.518267637,178,0.5313959121704102,0.5313959121704102,0.0,1778425433.6793106,,,,,,,,,
,,62,5858,2383.731440582,179,,,,1778425438.8924425,1.0,0.0,0.5010676383972168,0.4430018663406372,0.5010676383972168,,,,
0.45906126499176025,1.0,63,5899,2399.806967989,180,0.5191277265548706,0.5191277265548706,0.0,1778425454.9680178,,,,,,,,,
0.47042256593704224,1.0,63,5949,2419.188840557,181,0.5310012698173523,0.5310012698173523,0.0,1778425474.3498166,,,,,,,,,
,,63,5951,2421.611281093,182,,,,1778425476.7722292,1.0,0.0,0.5079764723777771,0.44776493310928345,0.5079764723777771,,,,
0.40553975105285645,1.0,64,5999,2440.443658246,183,0.44725337624549866,0.44725337624549866,0.0,1778425495.6046548,,,,,,,,,
,,64,6044,2459.540955245,184,,,,1778425514.7018843,1.0,0.0,0.48743492364883423,0.43406492471694946,0.48743492364883423,,,,
0.41886645555496216,1.0,65,6049,2461.439316917,185,0.47827214002609253,0.47827214002609253,0.0,1778425516.6003919,,,,,,,,,
0.3992311954498291,1.0,65,6099,2480.87023332,186,0.4401746988296509,0.4401746988296509,0.0,1778425536.0312343,,,,,,,,,
,,65,6137,2497.096034851,187,,,,1778425552.2570007,1.0,0.0,0.4929240345954895,0.44145870208740234,0.4929240345954895,,,,
0.46311336755752563,1.0,66,6149,2501.821588484,188,0.5136966705322266,0.5136966705322266,0.0,1778425556.9826572,,,,,,,,,
0.42309343814849854,1.0,66,6199,2521.072644857,189,0.4688275158405304,0.4688275158405304,0.0,1778425576.233652,,,,,,,,,
,,66,6230,2534.820048532,190,,,,1778425589.9810922,1.0,0.0,0.4917629659175873,0.43883100152015686,0.4917629659175873,,,,
0.46281126141548157,1.0,67,6249,2542.15269163,191,0.554222583770752,0.554222583770752,0.0,1778425597.3138175,,,,,,,,,
0.4478897452354431,1.0,67,6299,2561.725351604,192,0.49185556173324585,0.49185556173324585,0.0,1778425616.8864274,,,,,,,,,
,,67,6323,2572.571279395,193,,,,1778425627.732124,1.0,0.0,0.47204241156578064,0.428218275308609,0.47204241156578064,,,,
0.46107810735702515,1.0,68,6349,2582.741057188,194,0.5324329137802124,0.5324329137802124,0.0,1778425637.9022934,,,,,,,,,
0.40285488963127136,1.0,68,6399,2602.385673694,195,0.49508434534072876,0.49508434534072876,0.0,1778425657.5469048,,,,,,,,,
,,68,6416,2610.67118856,196,,,,1778425665.832322,1.0,0.0,0.47942087054252625,0.43071940541267395,0.47942087054252625,,,,
0.4284352958202362,1.0,69,6449,2623.477713796,197,0.4464760422706604,0.4464760422706604,0.0,1778425678.638775,,,,,,,,,
0.4571411609649658,1.0,69,6499,2643.029588212,198,0.4817202687263489,0.4817202687263489,0.0,1778425698.1906602,,,,,,,,,
,,69,6509,2648.624600408,199,,,,1778425703.7854002,1.0,0.0,0.47503456473350525,0.4338209927082062,0.47503456473350525,,,,
0.41430771350860596,1.0,70,6549,2664.054063944,200,0.44134634733200073,0.44134634733200073,0.0,1778425719.2152503,,,,,,,,,
0.41877272725105286,1.0,70,6599,2683.393316743,201,0.44989198446273804,0.44989198446273804,0.0,1778425738.5545204,,,,,,,,,
,,70,6602,2686.175907309,202,,,,1778425741.3370488,1.0,0.0,0.46503719687461853,0.42569229006767273,0.46503719687461853,,,,
0.46821099519729614,1.0,71,6649,2704.263187993,203,0.5354493260383606,0.5354493260383606,0.0,1778425759.4243686,,,,,,,,,
,,71,6695,2723.62019929,204,,,,1778425778.7813199,1.0,0.0,0.4681248068809509,0.4298345446586609,0.4681248068809509,,,,
0.43471112847328186,1.0,72,6699,2725.293288029,205,0.48251771926879883,0.48251771926879883,0.0,1778425780.4544775,,,,,,,,,
0.391166627407074,1.0,72,6749,2744.534221944,206,0.4087904989719391,0.4087904989719391,0.0,1778425799.6953812,,,,,,,,,
,,72,6788,2761.24959584,207,,,,1778425816.4106705,1.0,0.0,0.4508060812950134,0.4184584617614746,0.4508060812950134,,,,
0.43935585021972656,1.0,73,6799,2765.541463357,208,0.49725592136383057,0.49725592136383057,0.0,1778425820.7025876,,,,,,,,,
0.4000954031944275,1.0,73,6849,2784.762669637,209,0.42594635486602783,0.42594635486602783,0.0,1778425839.9237645,,,,,,,,,
,,73,6881,2798.905137269,210,,,,1778425854.0661266,1.0,0.0,0.4535817801952362,0.4214794635772705,0.4535817801952362,,,,
0.41841793060302734,1.0,74,6899,2806.064873212,211,0.44252410531044006,0.44252410531044006,0.0,1778425861.2258756,,,,,,,,,
0.4029518961906433,1.0,74,6949,2825.383658239,212,0.4383992850780487,0.4383992850780487,0.0,1778425880.5447767,,,,,,,,,
,,74,6974,2836.725667992,213,,,,1778425891.8867073,1.0,0.0,0.4430457055568695,0.41766881942749023,0.4430457055568695,,,,
0.42952463030815125,1.0,75,6999,2846.390133891,214,0.49237215518951416,0.49237215518951416,0.0,1778425901.5511696,,,,,,,,,
0.40100860595703125,1.0,75,7049,2865.974227982,215,0.4255789816379547,0.4255789816379547,0.0,1778425921.1353695,,,,,,,,,
,,75,7067,2874.552290885,216,,,,1778425929.7132668,1.0,0.0,0.44078296422958374,0.4125140905380249,0.44078296422958374,,,,
0.4386669993400574,1.0,76,7099,2886.949025396,217,0.45228302478790283,0.45228302478790283,0.0,1778425942.1100423,,,,,,,,,
0.443825364112854,1.0,76,7149,2906.343774905,218,0.4653819501399994,0.4653819501399994,0.0,1778425961.5047972,,,,,,,,,
,,76,7160,2912.290713315,219,,,,1778425967.4516556,1.0,0.0,0.4381566345691681,0.41429945826530457,0.4381566345691681,,,,
0.3986906409263611,1.0,77,7199,2927.242153389,220,0.42604631185531616,0.42604631185531616,0.0,1778425982.4031281,,,,,,,,,
0.4127926826477051,1.0,77,7249,2946.677200615,221,0.45098432898521423,0.45098432898521423,0.0,1778426001.8382373,,,,,,,,,
,,77,7253,2949.835655649,222,,,,1778426004.996633,1.0,0.0,0.4341399371623993,0.4085729420185089,0.4341399371623993,,,,
0.40798383951187134,1.0,78,7299,2967.87284454,223,0.41800373792648315,0.41800373792648315,0.0,1778426023.0337973,,,,,,,,,
,,78,7346,2988.099372787,224,,,,1778426043.2603095,1.0,0.0,0.41960811614990234,0.40030747652053833,0.41960811614990234,,,,
0.3946065902709961,1.0,79,7349,2989.261586465,225,0.43088841438293457,0.43088841438293457,0.0,1778426044.4226716,,,,,,,,,
0.40770238637924194,1.0,79,7399,3008.934310612,226,0.4144817590713501,0.4144817590713501,0.0,1778426064.0953813,,,,,,,,,
,,79,7439,3026.021238678,227,,,,1778426081.1823118,1.0,0.0,0.42671486735343933,0.4101059138774872,0.42671486735343933,,,,
0.4043910503387451,1.0,80,7449,3029.793372391,228,0.4129174053668976,0.4129174053668976,0.0,1778426084.9545064,,,,,,,,,
0.45174092054367065,1.0,80,7499,3049.199506856,229,0.4527066946029663,0.4527066946029663,0.0,1778426104.3606439,,,,,,,,,
,,80,7532,3063.569543168,230,,,,1778426118.7306337,1.0,0.0,0.4264284670352936,0.4100218713283539,0.4264284670352936,,,,
0.3925008177757263,1.0,81,7549,3070.132032517,231,0.41584014892578125,0.41584014892578125,0.0,1778426125.293145,,,,,,,,,
0.38362592458724976,1.0,81,7599,3089.541055097,232,0.40001335740089417,0.40001335740089417,0.0,1778426144.7020864,,,,,,,,,
,,81,7625,3101.104773713,233,,,,1778426156.2657225,1.0,0.0,0.4261928200721741,0.41472211480140686,0.4261928200721741,,,,
0.400720477104187,1.0,82,7649,3110.50868951,234,0.42076724767684937,0.42076724767684937,0.0,1778426165.669684,,,,,,,,,
0.416760116815567,1.0,82,7699,3129.918947008,235,0.43693387508392334,0.43693387508392334,0.0,1778426185.0798032,,,,,,,,,
,,82,7718,3139.096047787,236,,,,1778426194.2570763,1.0,0.0,0.42150354385375977,0.40703684091567993,0.42150354385375977,,,,
0.4152720272541046,1.0,83,7749,3151.159804952,237,0.4544908106327057,0.4544908106327057,0.0,1778426206.320804,,,,,,,,,
0.41336867213249207,1.0,83,7799,3170.690426589,238,0.42848294973373413,0.42848294973373413,0.0,1778426225.8515859,,,,,,,,,
,,83,7811,3176.856716588,239,,,,1778426232.017765,1.0,0.0,0.4220910966396332,0.40597662329673767,0.4220910966396332,,,,
0.4248003363609314,1.0,84,7849,3191.674440432,240,0.4737549424171448,0.4737549424171448,0.0,1778426246.8355753,,,,,,,,,
0.42189621925354004,1.0,84,7899,3210.998435616,241,0.4478839635848999,0.4478839635848999,0.0,1778426266.1596153,,,,,,,,,
,,84,7904,3214.709125585,242,,,,1778426269.8702462,1.0,0.0,0.4249638319015503,0.4139055907726288,0.4249638319015503,,,,
0.37594860792160034,1.0,85,7949,3232.21572483,243,0.38926225900650024,0.38926225900650024,0.0,1778426287.3767998,,,,,,,,,
,,85,7997,3252.412213221,244,,,,1778426307.5730364,1.0,0.0,0.4081004858016968,0.39695510268211365,0.4081004858016968,,,,
0.391072541475296,1.0,86,7999,3253.189308518,245,0.3997805714607239,0.3997805714607239,0.0,1778426308.3502789,,,,,,,,,
0.4060983955860138,1.0,86,8049,3272.686309948,246,0.4451349377632141,0.4451349377632141,0.0,1778426327.8474488,,,,,,,,,
,,86,8090,3290.246178613,247,,,,1778426345.40708,1.0,0.0,0.4001579284667969,0.39396756887435913,0.4001579284667969,,,,
0.37880438566207886,1.0,87,8099,3293.660058799,248,0.3905964493751526,0.3905964493751526,0.0,1778426348.8211548,,,,,,,,,
0.38378891348838806,1.0,87,8149,3313.11000986,249,0.38350802659988403,0.38350802659988403,0.0,1778426368.2710457,,,,,,,,,
,,87,8183,3327.905886751,250,,,,1778426383.0669808,1.0,0.0,0.3930814266204834,0.39018476009368896,0.3930814266204834,,,,
0.41280996799468994,1.0,88,8199,3334.102793319,251,0.4243389070034027,0.4243389070034027,0.0,1778426389.2639015,,,,,,,,,
0.3957419991493225,1.0,88,8249,3353.545589308,252,0.40366247296333313,0.40366247296333313,0.0,1778426408.7066307,,,,,,,,,
,,88,8276,3365.694073282,253,,,,1778426420.85499,1.0,0.0,0.4022723436355591,0.3989185690879822,0.4022723436355591,,,,
0.38547220826148987,1.0,89,8299,3374.513460958,254,0.39309555292129517,0.39309555292129517,0.0,1778426429.674511,,,,,,,,,
0.4203890562057495,1.0,89,8349,3393.916834089,255,0.42200779914855957,0.42200779914855957,0.0,1778426449.0780067,,,,,,,,,
,,89,8369,3403.474161671,256,,,,1778426458.6352224,1.0,0.0,0.3931094706058502,0.3917732238769531,0.3931094706058502,,,,
0.3850363492965698,1.0,90,8399,3415.200932657,257,0.38791579008102417,0.38791579008102417,0.0,1778426470.3620365,,,,,,,,,
0.3599760830402374,1.0,90,8449,3434.59278368,258,0.35170167684555054,0.35170167684555054,0.0,1778426489.753742,,,,,,,,,
,,90,8462,3441.321441852,259,,,,1778426496.4824364,1.0,0.0,0.38884255290031433,0.388281911611557,0.38884255290031433,,,,
0.3705928921699524,1.0,91,8499,3455.629457458,260,0.35492265224456787,0.35492265224456787,0.0,1778426510.7906454,,,,,,,,,
0.39481812715530396,1.0,91,8549,3475.099051462,261,0.3516211211681366,0.3516211211681366,0.0,1778426530.2602468,,,,,,,,,
,,91,8555,3478.99621233,262,,,,1778426534.157324,1.0,0.0,0.37439629435539246,0.37484994530677795,0.37439629435539246,,,,
0.38981354236602783,1.0,92,8599,3496.151705449,263,0.3964603543281555,0.3964603543281555,0.0,1778426551.3127398,,,,,,,,,
,,92,8648,3516.649650116,264,,,,1778426571.8106446,1.0,0.0,0.3880782723426819,0.38946837186813354,0.3880782723426819,,,,
0.38512542843818665,1.0,93,8649,3517.046294347,265,0.4053109288215637,0.4053109288215637,0.0,1778426572.2074344,,,,,,,,,
0.3773009777069092,1.0,93,8699,3536.493048537,266,0.37713852524757385,0.37713852524757385,0.0,1778426591.6542535,,,,,,,,,
,,93,8741,3554.590203758,267,,,,1778426609.7512937,1.0,0.0,0.3868299126625061,0.3895571231842041,0.3868299126625061,,,,
0.3752242624759674,1.0,94,8749,3557.81603487,268,0.3712664842605591,0.3712664842605591,0.0,1778426612.9771717,,,,,,,,,
0.37307238578796387,1.0,94,8799,3577.106902719,269,0.36497920751571655,0.36497920751571655,0.0,1778426632.2679663,,,,,,,,,
,,94,8834,3592.437350056,270,,,,1778426647.598361,1.0,0.0,0.37929314374923706,0.38506248593330383,0.37929314374923706,,,,
0.36067652702331543,1.0,95,8849,3598.297138894,271,0.35418128967285156,0.35418128967285156,0.0,1778426653.4582124,,,,,,,,,
0.3896542191505432,1.0,95,8899,3617.660191458,272,0.37800145149230957,0.37800145149230957,0.0,1778426672.8211725,,,,,,,,,
,,95,8927,3630.248881924,273,,,,1778426685.4098678,1.0,0.0,0.3797488808631897,0.38475093245506287,0.3797488808631897,,,,
0.3866724967956543,1.0,96,8949,3638.92529912,274,0.4076898694038391,0.4076898694038391,0.0,1778426694.0863671,,,,,,,,,
0.3977351486682892,1.0,96,8999,3658.380509999,275,0.4045305848121643,0.4045305848121643,0.0,1778426713.541615,,,,,,,,,
,,96,9020,3668.304841584,276,,,,1778426723.4658506,1.0,0.0,0.37828338146209717,0.3823642432689667,0.37828338146209717,,,,
0.41937974095344543,1.0,97,9049,3679.573548667,277,0.4219827651977539,0.4219827651977539,0.0,1778426734.734637,,,,,,,,,
0.3841184973716736,1.0,97,9099,3698.87968747,278,0.369285523891449,0.369285523891449,0.0,1778426754.0408006,,,,,,,,,
,,97,9113,3705.978428854,279,,,,1778426761.1394472,1.0,0.0,0.3798843324184418,0.3818139135837555,0.3798843324184418,,,,
0.36484676599502563,1.0,98,9149,3719.987295404,280,0.3408815860748291,0.3408815860748291,0.0,1778426775.1484315,,,,,,,,,
0.37306517362594604,1.0,98,9199,3739.320660602,281,0.35520458221435547,0.35520458221435547,0.0,1778426794.481631,,,,,,,,,
,,98,9206,3743.80413958,282,,,,1778426798.9651294,1.0,0.0,0.3626995384693146,0.37297382950782776,0.3626995384693146,,,,
0.3622889518737793,1.0,99,9249,3760.652818102,283,0.396768182516098,0.396768182516098,0.0,1778426815.8138316,,,,,,,,,
0.38351213932037354,1.0,99,9299,3780.248036303,284,0.37681975960731506,0.37681975960731506,0.0,1778426835.40899,,,,,,,,,
,,99,9299,3781.914192278,285,,,,1778426837.0751562,1.0,0.0,0.36883315443992615,0.37418830394744873,0.36883315443992615,,,,
0.3948301374912262,1.0,100,9349,3801.418442722,286,0.38481342792510986,0.38481342792510986,0.0,1778426856.5794823,,,,,,,,,
,,100,9392,3819.805518131,287,,,,1778426874.9666035,1.0,0.0,0.3684309720993042,0.37743496894836426,0.3684309720993042,,,,
0.36451905965805054,1.0,101,9399,3822.441669497,288,0.339263916015625,0.339263916015625,0.0,1778426877.6027596,,,,,,,,,
0.3521319031715393,1.0,101,9449,3841.685337473,289,0.34535977244377136,0.34535977244377136,0.0,1778426896.846296,,,,,,,,,
,,101,9485,3857.070337808,290,,,,1778426912.2314105,1.0,0.0,0.3583274483680725,0.3682861328125,0.3583274483680725,,,,
0.4111652374267578,1.0,102,9499,3862.463664024,291,0.4100740849971771,0.4100740849971771,0.0,1778426917.6246552,,,,,,,,,
0.4207215905189514,1.0,102,9549,3881.725435322,292,0.41956114768981934,0.41956114768981934,0.0,1778426936.8865783,,,,,,,,,
,,102,9578,3894.520514225,293,,,,1778426949.6816013,1.0,0.0,0.3686375021934509,0.37981951236724854,0.3686375021934509,,,,
0.3818700611591339,1.0,103,9599,3902.559219388,294,0.40402311086654663,0.40402311086654663,0.0,1778426957.7203329,,,,,,,,,
0.37681788206100464,1.0,103,9649,3922.012718036,295,0.35967379808425903,0.35967379808425903,0.0,1778426977.173675,,,,,,,,,
,,103,9671,3932.189391615,296,,,,1778426987.3505447,1.0,0.0,0.36455222964286804,0.3755069971084595,0.36455222964286804,,,,
0.36849063634872437,1.0,104,9699,3943.201523595,297,0.32763320207595825,0.32763320207595825,0.0,1778426998.362705,,,,,,,,,
0.3807929456233978,1.0,104,9749,3963.032982934,298,0.3508850336074829,0.3508850336074829,0.0,1778427018.1941082,,,,,,,,,
,,104,9764,3970.533189552,299,,,,1778427025.6943142,1.0,0.0,0.3593505024909973,0.3720357418060303,0.3593505024909973,,,,
0.37651610374450684,1.0,105,9799,3984.151883149,300,0.38195163011550903,0.38195163011550903,0.0,1778427039.3129845,,,,,,,,,
0.3451994061470032,1.0,105,9849,4003.791945868,301,0.3193191885948181,0.3193191885948181,0.0,1778427058.9529965,,,,,,,,,
,,105,9857,4008.479830136,302,,,,1778427063.640796,1.0,0.0,0.35871344804763794,0.37020647525787354,0.35871344804763794,,,,
0.3456377387046814,1.0,106,9899,4024.861242456,303,0.33661165833473206,0.33661165833473206,0.0,1778427080.0223265,,,,,,,,,
0.3923155665397644,1.0,106,9949,4044.364219168,304,0.3694608509540558,0.3694608509540558,0.0,1778427099.5252867,,,,,,,,,
,,106,9950,4046.40469668,305,,,,1778427101.565708,1.0,0.0,0.3638630509376526,0.37534934282302856,0.3638630509376526,,,,
0.36726272106170654,1.0,107,9999,4065.424617547,306,0.3618229925632477,0.3618229925632477,0.0,1778427120.5856507,,,,,,,,,
,,107,10043,4084.250180936,307,,,,1778427139.4112666,1.0,0.0,0.3664872348308563,0.37967202067375183,0.3664872348308563,,,,
0.37426573038101196,1.0,108,10049,4086.681814156,308,0.3593602180480957,0.3593602180480957,0.0,1778427141.8428743,,,,,,,,,
0.3653537631034851,1.0,108,10099,4106.117963284,309,0.35515153408050537,0.35515153408050537,0.0,1778427161.2791443,,,,,,,,,
,,108,10136,4122.446235577,310,,,,1778427177.607178,1.0,0.0,0.3578154146671295,0.37313878536224365,0.3578154146671295,,,,
0.3317602276802063,1.0,109,10149,4127.632382814,311,0.29412153363227844,0.29412153363227844,0.0,1778427182.7934182,,,,,,,,,
0.357181191444397,1.0,109,10199,4146.856185141,312,0.33494192361831665,0.33494192361831665,0.0,1778427202.0172691,,,,,,,,,
,,109,10229,4160.246985747,313,,,,1778427215.4080284,1.0,0.0,0.3424375653266907,0.36116939783096313,0.3424375653266907,,,,
0.3622233271598816,1.0,110,10249,4167.944804364,314,0.33895283937454224,0.33895283937454224,0.0,1778427223.1058164,,,,,,,,,
0.3814680278301239,1.0,110,10299,4187.404071592,315,0.3663700222969055,0.3663700222969055,0.0,1778427242.5651414,,,,,,,,,
,,110,10322,4197.798087205,316,,,,1778427252.9590745,1.0,0.0,0.3529781699180603,0.3699498474597931,0.3529781699180603,,,,
0.3855145573616028,1.0,111,10349,4208.274528424,317,0.35715872049331665,0.35715872049331665,0.0,1778427263.4354584,,,,,,,,,
0.38047072291374207,1.0,111,10399,4227.553792069,318,0.35357415676116943,0.35357415676116943,0.0,1778427282.7148256,,,,,,,,,
,,111,10415,4235.380205332,319,,,,1778427290.5412095,1.0,0.0,0.3430047333240509,0.36324191093444824,0.3430047333240509,,,,
0.37803035974502563,1.0,112,10449,4248.60097802,320,0.37092071771621704,0.37092071771621704,0.0,1778427303.7620485,,,,,,,,,
0.3499756157398224,1.0,112,10499,4267.712386136,321,0.33739835023880005,0.33739835023880005,0.0,1778427322.8734672,,,,,,,,,
,,112,10508,4272.880729243,322,,,,1778427328.0417707,1.0,0.0,0.3370830714702606,0.3523394763469696,0.3370830714702606,,,,
0.35541462898254395,1.0,113,10549,4288.776914988,323,0.3375157117843628,0.3375157117843628,0.0,1778427343.9379084,,,,,,,,,
0.3223364055156708,1.0,113,10599,4308.061485373,324,0.33209386467933655,0.33209386467933655,0.0,1778427363.2225127,,,,,,,,,
,,113,10601,4310.42021707,325,,,,1778427365.5812683,1.0,0.0,0.33966875076293945,0.35423123836517334,0.33966875076293945,,,,
0.344501256942749,1.0,114,10649,4329.081160835,326,0.3159542381763458,0.3159542381763458,0.0,1778427384.2420354,,,,,,,,,
,,114,10694,4348.064790783,327,,,,1778427403.2258446,1.0,0.0,0.33164745569229126,0.3532514274120331,0.33164745569229126,,,,
0.36121252179145813,1.0,115,10699,4350.010955412,328,0.3146737217903137,0.3146737217903137,0.0,1778427405.1719513,,,,,,,,,
0.37254348397254944,1.0,115,10749,4369.339433856,329,0.3405001759529114,0.3405001759529114,0.0,1778427424.5003803,,,,,,,,,
,,115,10787,4385.67396651,330,,,,1778427440.8348825,1.0,0.0,0.3372083008289337,0.356792688369751,0.3372083008289337,,,,
0.32907921075820923,1.0,116,10799,4390.399914144,331,0.30894818902015686,0.30894818902015686,0.0,1778427445.5608923,,,,,,,,,
0.356325626373291,1.0,116,10849,4409.781516394,332,0.34637701511383057,0.34637701511383057,0.0,1778427464.9425778,,,,,,,,,
,,116,10880,4423.621674599,333,,,,1778427478.7826412,1.0,0.0,0.33041030168533325,0.35217201709747314,0.33041030168533325,,,,
0.3726714849472046,1.0,117,10899,4430.996347871,334,0.34408503770828247,0.34408503770828247,0.0,1778427486.1573796,,,,,,,,,
0.33866238594055176,1.0,117,10949,4451.125676806,335,0.3088563084602356,0.3088563084602356,0.0,1778427506.2865186,,,,,,,,,
,,117,10973,4462.067716908,336,,,,1778427517.2288108,1.0,0.0,0.3220478892326355,0.34216946363449097,0.3220478892326355,,,,
0.3800635039806366,1.0,118,10999,4472.147330581,337,0.3576294481754303,0.3576294481754303,0.0,1778427527.3085623,,,,,,,,,
0.3770696520805359,1.0,118,11049,4491.541000663,338,0.35931161046028137,0.35931161046028137,0.0,1778427546.7022002,,,,,,,,,
,,118,11066,4499.742063991,339,,,,1778427554.9031072,1.0,0.0,0.3343963921070099,0.35712316632270813,0.3343963921070099,,,,
0.3556124269962311,1.0,119,11099,4512.449216184,340,0.3323345482349396,0.3323345482349396,0.0,1778427567.6102839,,,,,,,,,
0.35641831159591675,1.0,119,11149,4531.797931284,341,0.3267132639884949,0.3267132639884949,0.0,1778427586.9591293,,,,,,,,,
,,119,11159,4537.362980092,342,,,,1778427592.5240703,1.0,0.0,0.351439893245697,0.3723005950450897,0.351439893245697,,,,
0.33038103580474854,1.0,120,11199,4552.69526007,343,0.3215312659740448,0.3215312659740448,0.0,1778427607.85649,,,,,,,,,
0.354778915643692,1.0,120,11249,4572.07685208,344,0.3518331050872803,0.3518331050872803,0.0,1778427627.238006,,,,,,,,,
,,120,11252,4574.865771652,345,,,,1778427630.0268734,1.0,0.0,0.3267498314380646,0.35076165199279785,0.3267498314380646,,,,
0.3406469225883484,1.0,121,11299,4592.965253746,346,0.31833338737487793,0.31833338737487793,0.0,1778427648.1264594,,,,,,,,,
,,121,11345,4612.368546414,347,,,,1778427667.5296946,1.0,0.0,0.32243019342422485,0.3462388515472412,0.32243019342422485,,,,
0.3443964123725891,1.0,122,11349,4614.045211264,348,0.3125773072242737,0.3125773072242737,0.0,1778427669.206294,,,,,,,,,
0.34519344568252563,1.0,122,11399,4633.349896792,349,0.3229171335697174,0.3229171335697174,0.0,1778427688.5109005,,,,,,,,,
,,122,11438,4650.141075897,350,,,,1778427705.302205,1.0,0.0,0.31979072093963623,0.34257984161376953,0.31979072093963623,,,,
0.3432125449180603,1.0,123,11449,4654.443438906,351,0.30513882637023926,0.30513882637023926,0.0,1778427709.6046033,,,,,,,,,
0.3398187756538391,1.0,123,11499,4673.694015855,352,0.3252032697200775,0.3252032697200775,0.0,1778427728.8552344,,,,,,,,,
,,123,11531,4687.672038032,353,,,,1778427742.8330543,1.0,0.0,0.31913721561431885,0.3470202684402466,0.31913721561431885,,,,
0.3821718692779541,1.0,124,11549,4694.752859498,354,0.3503204584121704,0.3503204584121704,0.0,1778427749.91405,,,,,,,,,
0.3538030683994293,1.0,124,11599,4714.001688899,355,0.33417147397994995,0.33417147397994995,0.0,1778427769.1627483,,,,,,,,,
,,124,11624,4725.48203321,356,,,,1778427780.6431086,1.0,0.0,0.32209011912345886,0.3480825126171112,0.32209011912345886,,,,
0.3476560413837433,1.0,125,11649,4735.149488885,357,0.3278912901878357,0.3278912901878357,0.0,1778427790.3106081,,,,,,,,,
0.34311413764953613,1.0,125,11699,4754.681602494,358,0.32865026593208313,0.32865026593208313,0.0,1778427809.842712,,,,,,,,,
,,125,11717,4763.378783012,359,,,,1778427818.5397708,1.0,0.0,0.32472288608551025,0.3498183488845825,0.32472288608551025,,,,
0.3364364504814148,1.0,126,11749,4775.98886529,360,0.3417067527770996,0.3417067527770996,0.0,1778427831.1498842,,,,,,,,,
0.3017556667327881,1.0,126,11799,4795.506478302,361,0.2717057764530182,0.2717057764530182,0.0,1778427850.6675167,,,,,,,,,
,,126,11810,4801.494599816,362,,,,1778427856.6556606,1.0,0.0,0.31238603591918945,0.33248233795166016,0.31238603591918945,,,,
0.33631473779678345,1.0,127,11849,4816.46914707,363,0.3025495409965515,0.3025495409965515,0.0,1778427871.6301315,,,,,,,,,
0.35115885734558105,1.0,127,11899,4835.835774982,364,0.2997269034385681,0.2997269034385681,0.0,1778427890.996743,,,,,,,,,
,,127,11903,4839.007714579,365,,,,1778427894.1685672,1.0,0.0,0.31463804841041565,0.34214282035827637,0.31463804841041565,,,,
0.32593655586242676,1.0,128,11949,4856.909176413,366,0.292928546667099,0.292928546667099,0.0,1778427912.0703335,,,,,,,,,
,,128,11996,4876.976824069,367,,,,1778427932.1377983,1.0,0.0,0.3257618844509125,0.3512929677963257,0.3257618844509125,,,,
0.3139486312866211,1.0,129,11999,4878.12987853,368,0.31956228613853455,0.31956228613853455,0.0,1778427933.2910242,,,,,,,,,
0.3490786552429199,1.0,129,12049,4897.716185439,369,0.3328583836555481,0.3328583836555481,0.0,1778427952.877269,,,,,,,,,
,,129,12089,4914.999423787,370,,,,1778427970.1604025,1.0,0.0,0.318803608417511,0.34126409888267517,0.318803608417511,,,,
0.35642725229263306,1.0,130,12099,4918.812156621,371,0.3381023406982422,0.3381023406982422,0.0,1778427973.973332,,,,,,,,,
0.3182360827922821,1.0,130,12149,4938.373915239,372,0.2934423089027405,0.2934423089027405,0.0,1778427993.535035,,,,,,,,,
,,130,12182,4952.738754162,373,,,,1778428007.8996913,1.0,0.0,0.3115096092224121,0.3361402451992035,0.3115096092224121,,,,
0.33957481384277344,1.0,131,12199,4959.343458281,374,0.30520525574684143,0.30520525574684143,0.0,1778428014.5045593,,,,,,,,,
0.33064356446266174,1.0,131,12249,4978.805718734,375,0.30972450971603394,0.30972450971603394,0.0,1778428033.966705,,,,,,,,,
,,131,12275,4990.441413253,376,,,,1778428045.6024876,1.0,0.0,0.31496861577033997,0.3396114706993103,0.31496861577033997,,,,
0.30217432975769043,1.0,132,12299,4999.795124101,377,0.26956021785736084,0.26956021785736084,0.0,1778428054.9562151,,,,,,,,,
0.37936797738075256,1.0,132,12349,5019.077360081,378,0.3455803692340851,0.3455803692340851,0.0,1778428074.2384198,,,,,,,,,
,,132,12368,5028.170735512,379,,,,1778428083.3317437,1.0,0.0,0.31286001205444336,0.33972981572151184,0.31286001205444336,,,,
0.3587741553783417,1.0,133,12399,5040.111009803,380,0.31515297293663025,0.31515297293663025,0.0,1778428095.2721071,,,,,,,,,
0.3194258213043213,1.0,133,12449,5059.471513451,381,0.3208230435848236,0.3208230435848236,0.0,1778428114.6324115,,,,,,,,,
,,133,12461,5065.592367701,382,,,,1778428120.7531424,1.0,0.0,0.3156994879245758,0.34578654170036316,0.3156994879245758,,,,
0.34162330627441406,1.0,134,12499,5080.341312381,383,0.30429619550704956,0.30429619550704956,0.0,1778428135.5022538,,,,,,,,,
0.3276221454143524,1.0,134,12549,5099.538223915,384,0.2989518940448761,0.2989518940448761,0.0,1778428154.6992807,,,,,,,,,
,,134,12554,5103.258720156,385,,,,1778428158.4196615,1.0,0.0,0.311096727848053,0.3372049331665039,0.311096727848053,,,,
0.34623920917510986,1.0,135,12599,5120.86457835,386,0.2955757975578308,0.2955757975578308,0.0,1778428176.0257084,,,,,,,,,
,,135,12647,5141.129681258,387,,,,1778428196.2906325,1.0,0.0,0.3108404576778412,0.34142863750457764,0.3108404576778412,,,,
0.3420379161834717,1.0,136,12649,5141.912435671,388,0.32125890254974365,0.32125890254974365,0.0,1778428197.0735848,,,,,,,,,
0.35459285974502563,1.0,136,12699,5161.424258528,389,0.3254440426826477,0.3254440426826477,0.0,1778428216.5853517,,,,,,,,,
,,136,12740,5179.016290071,390,,,,1778428234.1772459,1.0,0.0,0.3156885802745819,0.34293290972709656,0.3156885802745819,,,,
0.3265470862388611,1.0,137,12749,5182.43792533,391,0.30662500858306885,0.30662500858306885,0.0,1778428237.5990412,,,,,,,,,
0.3498508632183075,1.0,137,12799,5201.992689251,392,0.3260922431945801,0.3260922431945801,0.0,1778428257.1535592,,,,,,,,,
,,137,12833,5217.080509424,393,,,,1778428272.2414432,1.0,0.0,0.3142254948616028,0.34349963068962097,0.3142254948616028,,,,
0.3556428551673889,1.0,138,12849,5223.333813979,394,0.3287504315376282,0.3287504315376282,0.0,1778428278.4948835,,,,,,,,,
0.31923383474349976,1.0,138,12899,5242.604568092,395,0.2858010530471802,0.2858010530471802,0.0,1778428297.7656384,,,,,,,,,
,,138,12926,5254.643862735,396,,,,1778428309.8048985,1.0,0.0,0.3069961667060852,0.33206507563591003,0.3069961667060852,,,,
0.33811673521995544,1.0,139,12949,5263.41328195,397,0.3077584505081177,0.3077584505081177,0.0,1778428318.5743778,,,,,,,,,
0.2917352318763733,1.0,139,12999,5282.660780279,398,0.26438966393470764,0.26438966393470764,0.0,1778428337.8218155,,,,,,,,,
,,139,13019,5292.08803192,399,,,,1778428347.2490885,1.0,0.0,0.3001002371311188,0.3278037905693054,0.3001002371311188,,,,
0.32590386271476746,1.0,140,13049,5303.631777193,400,0.3020787239074707,0.3020787239074707,0.0,1778428358.792785,,,,,,,,,
0.3283478915691376,1.0,140,13099,5322.657950052,401,0.325613796710968,0.325613796710968,0.0,1778428377.8190615,,,,,,,,,
,,140,13112,5329.276290816,402,,,,1778428384.4374092,1.0,0.0,0.30699220299720764,0.3393503725528717,0.30699220299720764,,,,
0.3236631453037262,1.0,141,13149,5343.482082205,403,0.30213165283203125,0.30213165283203125,0.0,1778428398.6432364,,,,,,,,,
0.3283834159374237,1.0,141,13199,5362.939097422,404,0.2965471148490906,0.2965471148490906,0.0,1778428418.1000926,,,,,,,,,
,,141,13205,5366.862594854,405,,,,1778428422.0235765,1.0,0.0,0.3058648407459259,0.3373560905456543,0.3058648407459259,,,,
0.34908539056777954,1.0,142,13249,5384.16585206,406,0.30412787199020386,0.30412787199020386,0.0,1778428439.3268838,,,,,,,,,
,,142,13298,5404.762886944,407,,,,1778428459.9238276,1.0,0.0,0.3055882453918457,0.3368055820465088,0.3055882453918457,,,,
0.3204076886177063,1.0,143,13299,5405.167200826,408,0.3155895471572876,0.3155895471572876,0.0,1778428460.3284032,,,,,,,,,
0.308952271938324,1.0,143,13349,5424.399437993,409,0.2606833875179291,0.2606833875179291,0.0,1778428479.5605817,,,,,,,,,
,,143,13391,5442.319956685,410,,,,1778428497.4810388,1.0,0.0,0.2952478528022766,0.32716208696365356,0.2952478528022766,,,,
0.32464274764060974,1.0,144,13399,5445.491968707,411,0.29183316230773926,0.29183316230773926,0.0,1778428500.653238,,,,,,,,,
0.30377858877182007,1.0,144,13449,5464.735344694,412,0.2768316864967346,0.2768316864967346,0.0,1778428519.8965113,,,,,,,,,
,,144,13484,5480.115199116,413,,,,1778428535.2762792,1.0,0.0,0.304280161857605,0.3338911235332489,0.304280161857605,,,,
0.33273637294769287,1.0,145,13499,5485.981745704,414,0.2937657833099365,0.2937657833099365,0.0,1778428541.142781,,,,,,,,,
0.36132436990737915,1.0,145,13549,5505.36980213,415,0.330209881067276,0.330209881067276,0.0,1778428560.5307226,,,,,,,,,
,,145,13577,5517.948023261,416,,,,1778428573.108869,1.0,0.0,0.30453580617904663,0.33830156922340393,0.30453580617904663,,,,
0.35670971870422363,1.0,146,13599,5526.719266275,417,0.3219665586948395,0.3219665586948395,0.0,1778428581.8803315,,,,,,,,,
0.35688942670822144,1.0,146,13649,5546.11838931,418,0.30843472480773926,0.30843472480773926,0.0,1778428601.2795055,,,,,,,,,
,,146,13670,5556.06638186,419,,,,1778428611.2274718,1.0,0.0,0.3161807060241699,0.34902793169021606,0.3161807060241699,,,,
0.3029903173446655,1.0,147,13699,5567.489615585,420,0.27284061908721924,0.27284061908721924,0.0,1778428622.650667,,,,,,,,,
0.3264292776584625,1.0,147,13749,5586.949883464,421,0.3090672791004181,0.3090672791004181,0.0,1778428642.1109383,,,,,,,,,
,,147,13763,5594.027969107,422,,,,1778428649.1890056,1.0,0.0,0.2958904802799225,0.3244101107120514,0.2958904802799225,,,,
0.33058199286460876,1.0,148,13799,5608.029906267,423,0.3114704191684723,0.3114704191684723,0.0,1778428663.1909456,,,,,,,,,
0.30514416098594666,1.0,148,13849,5627.259439943,424,0.27482870221138,0.27482870221138,0.0,1778428682.4204912,,,,,,,,,
,,148,13856,5631.700655714,425,,,,1778428686.8616476,1.0,0.0,0.29536357522010803,0.32325541973114014,0.29536357522010803,,,,
0.31133347749710083,1.0,149,13899,5648.353165043,426,0.28716230392456055,0.28716230392456055,0.0,1778428703.5140498,,,,,,,,,
0.35010069608688354,1.0,149,13949,5667.755322177,427,0.3110848069190979,0.3110848069190979,0.0,1778428722.9162717,,,,,,,,,
,,149,13949,5669.407159672,428,,,,1778428724.568054,1.0,0.0,0.2851389944553375,0.3180941641330719,0.2851389944553375,,,,
0.3487226068973541,1.0,150,13999,5688.675366776,429,0.32985222339630127,0.32985222339630127,0.0,1778428743.836308,,,,,,,,,
,,150,14042,5706.962407602,430,,,,1778428762.123445,1.0,0.0,0.29336702823638916,0.32213932275772095,0.29336702823638916,,,,
0.299590140581131,1.0,151,14049,5709.635034156,431,0.26064980030059814,0.26064980030059814,0.0,1778428764.7959826,,,,,,,,,
0.33226290345191956,1.0,151,14099,5729.175008515,432,0.3088808059692383,0.3088808059692383,0.0,1778428784.3359156,,,,,,,,,
,,151,14135,5744.812220937,433,,,,1778428799.973234,1.0,0.0,0.28566351532936096,0.31751129031181335,0.28566351532936096,,,,
0.3418903946876526,1.0,152,14149,5750.311381853,434,0.3046654164791107,0.3046654164791107,0.0,1778428805.472352,,,,,,,,,
0.3026428520679474,1.0,152,14199,5769.844954379,435,0.2719719707965851,0.2719719707965851,0.0,1778428825.0060508,,,,,,,,,
,,152,14228,5782.776111177,436,,,,1778428837.9371657,1.0,0.0,0.28993910551071167,0.32297879457473755,0.28993910551071167,,,,
0.30190497636795044,1.0,153,14249,5790.831588733,437,0.2807905972003937,0.2807905972003937,0.0,1778428845.992671,,,,,,,,,
0.31345880031585693,1.0,153,14299,5810.211048517,438,0.2746128439903259,0.2746128439903259,0.0,1778428865.3722353,,,,,,,,,
,,153,14321,5820.249804064,439,,,,1778428875.4108903,1.0,0.0,0.27637460827827454,0.3050568401813507,0.27637460827827454,,,,
0.37135037779808044,1.0,154,14349,5831.057505094,440,0.3283619284629822,0.3283619284629822,0.0,1778428886.2186701,,,,,,,,,
0.30853980779647827,1.0,154,14399,5850.712287742,441,0.26651421189308167,0.26651421189308167,0.0,1778428905.8733776,,,,,,,,,
,,154,14414,5858.34397737,442,,,,1778428913.5049462,1.0,0.0,0.2962563931941986,0.3292674124240875,0.2962563931941986,,,,
,,155,14415,5871.73511687,443,,,,1778428926.8962648,,,,,,13.5320405960083,0.8516445755958557,11.181899070739746,1.159242868423462
