tloss_s_step,w_accuracy_step,w_stability_step,trainer/global_step,_timestamp,_step,tloss_a_step,tloss_step,epoch,_runtime,tloss_a_epoch,tloss_s_epoch,w_accuracy_epoch,tloss_epoch,w_stability_epoch,RMSSE,sMAPE,RMSSC,sMAPC
0.42081958055496216,0.8500000238418579,0.15000000596046448,49,1778797500.0766723,0,1.5241109132766724,1.3586173057556152,0,35.425928681,,,,,,,,,
,,,92,1778797526.6568205,1,,,0,62.006114765,1.6904182434082031,0.6035816073417664,0.849999189376831,1.5273921489715576,0.14999987185001373,,,,
0.414401113986969,0.8500000238418579,0.15000000596046448,99,1778797534.8608966,2,1.4319382905960083,1.2793077230453491,1,70.210022223,,,,,,,,,
0.45035088062286377,0.8500000238418579,0.15000000596046448,149,1778797564.6336226,3,1.3375217914581299,1.2044461965560913,1,99.982710085,,,,,,,,,
,,,185,1778797587.0835178,4,,,1,122.432921027,1.4056416749954224,0.45586439967155457,0.849999189376831,1.2631752490997314,0.14999987185001373,,,,
0.46982255578041077,0.8500000238418579,0.15000000596046448,199,1778797599.7116237,5,1.4140669107437134,1.2724303007125854,2,135.06070643,,,,,,,,,
0.4342792332172394,0.8500000238418579,0.15000000596046448,249,1778797629.2709067,6,1.389101505279541,1.2458782196044922,2,164.62000832,,,,,,,,,
,,,278,1778797647.2702234,7,,,2,182.619536936,1.3919626474380493,0.46010643243789673,0.849999189376831,1.2521847486495972,0.14999987185001373,,,,
0.4490070044994354,0.8500000238418579,0.15000000596046448,299,1778797663.6123815,8,1.3734805583953857,1.2348096370697021,3,198.961545875,,,,,,,,,
0.4525306820869446,0.8500000238418579,0.15000000596046448,349,1778797692.9469612,9,1.3018406629562378,1.1744441986083984,3,228.296027351,,,,,,,,,
,,,371,1778797707.1205752,10,,,3,242.470023454,1.3158701658248901,0.4672563970088959,0.849999189376831,1.1885778903961182,0.14999987185001373,,,,
0.44524624943733215,0.8500000238418579,0.15000000596046448,399,1778797728.235342,11,1.2308025360107422,1.1129690408706665,4,263.58444268,,,,,,,,,
0.5563583374023438,0.8500000238418579,0.15000000596046448,449,1778797757.4156923,12,1.3424615859985352,1.224546194076538,4,292.765220714,,,,,,,,,
,,,464,1778797767.135772,13,,,4,302.484985957,1.315935730934143,0.45976871252059937,0.849999189376831,1.1875108480453491,0.14999987185001373,,,,
0.4282931685447693,0.8500000238418579,0.15000000596046448,499,1778797792.1705406,14,1.231053352355957,1.1106394529342651,5,327.519638609,,,,,,,,,
0.4824759066104889,0.8500000238418579,0.15000000596046448,549,1778797821.3694196,15,1.3324388265609741,1.204944372177124,5,356.718705584,,,,,,,,,
,,,557,1778797826.7767112,16,,,5,362.126078949,1.3069244623184204,0.4605843424797058,0.849999189376831,1.1799733638763428,0.14999987185001373,,,,
0.4380320906639099,0.8500000238418579,0.15000000596046448,599,1778797855.092624,17,1.3072327375411987,1.1768527030944824,6,390.441787904,,,,,,,,,
0.43254464864730835,0.8500000238418579,0.15000000596046448,649,1778797884.3543353,18,1.3811190128326416,1.2388328313827515,6,419.703773832,,,,,,,,,
,,,650,1778797886.237842,19,,,6,421.586984653,1.2875487804412842,0.44743239879608154,0.849999189376831,1.1615315675735474,0.14999987185001373,,,,
0.44794195890426636,0.8500000238418579,0.15000000596046448,699,1778797918.5620368,20,1.3390018939971924,1.2053428888320923,7,453.911149953,,,,,,,,,
,,,743,1778797945.5699766,21,,,7,480.919403203,1.2824302911758423,0.4511060118675232,0.849999189376831,1.1577318906784058,0.14999987185001373,,,,
0.45506006479263306,0.8500000238418579,0.15000000596046448,749,1778797952.6198597,22,1.3221526145935059,1.1920887231826782,8,487.968954296,,,,,,,,,
0.45928531885147095,0.8500000238418579,0.15000000596046448,799,1778797981.7243187,23,1.303604245185852,1.1769565343856812,8,517.07350993,,,,,,,,,
,,,836,1778798004.0814564,24,,,8,539.430857847,1.2732644081115723,0.4423072040081024,0.849999189376831,1.1486204862594604,0.14999987185001373,,,,
0.4581783711910248,0.8500000238418579,0.15000000596046448,849,1778798015.3130786,25,1.4194672107696533,1.2752739191055298,9,550.662125919,,,,,,,,,
0.389534056186676,0.8500000238418579,0.15000000596046448,899,1778798044.703821,26,1.2822524309158325,1.14834463596344,9,580.052915914,,,,,,,,,
,,,929,1778798063.1283793,27,,,9,598.47799115,1.2766493558883667,0.457044780254364,0.849999189376831,1.153708815574646,0.14999987185001373,,,,
0.4488060474395752,0.8500000238418579,0.15000000596046448,949,1778798078.4206686,28,1.2881851196289062,1.1622782945632935,10,613.769781349,,,,,,,,,
0.4649466872215271,0.8500000238418579,0.15000000596046448,999,1778798107.696273,29,1.3129656314849854,1.1857627630233765,10,643.045327878,,,,,,,,,
,,,1022,1778798121.866284,30,,,10,657.215468552,1.2672123908996582,0.4450710713863373,0.849999189376831,1.1438913345336914,0.14999987185001373,,,,
0.4291269779205322,0.8500000238418579,0.15000000596046448,1049,1778798141.2064722,31,1.3207390308380127,1.1869972944259644,11,676.555735936,,,,,,,,,
0.4102823734283447,0.8500000238418579,0.15000000596046448,1099,1778798170.4888911,32,1.179674744606018,1.0642659664154053,11,705.837944708,,,,,,,,,
,,,1115,1778798180.7732577,33,,,11,716.122436356,1.2437165975570679,0.4491129517555237,0.849999189376831,1.1245259046554565,0.14999987185001373,,,,
0.4369066059589386,0.8500000238418579,0.15000000596046448,1149,1778798204.2015247,34,1.3256163597106934,1.1923099756240845,12,739.550774139,,,,,,,,,
0.4411596357822418,0.8500000238418579,0.15000000596046448,1199,1778798233.6542704,35,1.2497215270996094,1.1284372806549072,12,769.003341178,,,,,,,,,
,,,1208,1778798240.0371459,36,,,12,775.386352494,1.2603579759597778,0.4423713684082031,0.849999189376831,1.1376596689224243,0.14999987185001373,,,,
0.4547726809978485,0.8500000238418579,0.15000000596046448,1249,1778798267.3260856,37,1.236536979675293,1.1192724704742432,13,802.675283637,,,,,,,,,
0.46586543321609497,0.8500000238418579,0.15000000596046448,1299,1778798296.5736632,38,1.26742422580719,1.1471904516220093,13,831.922763092,,,,,,,,,
,,,1301,1778798298.7363243,39,,,13,834.085531218,1.264088749885559,0.45542895793914795,0.849999189376831,1.1427897214889526,0.14999987185001373,,,,
0.44174301624298096,0.8500000238418579,0.15000000596046448,1349,1778798330.3654864,40,1.2424005270004272,1.1223019361495972,14,865.714732486,,,,,,,,,
,,,1394,1778798357.5609043,41,,,14,892.91012626,1.2594435214996338,0.4532914161682129,0.849999189376831,1.13852059841156,0.14999987185001373,,,,
0.4659586548805237,0.8500000238418579,0.15000000596046448,1399,1778798364.2561738,42,1.2716946601867676,1.150834321975708,15,899.6052098,,,,,,,,,
0.42876845598220825,0.8500000238418579,0.15000000596046448,1449,1778798393.3314872,43,1.2316415309906006,1.1112107038497925,15,928.680680722,,,,,,,,,
,,,1487,1778798416.6420867,44,,,15,951.991386614,1.2576428651809692,0.45305168628692627,0.849999189376831,1.1369540691375732,0.14999987185001373,,,,
0.4239543080329895,0.8500000238418579,0.15000000596046448,1499,1778798427.3616962,45,1.2220211029052734,1.102311134338379,16,962.71083314,,,,,,,,,
0.40404534339904785,0.8500000238418579,0.15000000596046448,1549,1778798456.3376915,46,1.187089443206787,1.069632887840271,16,991.686838783,,,,,,,,,
,,,1580,1778798475.6409872,47,,,16,1010.99022343,1.2549976110458374,0.446087121963501,0.849999189376831,1.1336612701416016,0.14999987185001373,,,,
0.47007399797439575,0.8500000238418579,0.15000000596046448,1599,1778798490.2910378,48,1.246572732925415,1.1300979852676392,17,1025.640118719,,,,,,,,,
0.4436471462249756,0.8500000238418579,0.15000000596046448,1649,1778798519.2429497,49,1.247434139251709,1.126866102218628,17,1054.592131635,,,,,,,,,
,,,1673,1778798534.4558253,50,,,17,1069.804988479,1.2467665672302246,0.43794193863868713,0.849999189376831,1.1254428625106812,0.14999987185001373,,,,
0.4253806173801422,0.8500000238418579,0.15000000596046448,1699,1778798553.352765,51,1.2571995258331299,1.1324267387390137,18,1088.701940723,,,,,,,,,
0.4594588875770569,0.8500000238418579,0.15000000596046448,1749,1778798582.2413833,52,1.270491123199463,1.1488362550735474,18,1117.590528329,,,,,,,,,
,,,1766,1778798593.1590393,53,,,18,1128.508325234,1.254129409790039,0.4395822584629059,0.849999189376831,1.1319471597671509,0.14999987185001373,,,,
0.43022871017456055,0.8500000238418579,0.15000000596046448,1799,1778798616.3177137,54,1.2717740535736084,1.1455422639846802,19,1151.667115942,,,,,,,,,
0.4476826786994934,0.8500000238418579,0.15000000596046448,1849,1778798645.2497792,55,1.2190678119659424,1.1033600568771362,19,1180.598812437,,,,,,,,,
,,,1859,1778798652.1550267,56,,,19,1187.504181047,1.24868905544281,0.44447436928749084,0.849999189376831,1.1280570030212402,0.14999987185001373,,,,
0.4508569538593292,0.8500000238418579,0.15000000596046448,1899,1778798679.1590223,57,1.2942309379577637,1.167724847793579,20,1214.508306736,,,,,,,,,
0.39669501781463623,0.8500000238418579,0.15000000596046448,1949,1778798708.1339786,58,1.2343711853027344,1.108719825744629,20,1243.483083282,,,,,,,,,
,,,1952,1778798710.8358216,59,,,20,1246.18499887,1.2449307441711426,0.44433116912841797,0.849999189376831,1.1248407363891602,0.14999987185001373,,,,
0.4925795793533325,0.8500000238418579,0.15000000596046448,1999,1778798741.7448888,60,1.236708402633667,1.125089168548584,21,1277.094169086,,,,,,,,,
,,,2045,1778798769.712216,61,,,21,1305.061390444,1.2414352893829346,0.44609737396240234,0.849999189376831,1.1221345663070679,0.14999987185001373,,,,
0.4844537377357483,0.8500000238418579,0.15000000596046448,2049,1778798775.5093188,62,1.2786180973052979,1.1594934463500977,22,1310.858391239,,,,,,,,,
0.4225688576698303,0.8500000238418579,0.15000000596046448,2099,1778798804.946529,63,1.2194278240203857,1.0998990535736084,22,1340.295786297,,,,,,,,,
,,,2138,1778798828.8585308,64,,,22,1364.207751233,1.2480298280715942,0.446283757686615,0.849999189376831,1.1277680397033691,0.14999987185001373,,,,
0.41765695810317993,0.8500000238418579,0.15000000596046448,2149,1778798838.7705698,65,1.262144923210144,1.1354717016220093,23,1374.119732351,,,,,,,,,
0.4167047441005707,0.8500000238418579,0.15000000596046448,2199,1778798867.8111806,66,1.257781982421875,1.1316204071044922,23,1403.160411394,,,,,,,,,
,,,2231,1778798887.4230478,67,,,23,1422.772305534,1.2411383390426636,0.4346287250518799,0.849999189376831,1.1201621294021606,0.14999987185001373,,,,
0.4136504828929901,0.8500000238418579,0.15000000596046448,2249,1778798901.5418477,68,1.2182602882385254,1.0975688695907593,24,1436.891018293,,,,,,,,,
0.4437778890132904,0.8500000238418579,0.15000000596046448,2299,1778798930.6801512,69,1.2222412824630737,1.1054718494415283,24,1466.029430871,,,,,,,,,
,,,2324,1778798946.3121345,70,,,24,1481.661432955,1.2402808666229248,0.43928855657577515,0.849999189376831,1.1201316118240356,0.14999987185001373,,,,
0.4135403633117676,0.8500000238418579,0.15000000596046448,2349,1778798964.3371632,71,1.196955919265747,1.0794435739517212,25,1499.686202204,,,,,,,,,
0.46694186329841614,0.8500000238418579,0.15000000596046448,2399,1778798993.500232,72,1.23967444896698,1.1237646341323853,25,1528.8495206,,,,,,,,,
,,,2417,1778799005.0166533,73,,,25,1540.365983992,1.2430118322372437,0.4380204677581787,0.849999189376831,1.122262716293335,0.14999987185001373,,,,
0.4065358638763428,0.8500000238418579,0.15000000596046448,2449,1778799027.2512004,74,1.214674949645996,1.093454122543335,26,1562.600358123,,,,,,,,,
0.44920939207077026,0.8500000238418579,0.15000000596046448,2499,1778799056.511263,75,1.2807562351226807,1.1560242176055908,26,1591.860430716,,,,,,,,,
,,,2510,1778799064.041873,76,,,26,1599.391063412,1.2307406663894653,0.4353213906288147,0.849999189376831,1.111427903175354,0.14999987185001373,,,,
0.4591965675354004,0.8500000238418579,0.15000000596046448,2549,1778799090.218633,77,1.2330803871154785,1.1169978380203247,27,1625.567750097,,,,,,,,,
0.4411766827106476,0.8500000238418579,0.15000000596046448,2599,1778799119.4186087,78,1.1924676895141602,1.0797741413116455,27,1654.76776428,,,,,,,,,
,,,2603,1778799122.6687083,79,,,27,1658.017901417,1.22905433177948,0.42942067980766296,0.849999189376831,1.1091095209121704,0.14999987185001373,,,,
0.46448174118995667,0.8500000238418579,0.15000000596046448,2649,1778799153.3917105,80,1.2948286533355713,1.1702766418457031,28,1688.74083163,,,,,,,,,
,,,2696,1778799181.6611612,81,,,28,1717.010476041,1.2387579679489136,0.4369899332523346,0.849999189376831,1.1184930801391602,0.14999987185001373,,,,
0.39029476046562195,0.8500000238418579,0.15000000596046448,2699,1778799187.232112,82,1.17158043384552,1.0543875694274902,29,1722.581146457,,,,,,,,,
0.47869426012039185,0.8500000238418579,0.15000000596046448,2749,1778799216.2993975,83,1.2693066596984863,1.1507148742675781,29,1751.64847282,,,,,,,,,
,,,2789,1778799240.5460303,84,,,29,1775.895364234,1.2404738664627075,0.43987807631492615,0.849999189376831,1.1203844547271729,0.14999987185001373,,,,
0.43899792432785034,0.8500000238418579,0.15000000596046448,2799,1778799250.0816,85,1.2470204830169678,1.125817060470581,30,1785.430716252,,,,,,,,,
0.4082358181476593,0.8500000238418579,0.15000000596046448,2849,1778799279.160028,86,1.2600691318511963,1.1322941780090332,30,1814.50914807,,,,,,,,,
,,,2882,1778799299.2488432,87,,,30,1834.598054869,1.2374722957611084,0.4340849816799164,0.849999189376831,1.1169636249542236,0.14999987185001373,,,,
0.43526941537857056,0.8500000238418579,0.15000000596046448,2899,1778799312.6474128,88,1.2038137912750244,1.0885322093963623,31,1847.996522113,,,,,,,,,
0.40945783257484436,0.8500000238418579,0.15000000596046448,2949,1778799341.7450833,89,1.2988399267196655,1.1654325723648071,31,1877.09419292,,,,,,,,,
,,,2975,1778799357.9927435,90,,,31,1893.342086176,1.2234827280044556,0.43642422556877136,0.849999189376831,1.105423927307129,0.14999987185001373,,,,
0.44023552536964417,0.8500000238418579,0.15000000596046448,2999,1778799375.8825476,91,1.171600103378296,1.0618953704833984,32,1911.231638503,,,,,,,,,
0.4934925436973572,0.8500000238418579,0.15000000596046448,3049,1778799404.785656,92,1.2881404161453247,1.1689432859420776,32,1940.134775549,,,,,,,,,
,,,3068,1778799417.0826972,93,,,32,1952.43201601,1.2289658784866333,0.4326936602592468,0.849999189376831,1.1095246076583862,0.14999987185001373,,,,
0.4576142430305481,0.8500000238418579,0.15000000596046448,3099,1778799438.812883,94,1.1617283821105957,1.0561113357543945,33,1974.162026655,,,,,,,,,
0.45948654413223267,0.8500000238418579,0.15000000596046448,3149,1778799467.6711695,95,1.2084829807281494,1.0961335897445679,33,2003.020248342,,,,,,,,,
,,,3161,1778799475.7887022,96,,,33,2011.138140203,1.2307847738265991,0.44607165455818176,0.849999189376831,1.1130777597427368,0.14999987185001373,,,,
0.45492199063301086,0.8500000238418579,0.15000000596046448,3199,1778799501.0982287,97,1.215631365776062,1.1015249490737915,34,2036.447389489,,,,,,,,,
0.4647892117500305,0.8500000238418579,0.15000000596046448,3249,1778799530.291577,98,1.155113935470581,1.0515652894973755,34,2065.640630678,,,,,,,,,
,,,3254,1778799534.1252315,99,,,34,2069.474393134,1.221422553062439,0.4380246102809906,0.849999189376831,1.1039131879806519,0.14999987185001373,,,,
0.3984723687171936,0.8500000238418579,0.15000000596046448,3299,1778799564.271565,100,1.22858726978302,1.1040700674057007,35,2099.620822024,,,,,,,,,
,,,3347,1778799593.0976088,101,,,35,2128.446852784,1.2300968170166016,0.4345214068889618,0.849999189376831,1.1107605695724487,0.14999987185001373,,,,
0.46506810188293457,0.8500000238418579,0.15000000596046448,3349,1778799597.7808113,102,1.2092876434326172,1.0976547002792358,36,2133.12988522,,,,,,,,,
0.41801607608795166,0.8500000238418579,0.15000000596046448,3399,1778799626.995755,103,1.2471070289611816,1.1227433681488037,36,2162.345074488,,,,,,,,,
,,,3440,1778799652.0662487,104,,,36,2187.415436369,1.2251378297805786,0.4393143653869629,0.849999189376831,1.1072641611099243,0.14999987185001373,,,,
0.41200926899909973,0.8500000238418579,0.15000000596046448,3449,1778799660.70585,105,1.1729273796081543,1.0587897300720215,37,2196.05533572,,,,,,,,,
0.4736572802066803,0.8500000238418579,0.15000000596046448,3499,1778799690.066113,106,1.261061668395996,1.1429510116577148,37,2225.415252919,,,,,,,,,
,,,3533,1778799710.7406628,107,,,37,2246.089914008,1.221861481666565,0.4369209110736847,0.849999189376831,1.1041204929351807,0.14999987185001373,,,,
0.3941730856895447,0.8500000238418579,0.15000000596046448,3549,1778799723.9462945,108,1.162465214729309,1.0472214221954346,38,2259.295605269,,,,,,,,,
0.4200632572174072,0.8500000238418579,0.15000000596046448,3599,1778799753.0296834,109,1.209226369857788,1.090851902961731,38,2288.378809411,,,,,,,,,
,,,3626,1778799769.9198644,110,,,38,2305.26910489,1.2299036979675293,0.44015035033226013,0.849999189376831,1.1114404201507568,0.14999987185001373,,,,
0.4203411042690277,0.8500000238418579,0.15000000596046448,3649,1778799786.9362676,111,1.223729133605957,1.10322105884552,39,2322.285438454,,,,,,,,,
0.4124337136745453,0.8500000238418579,0.15000000596046448,3699,1778799815.836393,112,1.179632306098938,1.0645525455474854,39,2351.185491511,,,,,,,,,
,,,3719,1778799828.637331,113,,,39,2363.986529539,1.2223443984985352,0.4356301724910736,0.849999189376831,1.1043370962142944,0.14999987185001373,,,,
0.41337528824806213,0.8500000238418579,0.15000000596046448,3749,1778799849.7585487,114,1.1915028095245361,1.0747838020324707,40,2385.107667982,,,,,,,,,
0.47586387395858765,0.8500000238418579,0.15000000596046448,3799,1778799878.738562,115,1.244199514389038,1.1289491653442383,40,2414.087712403,,,,,,,,,
,,,3812,1778799887.2812428,116,,,40,2422.630783846,1.220839500427246,0.4436054825782776,0.849999189376831,1.104254126548767,0.14999987185001373,,,,
0.43159380555152893,0.8500000238418579,0.15000000596046448,3849,1778799912.4753854,117,1.2018632888793945,1.0863229036331177,41,2447.824614326,,,,,,,,,
0.4588828682899475,0.8500000238418579,0.15000000596046448,3899,1778799941.3002913,118,1.2673555612564087,1.1460846662521362,41,2476.649387135,,,,,,,,,
,,,3905,1778799946.1159291,119,,,41,2481.465200901,1.2223159074783325,0.4395662546157837,0.849999189376831,1.1049035787582397,0.14999987185001373,,,,
0.441802054643631,0.8500000238418579,0.15000000596046448,3949,1778799975.5107613,120,1.162635326385498,1.0545103549957275,42,2510.859995139,,,,,,,,,
,,,3998,1778800005.2832317,121,,,42,2540.632566205,1.2155648469924927,0.4351315200328827,0.849999189376831,1.0985000133514404,0.14999987185001373,,,,
0.46159249544143677,0.8500000238418579,0.15000000596046448,3999,1778800009.2832606,122,1.287994146347046,1.1640340089797974,43,2544.632326928,,,,,,,,,
0.4385150372982025,0.8500000238418579,0.15000000596046448,4049,1778800038.3661315,123,1.2823665142059326,1.1557888984680176,43,2573.715295612,,,,,,,,,
,,,4091,1778800063.794471,124,,,43,2599.143655914,1.2195957899093628,0.43809518218040466,0.849999189376831,1.1023708581924438,0.14999987185001373,,,,
0.38072118163108826,0.8500000238418579,0.15000000596046448,4099,1778800072.1865792,125,1.212681770324707,1.0878876447677612,44,2607.535623199,,,,,,,,,
0.4026879072189331,0.8500000238418579,0.15000000596046448,4149,1778800101.1262195,126,1.2048838138580322,1.0845545530319214,44,2636.47542917,,,,,,,,,
,,,4184,1778800122.4523716,127,,,44,2657.801734981,1.2214924097061157,0.4315060079097748,0.849999189376831,1.102994441986084,0.14999987185001373,,,,
0.4744463562965393,0.8500000238418579,0.15000000596046448,4199,1778800134.8191855,128,1.2190020084381104,1.1073187589645386,45,2670.16833111,,,,,,,,,
0.4206148087978363,0.8500000238418579,0.15000000596046448,4249,1778800164.1269093,129,1.201615333557129,1.0844652652740479,45,2699.476086242,,,,,,,,,
,,,4277,1778800181.5145607,130,,,45,2716.863750123,1.2160948514938354,0.43738099932670593,0.849999189376831,1.099287986755371,0.14999987185001373,,,,
0.41538339853286743,0.8500000238418579,0.15000000596046448,4299,1778800198.0484343,131,1.2349859476089478,1.1120455265045166,46,2733.397495566,,,,,,,,,
0.41440075635910034,0.8500000238418579,0.15000000596046448,4349,1778800227.0419807,132,1.2262613773345947,1.1044822931289673,46,2762.391250856,,,,,,,,,
,,,4370,1778800240.5531135,133,,,46,2775.90236896,1.2195885181427002,0.43438631296157837,0.849999189376831,1.1018081903457642,0.14999987185001373,,,,
0.4790453016757965,0.8500000238418579,0.15000000596046448,4399,1778800261.0557716,134,1.2411912679672241,1.1268694400787354,47,2796.404834414,,,,,,,,,
0.4199278652667999,0.8500000238418579,0.15000000596046448,4449,1778800289.965156,135,1.1590373516082764,1.0481709241867065,47,2825.314356408,,,,,,,,,
,,,4463,1778800299.261182,136,,,47,2834.610604539,1.2165511846542358,0.4279782176017761,0.849999189376831,1.0982654094696045,0.14999987185001373,,,,
0.42543530464172363,0.8500000238418579,0.15000000596046448,4499,1778800323.9628139,137,1.151484489440918,1.0425771474838257,48,2859.311907718,,,,,,,,,
0.40390658378601074,0.8500000238418579,0.15000000596046448,4549,1778800352.8057306,138,1.125579595565796,1.0173287391662598,48,2888.155065147,,,,,,,,,
,,,4556,1778800357.8545494,139,,,48,2893.203774678,1.2076646089553833,0.429219514131546,0.849999189376831,1.090898036956787,0.14999987185001373,,,,
0.45784884691238403,0.8500000238418579,0.15000000596046448,4599,1778800386.8285828,140,1.2475093603134155,1.1290602684020996,49,2922.1776458,,,,,,,,,
0.44378674030303955,0.8500000238418579,0.15000000596046448,4649,1778800415.7425132,141,1.2164226770401,1.100527286529541,49,2951.091855177,,,,,,,,,
,,,4649,1778800416.8119724,142,,,49,2952.161182357,1.2220243215560913,0.4381759464740753,0.849999189376831,1.1044470071792603,0.14999987185001373,,,,
0.4275455176830292,0.8500000238418579,0.15000000596046448,4699,1778800449.335412,143,1.2268569469451904,1.1069602966308594,50,2984.684460903,,,,,,,,,
,,,4742,1778800475.3635871,144,,,50,3010.712862258,1.220699667930603,0.4343998432159424,0.849999189376831,1.102754831314087,0.14999987185001373,,,,
0.4166141450405121,0.8500000238418579,0.15000000596046448,4749,1778800483.0956843,145,1.234971284866333,1.1122177839279175,51,3018.444773328,,,,,,,,,
0.4326830208301544,0.8500000238418579,0.15000000596046448,4799,1778800511.9652815,146,1.1671165227890015,1.0569515228271484,51,3047.314427677,,,,,,,,,
,,,4835,1778800534.0016851,147,,,51,3069.351080741,1.2123191356658936,0.43384701013565063,0.849999189376831,1.095548391342163,0.14999987185001373,,,,
0.4011802077293396,0.8500000238418579,0.15000000596046448,4849,1778800545.7418578,148,1.1580615043640137,1.0445293188095093,52,3081.09096133,,,,,,,,,
0.3717408776283264,0.8500000238418579,0.15000000596046448,4899,1778800574.9627495,149,1.1932487487792969,1.0700225830078125,52,3110.311838405,,,,,,,,,
,,,4928,1778800592.8186378,150,,,52,3128.168006638,1.2207974195480347,0.4282718002796173,0.849999189376831,1.1019185781478882,0.14999987185001373,,,,
0.42277559638023376,0.8500000238418579,0.15000000596046448,4949,1778800608.4591568,151,1.2537237405776978,1.1290816068649292,53,3143.808215778,,,,,,,,,
0.3708606958389282,0.8500000238418579,0.15000000596046448,4999,1778800637.4064715,152,1.1675716638565063,1.0480650663375854,53,3172.755609199,,,,,,,,,
,,,5021,1778800651.5714324,153,,,53,3186.9206814,1.2182658910751343,0.4325675070285797,0.849999189376831,1.100411057472229,0.14999987185001373,,,,
0.40865856409072876,0.8500000238418579,0.15000000596046448,5049,1778800671.507974,154,1.2136430740356445,1.0928955078125,54,3206.857028769,,,,,,,,,
0.4449347257614136,0.8500000238418579,0.15000000596046448,5099,1778800700.3723779,155,1.268450140953064,1.1449229717254639,54,3235.721467433,,,,,,,,,
,,,5114,1778800710.2618878,156,,,54,3245.61134369,1.2151848077774048,0.4330940246582031,0.849999189376831,1.0978713035583496,0.14999987185001373,,,,
0.41263216733932495,0.8500000238418579,0.15000000596046448,5149,1778800734.6796453,157,1.200988531112671,1.0827350616455078,55,3270.028714549,,,,,,,,,
0.4322068691253662,0.8500000238418579,0.15000000596046448,5199,1778800763.8491147,158,1.2342665195465088,1.1139576435089111,55,3299.198173494,,,,,,,,,
,,,5207,1778800769.4201643,159,,,55,3304.769739814,1.216412901878357,0.4304584860801697,0.849999189376831,1.0985195636749268,0.14999987185001373,,,,
0.4528292119503021,0.8500000238418579,0.15000000596046448,5249,1778800797.5313644,160,1.2700167894363403,1.147438645362854,56,3332.880492976,,,,,,,,,
0.3995453715324402,0.8500000238418579,0.15000000596046448,5299,1778800826.3753388,161,1.1484613418579102,1.0361239910125732,56,3361.724525975,,,,,,,,,
,,,5300,1778800828.2947955,162,,,56,3363.644176474,1.2164573669433594,0.4308510720729828,0.849999189376831,1.0986162424087524,0.14999987185001373,,,,
0.4535941481590271,0.8500000238418579,0.15000000596046448,5349,1778800860.3961513,163,1.2531960010528564,1.1332558393478394,57,3395.745186576,,,,,,,,,
,,,5393,1778800886.9948494,164,,,57,3422.344091779,1.215276837348938,0.4331617057323456,0.849999189376831,1.0979597568511963,0.14999987185001373,,,,
0.3980514705181122,0.8500000238418579,0.15000000596046448,5399,1778800893.985066,165,1.1525036096572876,1.03933584690094,58,3429.334414262,,,,,,,,,
0.4810633063316345,0.8500000238418579,0.15000000596046448,5449,1778800923.4566991,166,1.3149253129959106,1.1898460388183594,58,3458.805813553,,,,,,,,,
,,,5486,1778800945.9251068,167,,,58,3481.274405883,1.2166430950164795,0.4309452772140503,0.849999189376831,1.0987883806228638,0.14999987185001373,,,,
0.413301020860672,0.8500000238418579,0.15000000596046448,5499,1778800957.1569283,168,1.2214443683624268,1.1002229452133179,59,3492.506197414,,,,,,,,,
0.4235638380050659,0.8500000238418579,0.15000000596046448,5549,1778800986.414723,169,1.2060723304748535,1.0886961221694946,59,3521.763782052,,,,,,,,,
,,,5579,1778801004.8637948,170,,,59,3540.212920666,1.204584002494812,0.42743825912475586,0.849999189376831,1.0880122184753418,0.14999987185001373,,,,
0.43837034702301025,0.8500000238418579,0.15000000596046448,5599,1778801020.0665636,171,1.2773083448410034,1.1514676809310913,60,3555.41573012,,,,,,,,,
0.3796186149120331,0.8500000238418579,0.15000000596046448,5649,1778801049.3154886,172,1.1308925151824951,1.018201470375061,60,3584.664516504,,,,,,,,,
,,,5672,1778801063.6760564,173,,,60,3599.025240349,1.2101070880889893,0.4282808303833008,0.849999189376831,1.0928329229354858,0.14999987185001373,,,,
0.4221516251564026,0.8500000238418579,0.15000000596046448,5699,1778801083.1241276,174,1.1733211278915405,1.0606456995010376,61,3618.473327566,,,,,,,,,
0.40630149841308594,0.8500000238418579,0.15000000596046448,5749,1778801112.3858893,175,1.2207293510437012,1.0985652208328247,61,3647.734901237,,,,,,,,,
,,,5765,1778801122.7371757,176,,,61,3658.08643583,1.209002137184143,0.4229675531387329,0.849999189376831,1.0910969972610474,0.14999987185001373,,,,
0.4227854013442993,0.8500000238418579,0.15000000596046448,5799,1778801146.1644106,177,1.2518144845962524,1.1274601221084595,62,3681.513608681,,,,,,,,,
0.4068291485309601,0.8500000238418579,0.15000000596046448,5849,1778801175.3138793,178,1.1471318006515503,1.0360864400863647,62,3710.662938036,,,,,,,,,
,,,5858,1778801181.7175736,179,,,62,3717.06676516,1.2114477157592773,0.43193650245666504,0.849999189376831,1.094520926475525,0.14999987185001373,,,,
0.40845274925231934,0.8500000238418579,0.15000000596046448,5899,1778801209.017619,180,1.2226580381393433,1.100527286529541,63,3744.366854283,,,,,,,,,
0.4570413827896118,0.8500000238418579,0.15000000596046448,5949,1778801238.4554756,181,1.2302825450897217,1.1142964363098145,63,3773.804602816,,,,,,,,,
,,,5951,1778801240.6155074,182,,,63,3775.964651886,1.2189644575119019,0.42725080251693726,0.849999189376831,1.1002073287963867,0.14999987185001373,,,,
0.41995853185653687,0.8500000238418579,0.15000000596046448,5999,1778801272.053322,183,1.1420449018478394,1.0337319374084473,64,3807.402499765,,,,,,,,,
,,,6044,1778801299.2996628,184,,,64,3834.648833097,1.218913197517395,0.4342573285102844,0.849999189376831,1.101215124130249,0.14999987185001373,,,,
0.4642464518547058,0.8500000238418579,0.15000000596046448,6049,1778801305.981513,185,1.2694716453552246,1.1486878395080566,65,3841.330610033,,,,,,,,,
0.4302888512611389,0.8500000238418579,0.15000000596046448,6099,1778801335.023816,186,1.1930499076843262,1.078635811805725,65,3870.373029783,,,,,,,,,
,,,6137,1778801358.2341003,187,,,65,3893.583256327,1.2105309963226318,0.4270905554294586,0.849999189376831,1.0930153131484985,0.14999987185001373,,,,
0.3948216438293457,0.8500000238418579,0.15000000596046448,6149,1778801368.8648274,188,1.2305028438568115,1.1051506996154785,66,3904.213878977,,,,,,,,,
0.4265117943286896,0.8500000238418579,0.15000000596046448,6199,1778801398.0320704,189,1.2375037670135498,1.1158549785614014,66,3933.381200011,,,,,,,,,
,,,6230,1778801417.3734982,190,,,66,3952.722780115,1.2102878093719482,0.4274042248725891,0.849999189376831,1.0928550958633423,0.14999987185001373,,,,
0.41020667552948,0.8500000238418579,0.15000000596046448,6249,1778801432.140381,191,1.2070462703704834,1.0875203609466553,67,3967.489595393,,,,,,,,,
0.4097709059715271,0.8500000238418579,0.15000000596046448,6299,1778801461.1493485,192,1.1683177947998047,1.0545357465744019,67,3996.498560337,,,,,,,,,
,,,6323,1778801476.334542,193,,,67,4011.683725408,1.2174409627914429,0.4320880174636841,0.849999189376831,1.0996376276016235,0.14999987185001373,,,,
0.4203413426876068,0.8500000238418579,0.15000000596046448,6349,1778801495.1642864,194,1.208207130432129,1.0900273323059082,68,4030.513326335,,,,,,,,,
0.41127899289131165,0.8500000238418579,0.15000000596046448,6399,1778801524.0529652,195,1.2393834590911865,1.1151678562164307,68,4059.402209254,,,,,,,,,
,,,6416,1778801534.907234,196,,,68,4070.256427332,1.204846978187561,0.4254586100578308,0.849999189376831,1.0879385471343994,0.14999987185001373,,,,
0.4086599349975586,0.8500000238418579,0.15000000596046448,6449,1778801558.1816068,197,1.2172200679779053,1.0959360599517822,69,4093.530797691,,,,,,,,,
0.40973860025405884,0.8500000238418579,0.15000000596046448,6499,1778801587.1027749,198,1.1676733493804932,1.053983211517334,69,4122.451976553,,,,,,,,,
,,,6509,1778801594.0350487,199,,,69,4129.384254625,1.2140278816223145,0.4265083372592926,0.849999189376831,1.095900058746338,0.14999987185001373,,,,
0.39641326665878296,0.8500000238418579,0.15000000596046448,6549,1778801621.0692375,200,1.1749788522720337,1.0581940412521362,70,4156.418364598,,,,,,,,,
0.4566079378128052,0.8500000238418579,0.15000000596046448,6599,1778801649.9226403,201,1.239725112915039,1.1222575902938843,70,4185.271854651,,,,,,,,,
,,,6602,1778801652.5194824,202,,,70,4187.868679558,1.2122093439102173,0.42768335342407227,0.849999189376831,1.0945302248001099,0.14999987185001373,,,,
0.4178049564361572,0.8500000238418579,0.15000000596046448,6649,1778801683.292409,203,1.3069603443145752,1.1735870838165283,71,4218.641565679,,,,,,,,,
,,,6695,1778801711.4353073,204,,,71,4246.784826893,1.2150459289550781,0.43525856733322144,0.849999189376831,1.0980778932571411,0.14999987185001373,,,,
0.4185713827610016,0.8500000238418579,0.15000000596046448,6699,1778801717.2468574,205,1.2369953393936157,1.114231824874878,72,4252.595956602,,,,,,,,,
0.38498127460479736,0.8500000238418579,0.15000000596046448,6749,1778801746.794264,206,1.0984876155853271,0.9914616942405701,72,4282.143409084,,,,,,,,,
,,,6788,1778801770.7591445,207,,,72,4306.1084279,1.2051455974578857,0.4280484914779663,0.849999189376831,1.0885814428329468,0.14999987185001373,,,,
0.46118494868278503,0.8500000238418579,0.15000000596046448,6799,1778801780.7584946,208,1.2090977430343628,1.096910834312439,73,4316.107613758,,,,,,,,,
0.4398954212665558,0.8500000238418579,0.15000000596046448,6849,1778801809.7890706,209,1.247577428817749,1.1264252662658691,73,4345.139055128,,,,,,,,,
,,,6881,1778801829.38624,210,,,73,4364.735430248,1.2087687253952026,0.4272715151309967,0.849999189376831,1.0915443897247314,0.14999987185001373,,,,
0.43427160382270813,0.8500000238418579,0.15000000596046448,6899,1778801843.6724682,211,1.200880527496338,1.085889220237732,74,4379.021593687,,,,,,,,,
0.4699048697948456,0.8500000238418579,0.15000000596046448,6949,1778801872.8185573,212,1.2079291343688965,1.097225546836853,74,4408.167789419,,,,,,,,,
,,,6974,1778801888.5406032,213,,,74,4423.889820621,1.198084831237793,0.42445942759513855,0.849999189376831,1.0820409059524536,0.14999987185001373,,,,
0.41297033429145813,0.8500000238418579,0.15000000596046448,6999,1778801906.338522,214,1.1873939037322998,1.071230411529541,75,4441.68759928,,,,,,,,,
0.4147190749645233,0.8500000238418579,0.15000000596046448,7049,1778801935.5193155,215,1.1897395849227905,1.0734864473342896,75,4470.868582491,,,,,,,,,
,,,7067,1778801947.0504417,216,,,75,4482.399666993,1.2012972831726074,0.41792529821395874,0.849999189376831,1.0837913751602173,0.14999987185001373,,,,
0.42951369285583496,0.8500000238418579,0.15000000596046448,7099,1778801969.3739579,217,1.2007595300674438,1.085072636604309,76,4504.723030661,,,,,,,,,
0.4595433175563812,0.8500000238418579,0.15000000596046448,7149,1778801998.645864,218,1.2175359725952148,1.103837013244629,76,4533.995010371,,,,,,,,,
,,,7160,1778802006.1741638,219,,,76,4541.523335192,1.2122215032577515,0.42243269085884094,0.849999189376831,1.0937533378601074,0.14999987185001373,,,,
0.4777545630931854,0.8500000238418579,0.15000000596046448,7199,1778802032.4001112,220,1.2474464178085327,1.1319925785064697,77,4567.749215725,,,,,,,,,
0.4230418801307678,0.8500000238418579,0.15000000596046448,7249,1778802061.749734,221,1.2108641862869263,1.0926908254623413,77,4597.099000257,,,,,,,,,
,,,7253,1778802065.1162417,222,,,77,4600.465470669,1.208753228187561,0.42386552691459656,0.849999189376831,1.091019868850708,0.14999987185001373,,,,
0.3831750154495239,0.8500000238418579,0.15000000596046448,7299,1778802095.4509294,223,1.1860604286193848,1.0656276941299438,78,4630.800042338,,,,,,,,,
,,,7346,1778802123.8550267,224,,,78,4659.20447563,1.1979751586914062,0.42086291313171387,0.849999189376831,1.081408143043518,0.14999987185001373,,,,
0.42426005005836487,0.8500000238418579,0.15000000596046448,7349,1778802129.3867984,225,1.2688333988189697,1.142147421836853,79,4664.735794964,,,,,,,,,
0.4287181496620178,0.8500000238418579,0.15000000596046448,7399,1778802158.4239628,226,1.2390365600585938,1.1174887418746948,79,4693.773100511,,,,,,,,,
,,,7439,1778802182.7660358,227,,,79,4718.11563064,1.2089813947677612,0.418660968542099,0.849999189376831,1.0904332399368286,0.14999987185001373,,,,
0.4123229682445526,0.8500000238418579,0.15000000596046448,7449,1778802192.2202353,228,1.2180057764053345,1.0971533060073853,80,4727.569287301,,,,,,,,,
0.4232572913169861,0.8500000238418579,0.15000000596046448,7499,1778802221.2373867,229,1.2238781452178955,1.1037850379943848,80,4756.58653407,,,,,,,,,
,,,7532,1778802241.2615883,230,,,80,4776.611487871,1.206825613975525,0.42604225873947144,0.849999189376831,1.0897083282470703,0.14999987185001373,,,,
0.42175039649009705,0.8500000238418579,0.15000000596046448,7549,1778802254.660008,231,1.224470615386963,1.1040626764297485,81,4790.009028879,,,,,,,,,
0.4178732633590698,0.8500000238418579,0.15000000596046448,7599,1778802283.9525664,232,1.1736043691635132,1.0602446794509888,81,4819.301730151,,,,,,,,,
,,,7625,1778802300.3070714,233,,,81,4835.656350729,1.1996893882751465,0.42227280139923096,0.849999189376831,1.0830769538879395,0.14999987185001373,,,,
0.43327808380126953,0.8500000238418579,0.15000000596046448,7649,1778802318.0621626,234,1.0790820121765137,0.9822114706039429,82,4853.411395977,,,,,,,,,
0.46832358837127686,0.8500000238418579,0.15000000596046448,7699,1778802346.9112353,235,1.1886141300201416,1.0805706977844238,82,4882.260369324,,,,,,,,,
,,,7718,1778802359.2199855,236,,,82,4894.569172445,1.1974761486053467,0.4286625385284424,0.849999189376831,1.0821540355682373,0.14999987185001373,,,,
0.46371302008628845,0.8500000238418579,0.15000000596046448,7749,1778802380.7321887,237,1.2378907203674316,1.121764063835144,83,4916.081372116,,,,,,,,,
0.39788106083869934,0.8500000238418579,0.15000000596046448,7799,1778802409.7522106,238,1.247776746749878,1.1202924251556396,83,4945.10139069,,,,,,,,,
,,,7811,1778802417.773598,239,,,83,4953.122818953,1.209792971611023,0.4273983836174011,0.849999189376831,1.0924339294433594,0.14999987185001373,,,,
0.408768892288208,0.8500000238418579,0.15000000596046448,7849,1778802443.481513,240,1.1945769786834717,1.076705813407898,84,4978.83080347,,,,,,,,,
0.4284721612930298,0.8500000238418579,0.15000000596046448,7899,1778802472.8112934,241,1.1901370286941528,1.0758873224258423,84,5008.160370353,,,,,,,,,
,,,7904,1778802476.6779966,242,,,84,5012.027254111,1.2062056064605713,0.4259467124938965,0.849999189376831,1.0891668796539307,0.14999987185001373,,,,
0.5012792944908142,0.8500000238418579,0.15000000596046448,7949,1778802506.8453422,243,1.2153791189193726,1.1082640886306763,85,5042.194582168,,,,,,,,,
,,,7997,1778802535.678759,244,,,85,5071.027969445,1.197452425956726,0.4231765568256378,0.849999189376831,1.0813111066818237,0.14999987185001373,,,,
0.4371933937072754,0.8500000238418579,0.15000000596046448,7999,1778802540.4115195,245,1.1910490989685059,1.0779708623886108,86,5075.76059919,,,,,,,,,
0.4323667883872986,0.8500000238418579,0.15000000596046448,8049,1778802569.7920382,246,1.1786752939224243,1.066728949546814,86,5105.141233936,,,,,,,,,
,,,8090,1778802594.6919215,247,,,86,5130.041098845,1.20243501663208,0.42608290910720825,0.849999189376831,1.085982322692871,0.14999987185001373,,,,
0.4311181306838989,0.8500000238418579,0.15000000596046448,8099,1778802603.3758214,248,1.1868259906768799,1.073469877243042,87,5138.724907806,,,,,,,,,
0.44486314058303833,0.8500000238418579,0.15000000596046448,8149,1778802632.7942982,249,1.188636064529419,1.0770701169967651,87,5168.143607422,,,,,,,,,
,,,8183,1778802653.674769,250,,,87,5189.024053401,1.2089784145355225,0.42086392641067505,0.849999189376831,1.090761423110962,0.14999987185001373,,,,
0.41791632771492004,0.8500000238418579,0.15000000596046448,8199,1778802666.705428,251,1.1730726957321167,1.0597991943359375,88,5202.054658183,,,,,,,,,
0.43553102016448975,0.8500000238418579,0.15000000596046448,8249,1778802695.903101,252,1.2368357181549072,1.1166400909423828,88,5231.252297225,,,,,,,,,
,,,8276,1778802712.6271079,253,,,88,5247.976389358,1.2061537504196167,0.42971378564834595,0.849999189376831,1.0896881818771362,0.14999987185001373,,,,
0.4166700839996338,0.8500000238418579,0.15000000596046448,8299,1778802729.649855,254,1.1898880004882812,1.073905348777771,89,5264.998892232,,,,,,,,,
0.41432681679725647,0.8500000238418579,0.15000000596046448,8349,1778802758.5626755,255,1.1832971572875977,1.0679516792297363,89,5293.911990652,,,,,,,,,
,,,8369,1778802771.487413,256,,,89,5306.836637036,1.2079713344573975,0.42125561833381653,0.849999189376831,1.0899637937545776,0.14999987185001373,,,,
0.45366862416267395,0.8500000238418579,0.15000000596046448,8399,1778802792.7726314,257,1.2806850671768188,1.156632661819458,90,5328.121709521,,,,,,,,,
0.4289092421531677,0.8500000238418579,0.15000000596046448,8449,1778802821.9328039,258,1.1928892135620117,1.0782922506332397,90,5357.281895091,,,,,,,,,
,,,8462,1778802830.584478,259,,,90,5365.933762842,1.1866763830184937,0.4182101786136627,0.849999189376831,1.0714062452316284,0.14999987185001373,,,,
0.4310927093029022,0.8500000238418579,0.15000000596046448,8499,1778802855.8273208,260,1.1923978328704834,1.0782021284103394,91,5391.176818279,,,,,,,,,
0.4169440269470215,0.8500000238418579,0.15000000596046448,8549,1778802884.7889833,261,1.1914355754852295,1.0752618312835693,91,5420.138200249,,,,,,,,,
,,,8555,1778802889.5021768,262,,,91,5424.851384233,1.200895071029663,0.4318295121192932,0.849999189376831,1.0855351686477661,0.14999987185001373,,,,
0.42278027534484863,0.8500000238418579,0.15000000596046448,8599,1778802918.7795963,263,1.198357343673706,1.082020878791809,92,5454.129116237,,,,,,,,,
,,,8648,1778802948.7250547,264,,,92,5484.074196828,1.1989680528640747,0.41661903262138367,0.849999189376831,1.0816155672073364,0.14999987185001373,,,,
0.42285656929016113,0.8500000238418579,0.15000000596046448,8649,1778802952.7838643,265,1.2144544124603271,1.095714807510376,93,5488.132983757,,,,,,,,,
0.4092941880226135,0.8500000238418579,0.15000000596046448,8699,1778802981.8608642,266,1.120204210281372,1.0135676860809326,93,5517.210210825,,,,,,,,,
,,,8741,1778803007.289466,267,,,93,5542.638714588,1.2004669904708862,0.4172963500022888,0.849999189376831,1.082991600036621,0.14999987185001373,,,,
0.4827978014945984,0.8500000238418579,0.15000000596046448,8749,1778803015.6007266,268,1.144453525543213,1.0452052354812622,94,5550.949810469,,,,,,,,,
0.4116402864456177,0.8500000238418579,0.15000000596046448,8799,1778803044.6398172,269,1.1826198101043701,1.0669728517532349,94,5579.989152901,,,,,,,,,
,,,8834,1778803065.8612685,270,,,94,5601.210506053,1.2012474536895752,0.42591026425361633,0.849999189376831,1.084946870803833,0.14999987185001373,,,,
0.46682125329971313,0.8500000238418579,0.15000000596046448,8849,1778803078.307722,271,1.2587708234786987,1.1399784088134766,95,5613.656821732,,,,,,,,,
0.5016699433326721,0.8500000238418579,0.15000000596046448,8899,1778803107.6601436,272,1.1967865228652954,1.0925190448760986,95,5643.009457891,,,,,,,,,
,,,8927,1778803125.0846398,273,,,95,5660.434131547,1.200640082359314,0.4261638820171356,0.849999189376831,1.084468960762024,0.14999987185001373,,,,
0.4284529983997345,0.8500000238418579,0.15000000596046448,8949,1778803141.737142,274,1.2537715435028076,1.1299738883972168,96,5677.086275354,,,,,,,,,
0.4543130397796631,0.8500000238418579,0.15000000596046448,8999,1778803170.7014697,275,1.2341750860214233,1.1171958446502686,96,5706.050645499,,,,,,,,,
,,,9020,1778803184.2011786,276,,,96,5719.550514911,1.1962753534317017,0.42851340770721436,0.849999189376831,1.081110954284668,0.14999987185001373,,,,
0.44244158267974854,0.8500000238418579,0.15000000596046448,9049,1778803204.8423228,277,1.213537335395813,1.0978729724884033,97,5740.191419828,,,,,,,,,
0.441730797290802,0.8500000238418579,0.15000000596046448,9099,1778803233.917412,278,1.1663873195648193,1.0576889514923096,97,5769.266685909,,,,,,,,,
,,,9113,1778803243.1254022,279,,,97,5778.474599763,1.1969448328018188,0.43024730682373047,0.849999189376831,1.0819401741027832,0.14999987185001373,,,,
0.4172699451446533,0.8500000238418579,0.15000000596046448,9149,1778803267.816209,280,1.175244688987732,1.0615484714508057,98,5803.165359459,,,,,,,,,
0.4253620505332947,0.8500000238418579,0.15000000596046448,9199,1778803296.7499402,281,1.1468900442123413,1.0386608839035034,98,5832.099182054,,,,,,,,,
,,,9206,1778803301.7144089,282,,,98,5837.06361306,1.1986644268035889,0.4211135804653168,0.849999189376831,1.082031488418579,0.14999987185001373,,,,
0.4346102178096771,0.8500000238418579,0.15000000596046448,9249,1778803330.6411595,283,1.2137560844421387,1.0968842506408691,99,5865.990224091,,,,,,,,,
0.4434584081172943,0.8500000238418579,0.15000000596046448,9299,1778803359.7685854,284,1.215390682220459,1.099600911140442,99,5895.117791575,,,,,,,,,
,,,9299,1778803360.8432376,285,,,99,5896.192530674,1.198556900024414,0.42350253462791443,0.849999189376831,1.082298755645752,0.14999987185001373,,,,
0.4097431004047394,0.8500000238418579,0.15000000596046448,9349,1778803393.3947606,286,1.2673323154449463,1.138693928718567,100,5928.743826288,,,,,,,,,
,,,9392,1778803419.3551855,287,,,100,5954.704490347,1.2087434530258179,0.4230629801750183,0.849999189376831,1.0908912420272827,0.14999987185001373,,,,
0.4262239933013916,0.8500000238418579,0.15000000596046448,9399,1778803427.066015,288,1.2031235694885254,1.0865886211395264,101,5962.415050266,,,,,,,,,
0.41105708479881287,0.8500000238418579,0.15000000596046448,9449,1778803455.9373453,289,1.2014439105987549,1.082885980606079,101,5991.28642812,,,,,,,,,
,,,9485,1778803477.9996564,290,,,101,6013.349151913,1.1898865699768066,0.42123258113861084,0.849999189376831,1.074588418006897,0.14999987185001373,,,,
0.41031521558761597,0.8500000238418579,0.15000000596046448,9499,1778803489.7313218,291,1.1065771579742432,1.0021378993988037,102,6025.080447992,,,,,,,,,
0.42290061712265015,0.8500000238418579,0.15000000596046448,9549,1778803519.1793315,292,1.282950758934021,1.1539433002471924,102,6054.528425254,,,,,,,,,
,,,9578,1778803537.2550278,293,,,102,6072.604403117,1.1936869621276855,0.42411860823631287,0.849999189376831,1.0782519578933716,0.14999987185001373,,,,
0.42237210273742676,0.8500000238418579,0.15000000596046448,9599,1778803552.8162374,294,1.1929407119750977,1.0773553848266602,103,6088.165418294,,,,,,,,,
0.4162936210632324,0.8500000238418579,0.15000000596046448,9649,1778803581.6714933,295,1.2361998558044434,1.1132140159606934,103,6117.02062509,,,,,,,,,
,,,9671,1778803595.6432345,296,,,103,6130.992850271,1.1999691724777222,0.4221879243850708,0.849999189376831,1.0833021402359009,0.14999987185001373,,,,
0.43414074182510376,0.8500000238418579,0.15000000596046448,9699,1778803615.691561,297,1.1776849031448364,1.0661532878875732,104,6151.040611365,,,,,,,,,
0.4240148067474365,0.8500000238418579,0.15000000596046448,9749,1778803644.634805,298,1.2636604309082031,1.1377135515213013,104,6179.983809776,,,,,,,,,
,,,9764,1778803654.4867678,299,,,104,6189.836228223,1.2118345499038696,0.4270879328250885,0.849999189376831,1.094122052192688,0.14999987185001373,,,,
0.3841831386089325,0.8500000238418579,0.15000000596046448,9799,1778803678.684647,300,1.1906112432479858,1.0696470737457275,105,6214.033803784,,,,,,,,,
0.43671709299087524,0.8500000238418579,0.15000000596046448,9849,1778803707.6851711,301,1.176513671875,1.0655441284179688,105,6243.034304979,,,,,,,,,
,,,9857,1778803713.2497299,302,,,105,6248.598982922,1.1946673393249512,0.42023977637290955,0.849999189376831,1.0785033702850342,0.14999987185001373,,,,
0.45253676176071167,0.8500000238418579,0.15000000596046448,9899,1778803741.3476422,303,1.2142618894577026,1.1000031232833862,106,6276.69686048,,,,,,,,,
0.415601909160614,0.8500000238418579,0.15000000596046448,9949,1778803770.4969654,304,1.2079875469207764,1.0891296863555908,106,6305.845985792,,,,,,,,,
,,,9950,1778803772.3864815,305,,,106,6307.735646592,1.1954776048660278,0.42601120471954346,0.849999189376831,1.0800577402114868,0.14999987185001373,,,,
0.43656009435653687,0.8500000238418579,0.15000000596046448,9999,1778803804.4697237,306,1.2483314275741577,1.1265658140182495,107,6339.818876799,,,,,,,,,
,,,10043,1778803831.1385534,307,,,107,6366.487810302,1.1988931894302368,0.42765647172927856,0.849999189376831,1.0832079648971558,0.14999987185001373,,,,
0.4252152442932129,0.8500000238418579,0.15000000596046448,10049,1778803838.1539898,308,1.217397928237915,1.0985705852508545,108,6373.503349039,,,,,,,,,
0.4333708584308624,0.8500000238418579,0.15000000596046448,10099,1778803867.5209265,309,1.2118332386016846,1.0950639247894287,108,6402.870042218,,,,,,,,,
,,,10136,1778803889.8244069,310,,,108,6425.173624181,1.1918452978134155,0.4161577522754669,0.849999189376831,1.075492262840271,0.14999987185001373,,,,
0.4398474097251892,0.8500000238418579,0.15000000596046448,10149,1778803901.1049824,311,1.1967778205871582,1.0832382440567017,109,6436.454411615,,,,,,,,,
0.4022306799888611,0.8500000238418579,0.15000000596046448,10199,1778803930.4705803,312,1.120298147201538,1.0125880241394043,109,6465.819645251,,,,,,,,,
,,,10229,1778803948.9046335,313,,,109,6484.253879849,1.1954001188278198,0.42094898223876953,0.849999189376831,1.0792325735092163,0.14999987185001373,,,,
0.46686917543411255,0.8500000238418579,0.15000000596046448,10249,1778803963.9750109,314,1.2266943454742432,1.1127206087112427,110,6499.324545018,,,,,,,,,
0.39334067702293396,0.8500000238418579,0.15000000596046448,10299,1778803993.183133,315,1.1662483215332031,1.0503121614456177,110,6528.532171225,,,,,,,,,
,,,10322,1778804007.2131484,316,,,110,6542.562386635,1.1985701322555542,0.4181334674358368,0.849999189376831,1.0815047025680542,0.14999987185001373,,,,
0.4375237822532654,0.8500000238418579,0.15000000596046448,10349,1778804026.711846,317,1.2353770732879639,1.115699052810669,111,6562.061127727,,,,,,,,,
0.42274969816207886,0.8500000238418579,0.15000000596046448,10399,1778804055.9764,318,1.2241456508636475,1.1039363145828247,111,6591.325538764,,,,,,,,,
,,,10415,1778804066.3624027,319,,,111,6601.711591179,1.193436622619629,0.42345431447029114,0.849999189376831,1.0779391527175903,0.14999987185001373,,,,
0.4116300046443939,0.8500000238418579,0.15000000596046448,10449,1778804089.787884,320,1.1817113161087036,1.0661990642547607,112,6625.137206468,,,,,,,,,
0.4102971851825714,0.8500000238418579,0.15000000596046448,10499,1778804118.926259,321,1.2207297086715698,1.0991648435592651,112,6654.275349131,,,,,,,,,
,,,10508,1778804125.3369102,322,,,112,6660.68609738,1.1904934644699097,0.4236016571521759,0.849999189376831,1.0754597187042236,0.14999987185001373,,,,
0.4284473657608032,0.8500000238418579,0.15000000596046448,10549,1778804152.550012,323,1.2364976406097412,1.1152901649475098,113,6687.899320585,,,,,,,,,
0.44469064474105835,0.8500000238418579,0.15000000596046448,10599,1778804181.7882643,324,1.1844956874847412,1.0735249519348145,113,6717.137403677,,,,,,,,,
,,,10601,1778804184.034046,325,,,113,6719.383196213,1.196545124053955,0.4302055537700653,0.849999189376831,1.0815942287445068,0.14999987185001373,,,,
0.3978077173233032,0.8500000238418579,0.15000000596046448,10649,1778804215.61825,326,1.1909351348876953,1.0719660520553589,114,6750.967488657,,,,,,,,,
,,,10694,1778804242.6147277,327,,,114,6777.963954003,1.1880673170089722,0.41776415705680847,0.849999189376831,1.0725220441818237,0.14999987185001373,,,,
0.46530550718307495,0.8500000238418579,0.15000000596046448,10699,1778804249.2908745,328,1.1924984455108643,1.0834195613861084,115,6784.639933259,,,,,,,,,
0.42933133244514465,0.8500000238418579,0.15000000596046448,10749,1778804278.3821275,329,1.2312067747116089,1.110925555229187,115,6813.731318188,,,,,,,,,
,,,10787,1778804301.691751,330,,,115,6837.041064266,1.1912561655044556,0.42368295788764954,0.849999189376831,1.076120138168335,0.14999987185001373,,,,
0.4338146448135376,0.8500000238418579,0.15000000596046448,10799,1778804312.3781848,331,1.2067444324493408,1.090804934501648,116,6847.727249043,,,,,,,,,
0.4510892629623413,0.8500000238418579,0.15000000596046448,10849,1778804341.3509958,332,1.355649471282959,1.2199654579162598,116,6876.700150378,,,,,,,,,
,,,10880,1778804360.6544232,333,,,116,6896.003651385,1.191348910331726,0.4330642521381378,0.849999189376831,1.0776065587997437,0.14999987185001373,,,,
0.4297032356262207,0.8500000238418579,0.15000000596046448,10899,1778804375.2484121,334,1.1458545923233032,1.0384318828582764,117,6910.59754359,,,,,,,,,
0.44184064865112305,0.8500000238418579,0.15000000596046448,10949,1778804404.1269631,335,1.2070796489715576,1.0922938585281372,117,6939.476151733,,,,,,,,,
,,,10973,1778804419.1941915,336,,,117,6954.5433962,1.1925323009490967,0.4314311444759369,0.849999189376831,1.0783671140670776,0.14999987185001373,,,,
0.44856467843055725,0.8500000238418579,0.15000000596046448,10999,1778804438.1485152,337,1.2089059352874756,1.0948548316955566,118,6973.497622967,,,,,,,,,
0.43746259808540344,0.8500000238418579,0.15000000596046448,11049,1778804467.052838,338,1.1153990030288696,1.0137085914611816,118,7002.401963558,,,,,,,,,
,,,11066,1778804477.8870802,339,,,118,7013.236280113,1.1983146667480469,0.42526137828826904,0.849999189376831,1.0823566913604736,0.14999987185001373,,,,
0.4575449228286743,0.8500000238418579,0.15000000596046448,11099,1778804501.1785052,340,1.202573537826538,1.0908193588256836,119,7036.527587534,,,,,,,,,
0.4088422656059265,0.8500000238418579,0.15000000596046448,11149,1778804530.0994534,341,1.2111279964447021,1.090785264968872,119,7065.44872644,,,,,,,,,
,,,11159,1778804537.1715498,342,,,119,7072.520771166,1.1893662214279175,0.42622095346450806,0.849999189376831,1.0748943090438843,0.14999987185001373,,,,
0.4178392291069031,0.8500000238418579,0.15000000596046448,11199,1778804564.269459,343,1.1793310642242432,1.0651072263717651,120,7099.618599923,,,,,,,,,
0.4674687385559082,0.8500000238418579,0.15000000596046448,11249,1778804593.1878874,344,1.1702451705932617,1.0648287534713745,120,7128.537048289,,,,,,,,,
,,,11252,1778804595.922255,345,,,120,7131.271451943,1.1976767778396606,0.41905269026756287,0.849999189376831,1.0808831453323364,0.14999987185001373,,,,
0.4531313180923462,0.8500000238418579,0.15000000596046448,11299,1778804626.6325839,346,1.2105662822723389,1.0969510078430176,121,7161.981616151,,,,,,,,,
,,,11345,1778804654.6509185,347,,,121,7190.000222404,1.1964329481124878,0.4209481477737427,0.849999189376831,1.0801101922988892,0.14999987185001373,,,,
0.4393342137336731,0.8500000238418579,0.15000000596046448,11349,1778804660.4647717,348,1.202072024345398,1.0876613855361938,122,7195.813824145,,,,,,,,,
0.4109649956226349,0.8500000238418579,0.15000000596046448,11399,1778804690.0352445,349,1.1579160690307617,1.0458734035491943,122,7225.384327423,,,,,,,,,
,,,11438,1778804713.981818,350,,,122,7249.331151396,1.1950503587722778,0.42282113432884216,0.849999189376831,1.0792156457901,0.14999987185001373,,,,
0.4478709101676941,0.8500000238418579,0.15000000596046448,11449,1778804723.964528,351,1.1568207740783691,1.0504783391952515,123,7259.313650247,,,,,,,,,
0.4442448616027832,0.8500000238418579,0.15000000596046448,11499,1778804752.8375707,352,1.2645552158355713,1.14150869846344,123,7288.186603903,,,,,,,,,
,,,11531,1778804772.412339,353,,,123,7307.761622031,1.200055480003357,0.42971155047416687,0.849999189376831,1.0845037698745728,0.14999987185001373,,,,
0.45166313648223877,0.8500000238418579,0.15000000596046448,11549,1778804786.428491,354,1.2032525539398193,1.0905141830444336,124,7321.777582364,,,,,,,,,
0.44607967138290405,0.8500000238418579,0.15000000596046448,11599,1778804815.7774239,355,1.1539475917816162,1.0477674007415771,124,7351.126524187,,,,,,,,,
,,,11624,1778804831.570379,356,,,124,7366.919640089,1.187752366065979,0.4235445559024811,0.849999189376831,1.0731213092803955,0.14999987185001373,,,,
0.45658451318740845,0.8500000238418579,0.15000000596046448,11649,1778804849.742318,357,1.2237277030944824,1.1086561679840088,125,7385.091463895,,,,,,,,,
0.4341285526752472,0.8500000238418579,0.15000000596046448,11699,1778804879.0183349,358,1.195853590965271,1.0815948247909546,125,7414.367419853,,,,,,,,,
,,,11717,1778804890.5028667,359,,,125,7425.852197048,1.1891871690750122,0.4265834093093872,0.849999189376831,1.0747967958450317,0.14999987185001373,,,,
0.391448438167572,0.8500000238418579,0.15000000596046448,11749,1778804912.7316113,360,1.1632912158966064,1.047514796257019,126,7448.080800696,,,,,,,,,
0.4350588619709015,0.8500000238418579,0.15000000596046448,11799,1778804941.985143,361,1.2223825454711914,1.1042840480804443,126,7477.334295128,,,,,,,,,
,,,11810,1778804949.4944105,362,,,126,7484.843914666,1.1900978088378906,0.4222455620765686,0.849999189376831,1.0749201774597168,0.14999987185001373,,,,
0.3939996063709259,0.8500000238418579,0.15000000596046448,11849,1778804975.3586888,363,1.171748161315918,1.0550858974456787,127,7510.707780911,,,,,,,,,
0.4561317563056946,0.8500000238418579,0.15000000596046448,11899,1778805004.5752087,364,1.1849262714385986,1.075607180595398,127,7539.924250665,,,,,,,,,
,,,11903,1778805007.7979267,365,,,127,7543.147668586,1.184561848640442,0.41954103112220764,0.849999189376831,1.0698086023330688,0.14999987185001373,,,,
0.4261096715927124,0.8500000238418579,0.15000000596046448,11949,1778805038.2470913,366,1.131427526473999,1.0256298780441284,128,7573.596229432,,,,,,,,,
,,,11996,1778805066.507773,367,,,128,7601.857332581,1.1931079626083374,0.4300697445869446,0.849999189376831,1.0786523818969727,0.14999987185001373,,,,
0.45207080245018005,0.8500000238418579,0.15000000596046448,11999,1778805072.0638502,368,1.1994402408599854,1.0873348712921143,129,7607.412900785,,,,,,,,,
0.39872291684150696,0.8500000238418579,0.15000000596046448,12049,1778805101.0415514,369,1.0925836563110352,0.9885045886039734,129,7636.39059988,,,,,,,,,
,,,12089,1778805125.4174056,370,,,129,7660.766604678,1.1890383958816528,0.4242599308490753,0.849999189376831,1.0743218660354614,0.14999987185001373,,,,
0.4610716998577118,0.8500000238418579,0.15000000596046448,12099,1778805134.8512425,371,1.144038438796997,1.0415934324264526,130,7670.200435652,,,,,,,,,
0.4190468192100525,0.8500000238418579,0.15000000596046448,12149,1778805164.0518594,372,1.205118179321289,1.087207555770874,130,7699.401008108,,,,,,,,,
,,,12182,1778805184.1799052,373,,,130,7719.529139305,1.1878550052642822,0.42164722084999084,0.849999189376831,1.0729237794876099,0.14999987185001373,,,,
0.4347987771034241,0.8500000238418579,0.15000000596046448,12199,1778805197.6968899,374,1.244071125984192,1.1226801872253418,131,7733.045986841,,,,,,,,,
0.4140361547470093,0.8500000238418579,0.15000000596046448,12249,1778805226.9583066,375,1.2249140739440918,1.1032824516296387,131,7762.307448137,,,,,,,,,
,,,12275,1778805243.0956478,376,,,131,7778.44487787,1.2014596462249756,0.4205245077610016,0.849999189376831,1.0843191146850586,0.14999987185001373,,,,
0.3908235430717468,0.8500000238418579,0.15000000596046448,12299,1778805260.8017514,377,1.2144606113433838,1.0909150838851929,132,7796.150986252,,,,,,,,,
0.46777766942977905,0.8500000238418579,0.15000000596046448,12349,1778805289.618461,378,1.2058660984039307,1.0951529741287231,132,7824.967572517,,,,,,,,,
,,,12368,1778805301.911274,379,,,132,7837.260524887,1.194631576538086,0.42934566736221313,0.849999189376831,1.0798389911651611,0.14999987185001373,,,,
0.4038653075695038,0.8500000238418579,0.15000000596046448,12399,1778805323.5572176,380,1.1974458694458008,1.0784088373184204,133,7858.906499111,,,,,,,,,
0.4291877746582031,0.8500000238418579,0.15000000596046448,12449,1778805352.470491,381,1.1460392475128174,1.0385115146636963,133,7887.819631047,,,,,,,,,
,,,12461,1778805360.5095985,382,,,133,7895.858857662,1.1895051002502441,0.4226793646812439,0.849999189376831,1.0744812488555908,0.14999987185001373,,,,
0.4329589009284973,0.8500000238418579,0.15000000596046448,12499,1778805385.9761639,383,1.1578173637390137,1.0490885972976685,134,7921.325333934,,,,,,,,,
0.4036470651626587,0.8500000238418579,0.15000000596046448,12549,1778805415.2354693,384,1.1860933303833008,1.0687264204025269,134,7950.584586487,,,,,,,,,
,,,12554,1778805419.1443539,385,,,134,7954.493569534,1.1822141408920288,0.4251575171947479,0.849999189376831,1.0686558485031128,0.14999987185001373,,,,
0.4225636124610901,0.8500000238418579,0.15000000596046448,12599,1778805449.4372275,386,1.2166184186935425,1.0975102186203003,135,7984.786356314,,,,,,,,,
,,,12647,1778805478.4301236,387,,,135,8013.779313778,1.186746597290039,0.4202999472618103,0.849999189376831,1.0717793703079224,0.14999987185001373,,,,
0.41650301218032837,0.8500000238418579,0.15000000596046448,12649,1778805483.129763,388,1.1694560050964355,1.0565130710601807,136,8018.478798006,,,,,,,,,
0.45709046721458435,0.8500000238418579,0.15000000596046448,12699,1778805512.314247,389,1.2343831062316895,1.1177892684936523,136,8047.663466607,,,,,,,,,
,,,12740,1778805537.2711604,390,,,136,8072.620429245,1.19477117061615,0.42274925112724304,0.849999189376831,1.0789679288864136,0.14999987185001373,,,,
0.43949633836746216,0.8500000238418579,0.15000000596046448,12749,1778805545.847183,391,1.1582272052764893,1.0504175424575806,137,8081.196235941,,,,,,,,,
0.43116331100463867,0.8500000238418579,0.15000000596046448,12799,1778805575.2011452,392,1.1993975639343262,1.0841624736785889,137,8110.550320545,,,,,,,,,
,,,12833,1778805595.95838,393,,,137,8131.307595878,1.190383791923523,0.4268321394920349,0.849999189376831,1.0758510828018188,0.14999987185001373,,,,
0.4047369658946991,0.8500000238418579,0.15000000596046448,12849,1778805608.9635131,394,1.2350072860717773,1.110466718673706,138,8144.312611896,,,,,,,,,
0.41313010454177856,0.8500000238418579,0.15000000596046448,12899,1778805637.8190966,395,1.168283462524414,1.0550105571746826,138,8173.168352529,,,,,,,,,
,,,12926,1778805654.7065306,396,,,138,8190.055832684,1.191380500793457,0.42682382464408875,0.849999189376831,1.0766969919204712,0.14999987185001373,,,,
0.425002783536911,0.8500000238418579,0.15000000596046448,12949,1778805672.032963,397,1.2039508819580078,1.0871086120605469,139,8207.382040904,,,,,,,,,
0.37748396396636963,0.8500000238418579,0.15000000596046448,12999,1778805700.916066,398,1.183164358139038,1.062312364578247,139,8236.265244824,,,,,,,,,
,,,13019,1778805713.824554,399,,,139,8249.173838687,1.1911736726760864,0.41940152645111084,0.849999189376831,1.0754082202911377,0.14999987185001373,,,,
0.3948708176612854,0.8500000238418579,0.15000000596046448,13049,1778805734.7931364,400,1.1505712270736694,1.0372161865234375,140,8270.14221977,,,,,,,,,
0.4236169755458832,0.8500000238418579,0.15000000596046448,13099,1778805763.7060983,401,1.1931757926940918,1.077742099761963,140,8299.055396761,,,,,,,,,
,,,13112,1778805772.3060348,402,,,140,8307.655281623,1.1924012899398804,0.42025503516197205,0.849999189376831,1.0765796899795532,0.14999987185001373,,,,
0.40922272205352783,0.8500000238418579,0.15000000596046448,13149,1778805797.553374,403,1.2133986949920654,1.0927722454071045,141,8332.902413555,,,,,,,,,
0.3822570741176605,0.8500000238418579,0.15000000596046448,13199,1778805826.406669,404,1.1809141635894775,1.0611156225204468,141,8361.755835458,,,,,,,,,
,,,13205,1778805831.0982225,405,,,141,8366.447416209,1.1935750246047974,0.4257364273071289,0.849999189376831,1.0783993005752563,0.14999987185001373,,,,
0.39395275712013245,0.8500000238418579,0.15000000596046448,13249,1778805860.274882,406,1.0887260437011719,0.9845101237297058,142,8395.623948686,,,,,,,,,
,,,13298,1778805890.184884,407,,,142,8425.534224661,1.1859619617462158,0.42257311940193176,0.849999189376831,1.07145357131958,0.14999987185001373,,,,
0.3750761151313782,0.8500000238418579,0.15000000596046448,13299,1778805894.208562,408,1.163187026977539,1.0449703931808472,143,8429.55766628,,,,,,,,,
0.41885465383529663,0.8500000238418579,0.15000000596046448,13349,1778805923.1791956,409,1.2239673137664795,1.1032004356384277,143,8458.528317728,,,,,,,,,
,,,13391,1778805948.7029388,410,,,143,8484.052300325,1.1889418363571167,0.4153798520565033,0.849999189376831,1.0729076862335205,0.14999987185001373,,,,
0.4184090495109558,0.8500000238418579,0.15000000596046448,13399,1778805957.0540624,411,1.1139519214630127,1.0096205472946167,144,8492.403098606,,,,,,,,,
0.4253520369529724,0.8500000238418579,0.15000000596046448,13449,1778805986.0881662,412,1.155301570892334,1.0458091497421265,144,8521.437219518,,,,,,,,,
,,,13484,1778806007.361293,413,,,144,8542.710676746,1.1830576658248901,0.42420443892478943,0.849999189376831,1.0692294836044312,0.14999987185001373,,,,
0.42145413160324097,0.8500000238418579,0.15000000596046448,13499,1778806019.663467,414,1.177492618560791,1.0640869140625,145,8555.012588881,,,,,,,,,
0.4079810082912445,0.8500000238418579,0.15000000596046448,13549,1778806048.9458535,415,1.164820671081543,1.0512946844100952,145,8584.294933957,,,,,,,,,
,,,13577,1778806066.273567,416,,,145,8601.622934058,1.1903825998306274,0.42376238107681274,0.849999189376831,1.0753895044326782,0.14999987185001373,,,,
0.4154329299926758,0.8500000238418579,0.15000000596046448,13599,1778806082.8536365,417,1.166201114654541,1.0535858869552612,146,8618.202690139,,,,,,,,,
0.41717398166656494,0.8500000238418579,0.15000000596046448,13649,1778806111.736339,418,1.1846710443496704,1.0695464611053467,146,8647.085744912,,,,,,,,,
,,,13670,1778806125.2429073,419,,,146,8660.592377174,1.1881684064865112,0.4271709620952606,0.849999189376831,1.0740187168121338,0.14999987185001373,,,,
0.44681018590927124,0.8500000238418579,0.15000000596046448,13699,1778806145.7417207,420,1.2268900871276855,1.1098780632019043,147,8681.090816112,,,,,,,,,
0.40762782096862793,0.8500000238418579,0.15000000596046448,13749,1778806174.5993261,421,1.1530002355575562,1.0411944389343262,147,8709.948763103,,,,,,,,,
,,,13763,1778806183.8908577,422,,,147,8719.239981259,1.1932216882705688,0.43275928497314453,0.849999189376831,1.0791524648666382,0.14999987185001373,,,,
0.43303894996643066,0.8500000238418579,0.15000000596046448,13799,1778806208.7720628,423,1.2331194877624512,1.113107442855835,148,8744.121112989,,,,,,,,,
0.36712759733200073,0.8500000238418579,0.15000000596046448,13849,1778806237.6646922,424,1.1260623931884766,1.012222170829773,148,8773.014012751,,,,,,,,,
,,,13856,1778806242.5475,425,,,148,8777.896718834,1.1910264492034912,0.4221406877040863,0.849999189376831,1.0756936073303223,0.14999987185001373,,,,
0.40647488832473755,0.8500000238418579,0.15000000596046448,13899,1778806271.4472363,426,1.2464625835418701,1.1204644441604614,149,8806.796320061,,,,,,,,,
0.4173715114593506,0.8500000238418579,0.15000000596046448,13949,1778806300.253198,427,1.198341965675354,1.0811964273452759,149,8835.602389403,,,,,,,,,
,,,13949,1778806301.4199848,428,,,149,8836.769229803,1.1807727813720703,0.4252491891384125,0.849999189376831,1.0674442052841187,0.14999987185001373,,,,
0.4289628565311432,0.8500000238418579,0.15000000596046448,13999,1778806334.0260477,429,1.1350364685058594,1.029125452041626,150,8869.3750828,,,,,,,,,
,,,14042,1778806360.0370834,430,,,150,8895.386426888,1.1925404071807861,0.4213942587375641,0.849999189376831,1.0768682956695557,0.14999987185001373,,,,
0.4150692820549011,0.8500000238418579,0.15000000596046448,14049,1778806367.6993191,431,1.1811459064483643,1.0662344694137573,151,8903.048406545,,,,,,,,,
0.39288145303726196,0.8500000238418579,0.15000000596046448,14099,1778806396.6002424,432,1.140105962753296,1.028022289276123,151,8931.949358056,,,,,,,,,
,,,14135,1778806418.8526413,433,,,151,8954.202427817,1.1824702024459839,0.4235476553440094,0.849999189376831,1.0686322450637817,0.14999987185001373,,,,
0.4260243773460388,0.8500000238418579,0.15000000596046448,14149,1778806430.5664287,434,1.179722547531128,1.066667914390564,152,8965.915563522,,,,,,,,,
0.4013345241546631,0.8500000238418579,0.15000000596046448,14199,1778806459.7250319,435,1.2065637111663818,1.0857794284820557,152,8995.074088836,,,,,,,,,
,,,14228,1778806477.6925905,436,,,152,9013.04192424,1.1882128715515137,0.41989070177078247,0.849999189376831,1.0729646682739258,0.14999987185001373,,,,
0.4717932343482971,0.8500000238418579,0.15000000596046448,14249,1778806493.2704656,437,1.1916396617889404,1.083662748336792,153,9028.619623833,,,,,,,,,
0.40609249472618103,0.8500000238418579,0.15000000596046448,14299,1778806522.2036986,438,1.1266183853149414,1.018539547920227,153,9057.552791157,,,,,,,,,
,,,14321,1778806536.1135557,439,,,153,9071.46276024,1.1850924491882324,0.42670738697052,0.849999189376831,1.0713346004486084,0.14999987185001373,,,,
0.42594993114471436,0.8500000238418579,0.15000000596046448,14349,1778806555.9989665,440,1.2077641487121582,1.0904920101165771,154,9091.348116963,,,,,,,,,
0.3963536024093628,0.8500000238418579,0.15000000596046448,14399,1778806584.7479134,441,1.1671466827392578,1.051527738571167,154,9120.096928734,,,,,,,,,
,,,14414,1778806594.4414554,442,,,154,9129.790714888,1.1834567785263062,0.4206532835960388,0.849999189376831,1.0690363645553589,0.14999987185001373,,,,
,,,14415,1778807129.469319,443,,,155,9664.818624808,,,,,,1.2760258913040161,9.537461280822754,0.4414209723472595,3.129368782043457
